GEOID,NAME,pop,percent_pov
20171,Scott,4949,2.3
48033,Borden,665,2.6
51610,Falls Church,14067,2.7
49029,Morgan,11391,3
8035,Douglas,328614,3.5
48431,Sterling,1141,3.5
46083,Lincoln,54914,3.7
51107,Loudoun,385143,3.7
38081,Sargent,3883,3.8
27019,Carver,100416,4
46021,Campbell,1435,4
8047,Gilpin,5924,4.1
30019,Daniels,1753,4.2
47187,Williamson,218648,4.3
8039,Elbert,25162,4.4
20203,Wichita,2143,4.4
46119,Sully,1331,4.4
27171,Wright,132745,4.5
51179,Stafford,144012,4.5
51735,Poquoson,12039,4.5
55109,St. Croix,87917,4.5
8111,San Juan,544,4.6
34027,Morris,494383,4.6
39041,Delaware,197008,4.6
39165,Warren,226564,4.6
18057,Hamilton,316095,4.7
27163,Washington,253317,4.7
33015,Rockingham,305129,4.7
34035,Somerset,330176,4.7
38075,Renville,2495,4.7
46117,Stanley,2997,4.7
49009,Daggett,612,4.7
51199,York,67587,4.7
34019,Hunterdon,125051,4.8
51127,New Kent,21103,4.8
55131,Washington,134535,4.8
19119,Lyon,11769,4.9
31081,Hamilton,9178,4.9
51065,Fluvanna,26282,4.9
55133,Waukesha,398879,4.9
8014,Broomfield,66120,5
17133,Monroe,33936,5
20179,Sheridan,2506,5.1
24009,Calvert,91082,5.1
31073,Gosper,2015,5.1
34037,Sussex,142298,5.1
17093,Kendall,124626,5.3
18063,Hendricks,160940,5.3
24013,Carroll,167522,5.3
30033,Garfield,1141,5.3
35028,Los Alamos,18356,5.3
36079,Putnam,99070,5.3
38021,Dickey,4970,5.3
48259,Kendall,41982,5.3
51075,Goochland,22482,5.3
51145,Powhatan,28574,5.3
18011,Boone,64321,5.4
24027,Howard,315327,5.4
30083,Richland,11360,5.4
31153,Sarpy,178351,5.4
55089,Ozaukee,88284,5.4
8019,Clear Creek,9379,5.5
8093,Park,17392,5.5
21185,Oldham,65374,5.5
24035,Queen Anne's,49355,5.5
27039,Dodge,20582,5.5
31135,Perkins,2907,5.5
38087,Slope,704,5.5
46045,Edmunds,3940,5.5
49011,Davis,340621,5.5
13113,Fayette,111369,5.6
20091,Johnson,585502,5.6
26093,Livingston,188482,5.6
27025,Chisago,54727,5.6
29183,St. Charles,389985,5.6
51085,Hanover,104449,5.6
20197,Wabaunsee,6888,5.7
36059,Nassau,1356564,5.7
48397,Rockwall,93642,5.7
51099,King George,25890,5.7
55015,Calumet,49807,5.7
27139,Scott,143372,5.8
38073,Ransom,5361,5.8
46057,Hamlin,6000,5.8
13117,Forsyth,219880,5.9
13219,Oconee,37017,5.9
17147,Piatt,16427,5.9
19049,Dallas,84002,5.9
20069,Gray,6037,6
24003,Anne Arundel,567696,6
27157,Wabasha,21500,6
38091,Steele,1910,6
51079,Greene,19410,6
16081,Teton,11080,6.1
18115,Ohio,5887,6.1
19075,Grundy,12341,6.1
24017,Charles,157671,6.1
27003,Anoka,347431,6.1
31011,Boone,5313,6.1
31103,Keya Paha,792,6.1
39055,Geauga,93961,6.1
42017,Bucks,626370,6.1
51061,Fauquier,69115,6.1
20033,Comanche,1780,6.2
26089,Leelanau,21639,6.2
36091,Saratoga,227377,6.2
42091,Montgomery,821301,6.2
51059,Fairfax,1143529,6.2
51069,Frederick,85153,6.2
56033,Sheridan,30012,6.2
48065,Carson,6032,6.3
48205,Hartley,5767,6.3
19031,Cedar,18445,6.4
20167,Russell,6977,6.4
27037,Dakota,418201,6.4
30095,Stillwater,9410,6.4
31025,Cass,25702,6.4
39103,Medina,177257,6.4
25021,Norfolk,698249,6.5
34005,Burlington,446367,6.5
38033,Golden Valley,1882,6.5
48243,Jeff Davis,2234,6.5
49043,Summit,40511,6.5
19147,Palo Alto,9055,6.6
38013,Burke,2213,6.6
38097,Traill,8019,6.6
38103,Wells,4055,6.6
48085,Collin,944350,6.6
8095,Phillips,4318,6.7
19121,Madison,15890,6.7
39137,Putnam,33969,6.7
46061,Hanson,3397,6.7
48137,Edwards,2055,6.7
48491,Williamson,527057,6.7
49045,Tooele,65185,6.7
56011,Crook,7410,6.7
13145,Harris,33590,6.8
17043,DuPage,931743,6.8
19167,Sioux,34825,6.8
32017,Lincoln,5174,6.8
42029,Chester,517156,6.8
51153,Prince William,456749,6.8
9007,Middlesex,163368,6.9
9013,Tolland,151269,6.9
19181,Warren,49361,6.9
24031,Montgomery,1040133,6.9
29165,Platte,98824,6.9
30007,Broadwater,5834,6.9
36041,Hamilton,4575,6.9
38105,Williams,34061,6.9
39107,Mercer,40806,6.9
39159,Union,55654,6.9
48155,Foard,1408,6.9
6081,San Mateo,765935,7
8037,Eagle,54357,7
9005,Litchfield,183031,7
17197,Will,688697,7
25001,Barnstable,213690,7
31039,Cuming,8991,7
34003,Bergen,929999,7
38067,Pembina,7016,7
17111,McHenry,307789,7.1
18059,Hancock,73830,7.1
21015,Boone,129095,7.1
24021,Frederick,248472,7.1
27059,Isanti,38974,7.1
27141,Sherburne,93231,7.1
27143,Sibley,14912,7.1
36103,Suffolk,1487901,7.1
38057,Mercer,8570,7.1
46107,Potter,2326,7.1
46127,Union,15177,7.1
48261,Kenedy,595,7.1
51041,Chesterfield,339447,7.1
56039,Teton,23059,7.1
8097,Pitkin,17909,7.2
17203,Woodford,38817,7.2
29151,Osage,13619,7.2
32009,Esmeralda,981,7.2
33013,Merrimack,149452,7.2
38031,Foster,3290,7.2
49051,Wasatch,30523,7.2
51013,Arlington,231803,7.2
18087,LaGrange,38942,7.3
27121,Pope,10980,7.3
31139,Pierce,7157,7.3
46003,Aurora,2759,7.3
48011,Armstrong,1916,7.3
48095,Concho,4233,7.3
8059,Jefferson,570427,7.4
19037,Chickasaw,12099,7.4
20129,Morton,2838,7.4
27101,Murray,8353,7.4
31149,Rock,1350,7.4
34015,Gloucester,290852,7.4
34025,Monmouth,623387,7.4
42041,Cumberland,247433,7.4
46043,Douglas,2930,7.4
46093,Meade,27424,7.4
51161,Roanoke,93583,7.4
18113,Noble,47451,7.5
20135,Ness,2955,7.5
27089,Marshall,9392,7.5
31023,Butler,8067,7.5
31071,Garfield,1975,7.5
31159,Seward,17127,7.5
38047,Logan,1927,7.5
6041,Marin,260295,7.6
18173,Warrick,61928,7.6
20109,Logan,2810,7.6
20195,Trego,2858,7.6
24025,Harford,251025,7.6
25023,Plymouth,512135,7.6
27055,Houston,18663,7.6
27093,Meeker,23079,7.6
44001,Bristol,48900,7.6
48103,Crane,4839,7.6
50013,Grand Isle,6965,7.6
51810,Virginia Beach,450135,7.6
55045,Green,36864,7.6
55117,Sheboygan,115205,7.6
16051,Jefferson,27969,7.7
20027,Clay,8142,7.7
20095,Kingman,7470,7.7
20121,Miami,33127,7.7
30055,McCone,1630,7.7
32011,Eureka,1830,7.7
50001,Addison,36939,7.7
50011,Franklin,49025,7.7
55049,Iowa,23620,7.7
56029,Park,29121,7.7
27015,Brown,25211,7.8
27063,Jackson,10047,7.8
31143,Polk,5255,7.8
34041,Warren,106293,7.8
38011,Bowman,3195,7.8
46051,Grant,7217,7.8
48157,Fort Bend,739342,7.8
51095,James City,74153,7.8
53069,Wahkiakum,4189,7.8
6085,Santa Clara,1922200,7.9
19083,Hardin,17127,7.9
25017,Middlesex,1595192,7.9
29047,Clay,239164,7.9
30097,Sweet Grass,3653,7.9
31113,Logan,886,7.9
32029,Storey,3941,7.9
47127,Moore,6322,7.9
6061,Placer,380077,8
19015,Boone,26399,8
19059,Dickinson,17056,8
20087,Jefferson,18888,8
20163,Rooks,5118,8
25007,Dukes,17313,8
44003,Kent,163861,8
51023,Botetourt,33222,8
51177,Spotsylvania,131412,8
6055,Napa,140530,8.1
8045,Garfield,58538,8.1
13057,Cherokee,241910,8.1
18159,Tipton,15218,8.1
19081,Hancock,10888,8.1
31177,Washington,20219,8.1
33011,Hillsborough,411087,8.1
38039,Griggs,2266,8.1
38051,McIntosh,2654,8.1
38059,Morton,30544,8.1
48121,Denton,807047,8.1
53061,Snohomish,786620,8.1
17071,Henderson,6884,8.2
17189,Washington,14155,8.2
19017,Bremer,24782,8.2
19095,Iowa,16207,8.2
28121,Rankin,151240,8.2
29157,Perry,19146,8.2
30039,Granite,3269,8.2
31115,Loup,585,8.2
37055,Dare,35741,8.2
38055,McLean,9608,8.2
47189,Wilson,132663,8.2
48091,Comal,135097,8.2
49001,Beaver,6443,8.2
51047,Culpeper,50450,8.2
55021,Columbia,56954,8.2
56009,Converse,13997,8.2
6091,Sierra,2930,8.3
8119,Teller,24113,8.3
17085,Jo Daviess,21834,8.3
17097,Lake,703619,8.3
20097,Kiowa,2526,8.3
24037,St. Mary's,111531,8.3
27041,Douglas,37203,8.3
31141,Platte,33063,8.3
38001,Adams,2351,8.3
38015,Burleigh,93737,8.3
39085,Lake,230052,8.3
42019,Butler,186566,8.3
46073,Jerauld,2029,8.3
46091,Marshall,4895,8.3
48367,Parker,129802,8.3
48435,Sutton,3865,8.3
51033,Caroline,30184,8.3
51113,Madison,13139,8.3
55029,Door,27439,8.3
1117,Shelby,211261,8.4
12109,St. Johns,235503,8.4
18047,Franklin,22842,8.4
19189,Winnebago,10571,8.4
21215,Spencer,18246,8.4
23031,York,203102,8.4
30069,Petroleum,432,8.4
31029,Chase,3734,8.4
31089,Holt,10245,8.4
31155,Saunders,21024,8.4
31169,Thayer,5098,8.4
40017,Canadian,136710,8.4
49019,Grand,9616,8.4
51021,Bland,6447,8.4
51119,Middlesex,10700,8.4
56035,Sublette,9951,8.4
5125,Saline,118009,8.5
16029,Caribou,6918,8.5
17107,Logan,29207,8.5
19055,Delaware,17258,8.5
20047,Edwards,2925,8.5
20071,Greeley,1200,8.5
26139,Ottawa,284034,8.5
27073,Lac qui Parle,6773,8.5
27075,Lake,10569,8.5
34023,Middlesex,826698,8.5
41005,Clackamas,405788,8.5
42099,Perry,45924,8.5
46063,Harding,1311,8.5
48159,Franklin,10679,8.5
49055,Wayne,2694,8.5
51045,Craig,5113,8.5
51073,Gloucester,37161,8.5
54065,Morgan,17624,8.5
55061,Kewaunee,20360,8.5
13103,Effingham,58689,8.6
17179,Tazewell,133852,8.6
19129,Mills,14957,8.6
19191,Winneshiek,20401,8.6
25019,Nantucket,11101,8.6
26125,Oakland,1250843,8.6
29003,Andrew,17403,8.6
38007,Billings,946,8.6
38049,McHenry,5927,8.6
44005,Newport,83075,8.6
51137,Orange,35612,8.6
51683,Manassas,41457,8.6
53029,Island,81636,8.6
55085,Oneida,35345,8.6
55087,Outagamie,184754,8.6
55121,Trempealeau,29438,8.6
8067,La Plata,55101,8.7
13085,Dawson,23861,8.7
18081,Johnson,151564,8.7
18181,White,24217,8.7
19165,Shelby,11694,8.7
20145,Pawnee,6709,8.7
26015,Barry,60057,8.7
31123,Morrill,4841,8.7
33001,Belknap,60640,8.7
39011,Auglaize,45784,8.7
48381,Randall,132475,8.7
51600,Fairfax,23865,8.7
55027,Dodge,87776,8.7
9001,Fairfield,944348,8.8
12119,Sumter,120999,8.8
13073,Columbia,147295,8.8
17063,Grundy,50509,8.8
17155,Putnam,5746,8.8
18073,Jasper,33449,8.8
18161,Union,7153,8.8
19027,Carroll,20344,8.8
20067,Grant,7616,8.8
27079,Le Sueur,27983,8.8
30043,Jefferson,11778,8.8
31137,Phelps,9120,8.8
31167,Stanton,5992,8.8
38089,Stark,30876,8.8
42001,Adams,102023,8.8
48269,King,228,8.8
6017,El Dorado,186661,8.9
8113,San Miguel,7968,8.9
19073,Greene,9003,8.9
20103,Leavenworth,80042,8.9
24033,Prince George's,906202,8.9
27085,McLeod,35825,8.9
27109,Olmsted,153065,8.9
37179,Union,226694,8.9
38025,Dunn,4387,8.9
40003,Alfalfa,5857,8.9
40087,McClain,38634,8.9
51157,Rappahannock,7332,8.9
55055,Jefferson,84652,8.9
8005,Arapahoe,636671,9
17027,Clinton,37628,9
19043,Clayton,17672,9
19131,Mitchell,10631,9
19149,Plymouth,25039,9
38065,Oliver,1837,9
46059,Hand,3301,9
48329,Midland,164194,9
48501,Yoakum,8571,9
51550,Chesapeake,237820,9
55039,Fond du Lac,102315,9
6013,Contra Costa,1133247,9.1
19001,Adair,7124,9.1
28033,DeSoto,176132,9.1
30105,Valley,7532,9.1
31027,Cedar,8523,9.1
31069,Garden,1860,9.1
36027,Dutchess,293894,9.1
38101,Ward,69034,9.1
39149,Shelby,48797,9.1
42095,Northampton,301778,9.1
46097,Miner,2229,9.1
48335,Mitchell,8558,9.1
51019,Bedford,77908,9.1
51775,Salem,25519,9.1
55069,Lincoln,27848,9.1
56023,Lincoln,19011,9.1
6069,San Benito,59416,9.2
17083,Jersey,22069,9.2
17139,Moultrie,14703,9.2
18183,Whitley,33649,9.2
19011,Benton,25626,9.2
20105,Lincoln,3097,9.2
20153,Rawlins,2509,9.2
24005,Baltimore,827625,9.2
27077,Lake of the Woods,3809,9.2
27111,Otter Tail,57992,9.2
27161,Waseca,18809,9.2
31183,Wheeler,822,9.2
36119,Westchester,968815,9.2
48039,Brazoria,353999,9.2
51015,Augusta,74701,9.2
51103,Lancaster,10804,9.2
54079,Putnam,56652,9.2
19183,Washington,22143,9.3
19195,Worth,7489,9.3
20115,Marion,12032,9.3
24047,Worcester,51564,9.3
26037,Clinton,77896,9.3
27167,Wilkin,6343,9.3
32005,Douglas,47828,9.3
42125,Washington,207547,9.3
48009,Archer,8789,9.3
48139,Ellis,168838,9.3
49003,Box Elder,53001,9.3
51149,Prince George,37894,9.3
53011,Clark,465384,9.3
13223,Paulding,155840,9.4
18013,Brown,15034,9.4
18147,Spencer,20526,9.4
19023,Butler,14735,9.4
20117,Marshall,9798,9.4
20127,Morris,5566,9.4
24015,Cecil,102517,9.4
31097,Johnson,5197,9.4
38077,Richland,16288,9.4
39045,Fairfield,152910,9.4
39051,Fulton,42305,9.4
39109,Miami,104800,9.4
40053,Grant,4418,9.4
44009,Washington,126242,9.4
55011,Buffalo,13167,9.4
55073,Marathon,135264,9.4
55083,Oconto,37556,9.4
17065,Hamilton,8221,9.5
18179,Wells,27947,9.5
19005,Allamakee,13880,9.5
19019,Buchanan,21125,9.5
19071,Fremont,6968,9.5
19113,Linn,222121,9.5
20023,Cheyenne,2677,9.5
24041,Talbot,37211,9.5
26019,Benzie,17552,9.5
26047,Emmet,33039,9.5
31077,Greeley,2410,9.5
31105,Kimball,3667,9.5
36031,Essex,37751,9.5
37149,Polk,20458,9.5
38041,Hettinger,2576,9.5
39025,Clermont,203216,9.5
39175,Wyandot,22107,9.5
40131,Rogers,90814,9.5
46077,Kingsbury,4967,9.5
46115,Spink,6543,9.5
47165,Sumner,179473,9.5
48031,Blanco,11279,9.5
48173,Glasscock,1430,9.5
48187,Guadalupe,155137,9.5
51165,Rockingham,79444,9.5
53033,King,2163257,9.5
6111,Ventura,848112,9.6
13227,Pickens,30832,9.6
16077,Power,7713,9.6
17129,Menard,12367,9.6
20065,Graham,2545,9.6
27103,Nicollet,33783,9.6
30021,Dawson,9191,9.6
33003,Carroll,47840,9.6
36069,Ontario,109472,9.6
38099,Walsh,10802,9.6
41067,Washington,581821,9.6
48345,Motley,1156,9.6
56025,Natrona,80610,9.6
6005,Amador,37829,9.7
12115,Sarasota,412144,9.7
19035,Cherokee,11468,9.7
19079,Hamilton,15110,9.7
19125,Marion,33207,9.7
19141,O'Brien,13911,9.7
20147,Phillips,5408,9.7
20149,Pottawatomie,23545,9.7
23005,Cumberland,290944,9.7
24023,Garrett,29376,9.7
27133,Rock,9413,9.7
29189,St. Louis,998684,9.7
30025,Fallon,2838,9.7
31007,Banner,696,9.7
31145,Red Willow,10806,9.7
39069,Henry,27316,9.7
51685,Manassas Park,16423,9.7
53035,Kitsap,262475,9.7
54037,Jefferson,56179,9.7
12113,Santa Rosa,170442,9.8
13047,Catoosa,66299,9.8
19099,Jasper,36891,9.8
19109,Kossuth,15075,9.8
20165,Rush,3102,9.8
23023,Sagadahoc,35277,9.8
27113,Pennington,14184,9.8
27125,Red Lake,4008,9.8
27135,Roseau,15462,9.8
29037,Cass,102678,9.8
29073,Gasconade,14746,9.8
30017,Custer,11845,9.8
31067,Gage,21595,9.8
34039,Union,553066,9.8
37183,Wake,1046558,9.8
42047,Elk,30608,9.8
46039,Deuel,4306,9.8
49035,Salt Lake,1120805,9.8
51003,Albemarle,106355,9.8
55037,Florence,4337,9.8
55093,Pierce,41603,9.8
55095,Polk,43349,9.8
5007,Benton,258980,9.9
8091,Ouray,4722,9.9
17141,Ogle,51328,9.9
18043,Floyd,76809,9.9
20113,McPherson,28630,9.9
27023,Chippewa,12010,9.9
27049,Goodhue,46217,9.9
30111,Yellowstone,157816,9.9
33005,Cheshire,76263,9.9
33009,Grafton,89811,9.9
36053,Madison,71359,9.9
48327,Menard,2123,9.9
48339,Montgomery,554445,9.9
8087,Morgan,28257,10
13067,Cobb,745057,10
16085,Valley,10401,10
17009,Brown,6675,10
17089,Kane,530839,10
18019,Clark,115702,10
19157,Poweshiek,18605,10
20085,Jackson,13318,10
20131,Nemaha,10104,10
31033,Cheyenne,9852,10
31059,Fillmore,5574,10
33017,Strafford,128237,10
37053,Currituck,25796,10
38019,Cavalier,3824,10
38043,Kidder,2460,10
41027,Hood River,23131,10
42045,Delaware,563527,10
42071,Lancaster,538347,10
42103,Pike,55498,10
42129,Westmoreland,354751,10
42133,York,444014,10
46087,McCook,5511,10
46129,Walworth,5510,10
48021,Bastrop,82577,10
50027,Windsor,55427,10
51043,Clarke,14365,10
51087,Henrico,325642,10
51093,Isle of Wight,36372,10
55119,Taylor,20356,10
56021,Laramie,97692,10
8015,Chaffee,19164,10.1
8063,Kit Carson,7635,10.1
8117,Summit,30429,10.1
18051,Gibson,33596,10.1
18107,Montgomery,38276,10.1
18129,Posey,25589,10.1
19085,Harrison,14143,10.1
19105,Jones,20568,10.1
19159,Ringgold,4984,10.1
26055,Grand Traverse,91746,10.1
26087,Lapeer,88202,10.1
27147,Steele,36676,10.1
30009,Carbon,10546,10.1
31185,York,13799,10.1
38009,Bottineau,6589,10.1
38061,Mountrail,10152,10.1
39037,Darke,51734,10.1
51101,King William,16497,10.1
55115,Shawano,41009,10.1
6027,Inyo,18085,10.2
9011,New London,268881,10.2
12089,Nassau,80578,10.2
18015,Carroll,19994,10.2
18029,Dearborn,49501,10.2
18069,Huntington,36378,10.2
18127,Porter,168041,10.2
19009,Audubon,5637,10.2
29005,Atchison,5270,10.2
29043,Christian,84275,10.2
31049,Deuel,1894,10.2
38029,Emmons,3352,10.2
39097,Madison,43988,10.2
39117,Morrow,34976,10.2
51175,Southampton,17939,10.2
6097,Sonoma,501317,10.3
17047,Edwards,6507,10.3
18085,Kosciusko,78806,10.3
19139,Muscatine,42950,10.3
20059,Franklin,25563,10.3
22023,Cameron,6868,10.3
26005,Allegan,115250,10.3
27107,Norman,6559,10.3
29099,Jefferson,223302,10.3
31005,Arthur,418,10.3
31057,Dundy,2023,10.3
31063,Frontier,2609,10.3
39125,Paulding,18872,10.3
42055,Franklin,153751,10.3
46111,Sanborn,2388,10.3
55009,Brown,259786,10.3
55141,Wood,73274,10.3
6051,Mono,14174,10.4
6095,Solano,438530,10.4
13151,Henry,221307,10.4
18171,Warren,8247,10.4
19107,Keokuk,10200,10.4
19173,Taylor,6201,10.4
20143,Ottawa,5902,10.4
25011,Franklin,70935,10.4
25027,Worcester,822280,10.4
27051,Grant,5938,10.4
27081,Lincoln,5707,10.4
27129,Renville,14721,10.4
30075,Powder River,1619,10.4
39123,Ottawa,40709,10.4
42075,Lebanon,138674,10.4
48003,Andrews,17818,10.4
48325,Medina,49334,10.4
51187,Warren,39449,10.4
55111,Sauk,63596,10.4
9015,Windham,116538,10.5
12085,Martin,157581,10.5
13211,Morgan,18235,10.5
18061,Harrison,39712,10.5
19093,Ida,6916,10.5
20015,Butler,66468,10.5
27035,Crow Wing,63855,10.5
27067,Kandiyohi,42658,10.5
31031,Cherry,5790,10.5
31093,Howard,6405,10.5
36107,Tioga,49045,10.5
36113,Warren,64480,10.5
38003,Barnes,10836,10.5
38063,Nelson,2920,10.5
40059,Harper,3847,10.5
41007,Clatsop,38562,10.5
42131,Wyoming,27588,10.5
46067,Hutchinson,7315,10.5
48493,Wilson,48198,10.5
1003,Baldwin,208107,10.6
6001,Alameda,1643700,10.6
8123,Weld,295123,10.6
12019,Clay,207291,10.6
17195,Whiteside,56396,10.6
19161,Sac,9868,10.6
21029,Bullitt,79466,10.6
21221,Trigg,14344,10.6
26115,Monroe,149699,10.6
27069,Kittson,4337,10.6
30057,Madison,8218,10.6
31015,Boyd,2042,10.6
31099,Kearney,6552,10.6
31121,Merrick,7803,10.6
31175,Valley,4224,10.6
37089,Henderson,113625,10.6
40145,Wagoner,77850,10.6
42109,Snyder,40466,10.6
46075,Jones,735,10.6
48251,Johnson,163475,10.6
51510,Alexandria,156505,10.6
55071,Manitowoc,79407,10.6
8007,Archuleta,12908,10.7
8107,Routt,24874,10.7
8121,Washington,4840,10.7
20157,Republic,4686,10.7
25009,Essex,781024,10.7
26045,Eaton,109155,10.7
27065,Kanabec,16004,10.7
27131,Rice,65765,10.7
31165,Sioux,1266,10.7
31171,Thomas,645,10.7
34029,Ocean,591939,10.7
38017,Cass,174202,10.7
41021,Gilliam,1907,10.7
46125,Turner,8264,10.7
48221,Hood,56901,10.7
48317,Martin,5614,10.7
50021,Rutland,59273,10.7
55135,Waupaca,51444,10.7
18033,DeKalb,42704,10.8
19087,Henry,19926,10.8
26029,Charlevoix,26219,10.8
26111,Midland,83389,10.8
29051,Cole,76740,10.8
29071,Franklin,102781,10.8
33019,Sullivan,43125,10.8
39039,Defiance,38279,10.8
41017,Deschutes,180640,10.8
46099,Minnehaha,186749,10.8
48015,Austin,29565,10.8
48089,Colorado,21022,10.8
50017,Orange,28937,10.8
51115,Mathews,8796,10.8
51171,Shenandoah,43045,10.8
51800,Suffolk,89160,10.8
55065,Lafayette,16735,10.8
6075,San Francisco,870044,10.9
8041,El Paso,688153,10.9
17103,Lee,34527,10.9
19127,Marshall,40271,10.9
21179,Nelson,45388,10.9
23013,Knox,39823,10.9
27057,Hubbard,20862,10.9
27097,Morrison,32949,10.9
28089,Madison,103498,10.9
29049,Clinton,20475,10.9
29129,Mercer,3664,10.9
31065,Furnas,4786,10.9
31107,Knox,8460,10.9
32033,White Pine,9737,10.9
36121,Wyoming,40565,10.9
37025,Cabarrus,201448,10.9
42007,Beaver,166896,10.9
46009,Bon Homme,6969,10.9
48023,Baylor,3591,10.9
48149,Fayette,25066,10.9
48263,Kent,749,10.9
55017,Chippewa,63635,10.9
13157,Jackson,65755,11
16001,Ada,446052,11
17007,Boone,53606,11
17039,De Witt,16042,11
18037,Dubois,42418,11
18151,Steuben,34474,11
20025,Clark,2053,11
20053,Ellsworth,6293,11
22103,St. Tammany,252093,11
27045,Fillmore,20888,11
27053,Hennepin,1235478,11
27155,Traverse,3337,11
30091,Sheridan,3574,11
31181,Webster,3571,11
39021,Champaign,38864,11
48053,Burnet,45750,11
53067,Thurston,274684,11
9003,Hartford,894730,11.1
12015,Charlotte,176954,11.1
13077,Coweta,140516,11.1
17015,Carroll,14562,11.1
19077,Guthrie,10674,11.1
19115,Louisa,11223,11.1
19153,Polk,474274,11.1
19155,Pottawattamie,93503,11.1
20193,Thomas,7824,11.1
34009,Cape May,93705,11.1
37073,Gates,11563,11.1
39075,Holmes,43859,11.1
39161,Van Wert,28281,11.1
42093,Montour,18294,11.1
45013,Beaufort,182658,11.1
48379,Rains,11473,11.1
55047,Green Lake,18757,11.1
56005,Campbell,47708,11.1
17041,Douglas,19714,11.2
17123,Marshall,11794,11.2
17173,Shelby,21832,11.2
18145,Shelby,44399,11.2
20075,Hamilton,2616,11.2
20079,Harvey,34555,11.2
23009,Hancock,54541,11.2
30049,Lewis and Clark,67077,11.2
30079,Prairie,1342,11.2
31041,Custer,10830,11.2
31083,Harlan,3438,11.2
31131,Otoe,15896,11.2
37029,Camden,10447,11.2
46065,Hughes,17617,11.2
49049,Utah,590440,11.2
53053,Pierce,859840,11.2
8049,Grand,15066,11.3
8061,Kiowa,1449,11.3
18109,Morgan,69727,11.3
26099,Macomb,868704,11.3
27117,Pipestone,9185,11.3
31125,Nance,3554,11.3
36117,Wayne,90856,11.3
42119,Union,45114,11.3
48281,Lampasas,20640,11.3
49057,Weber,247731,11.3
50003,Bennington,35920,11.3
51017,Bath,4393,11.3
51071,Giles,16814,11.3
55137,Waushara,24116,11.3
6057,Nevada,99092,11.4
10003,New Castle,555133,11.4
12117,Seminole,455086,11.4
13135,Gwinnett,902298,11.4
16003,Adams,4019,11.4
17131,Mercer,15693,11.4
18099,Marshall,46595,11.4
19033,Cerro Gordo,42984,11.4
21157,Marshall,31166,11.4
25003,Berkshire,127328,11.4
26155,Shiawassee,68493,11.4
27011,Big Stone,5016,11.4
27127,Redwood,15331,11.4
31035,Clay,6232,11.4
31163,Sherman,3042,11.4
34021,Mercer,368762,11.4
36037,Genesee,58112,11.4
36093,Schenectady,154883,11.4
36123,Yates,25009,11.4
39089,Licking,172293,11.4
40073,Kingfisher,15618,11.4
42057,Fulton,14506,11.4
48171,Gillespie,26208,11.4
48295,Lipscomb,3469,11.4
49023,Juab,10948,11.4
49027,Millard,12733,11.4
50023,Washington,58477,11.4
51063,Floyd,15666,11.4
53055,San Juan,16473,11.4
55077,Marquette,15207,11.4
56019,Johnson,8515,11.4
6059,Orange,3164182,11.5
8001,Adams,497115,11.5
8017,Cheyenne,2039,11.5
8103,Rio Blanco,6465,11.5
12091,Okaloosa,200737,11.5
12129,Wakulla,31877,11.5
18125,Pike,12411,11.5
19003,Adams,3726,11.5
25005,Bristol,558905,11.5
32013,Humboldt,16904,11.5
40051,Grady,54733,11.5
42089,Monroe,167586,11.5
45091,York,258641,11.5
47021,Cheatham,39929,11.5
54031,Hardy,13842,11.5
55007,Bayfield,14992,11.5
17033,Crawford,19088,11.6
17049,Effingham,34174,11.6
18137,Ripley,28425,11.6
19029,Cass,13191,11.6
19145,Page,15363,11.6
20083,Hodgeman,1842,11.6
20151,Pratt,9582,11.6
22005,Ascension,121176,11.6
22089,St. Charles,52724,11.6
26003,Alger,9194,11.6
27027,Clay,62801,11.6
27043,Faribault,13896,11.6
29027,Callaway,44840,11.6
32019,Lyon,53155,11.6
37031,Carteret,68920,11.6
38045,LaMoure,4100,11.6
38071,Ramsey,11557,11.6
39063,Hancock,75690,11.6
39135,Preble,41207,11.6
40153,Woodward,20967,11.6
42127,Wayne,51536,11.6
47147,Robertson,69344,11.6
48299,Llano,20640,11.6
48389,Reeves,15125,11.6
53007,Chelan,75757,11.6
53013,Columbia,4001,11.6
53023,Garfield,2224,11.6
56015,Goshen,13438,11.6
6009,Calaveras,45235,11.7
6063,Plumas,18699,11.7
10005,Sussex,219540,11.7
19061,Dubuque,96802,11.7
19091,Humboldt,9566,11.7
19135,Monroe,7863,11.7
20199,Wallace,1575,11.7
21163,Meade,28326,11.7
30029,Flathead,98082,11.7
31021,Burt,6528,11.7
31101,Keith,8099,11.7
36011,Cayuga,77868,11.7
39129,Pickaway,57420,11.7
42005,Armstrong,66331,11.7
47009,Blount,128443,11.7
48285,Lavaca,19941,11.7
55127,Walworth,103013,11.7
56031,Platte,8673,11.7
12087,Monroe,76325,11.8
16041,Franklin,13279,11.8
17087,Johnson,12602,11.8
17185,Wabash,11573,11.8
18045,Fountain,16486,11.8
18093,Lawrence,45619,11.8
20063,Gove,2619,11.8
36071,Orange,378227,11.8
37097,Iredell,172525,11.8
38037,Grant,2380,11.8
38093,Stutsman,21064,11.8
46081,Lawrence,25234,11.8
46105,Perkins,2907,11.8
47149,Rutherford,307128,11.8
48135,Ector,158342,11.8
50007,Chittenden,162052,11.8
51031,Campbell,55170,11.8
55053,Jackson,20506,11.8
55099,Price,13490,11.8
4011,Greenlee,9504,11.9
9009,New Haven,859339,11.9
12035,Flagler,107139,11.9
17067,Hancock,18112,11.9
17073,Henry,49464,11.9
19089,Howard,9264,11.9
19117,Lucas,8597,11.9
20031,Coffey,8296,11.9
22063,Livingston,138111,11.9
29041,Chariton,7546,11.9
29053,Cooper,17622,11.9
30031,Gallatin,104729,11.9
31013,Box Butte,11089,11.9
32007,Elko,52252,11.9
36021,Columbia,60919,11.9
37037,Chatham,69791,11.9
42067,Juniata,24562,11.9
47105,Loudon,51610,11.9
49047,Uintah,36323,11.9
55025,Dane,529843,11.9
55139,Winnebago,169926,11.9
8069,Larimer,338161,12
8079,Mineral,823,12
19143,Osceola,6115,12
21209,Scott,53517,12
23015,Lincoln,34067,12
26009,Antrim,23177,12
26083,Keweenaw,2130,12
27017,Carlton,35540,12
31095,Jefferson,7188,12
36001,Albany,307426,12
36083,Rensselaer,159431,12
36115,Washington,61828,12
39043,Erie,75136,12
40093,Major,7718,12
42015,Bradford,61304,12
46013,Brown,38840,12
48359,Oldham,2090,12
51193,Westmoreland,17638,12
55005,Barron,45252,12
56037,Sweetwater,44117,12
13013,Barrow,76887,12.1
16019,Bonneville,112397,12.1
16055,Kootenai,153605,12.1
17001,Adams,66427,12.1
19041,Clay,16313,12.1
19063,Emmet,9551,12.1
19163,Scott,172288,12.1
19171,Tama,17136,12.1
20029,Cloud,9060,12.1
26027,Cass,51460,12.1
27095,Mille Lacs,25728,12.1
41009,Columbia,50851,12.1
42003,Allegheny,1225561,12.1
48283,La Salle,7409,12.1
48503,Young,18114,12.1
55101,Racine,195398,12.1
5085,Lonoke,72206,12.2
12013,Calhoun,14444,12.2
12061,Indian River,150984,12.2
20061,Geary,34895,12.2
20073,Greenwood,6156,12.2
20119,Meade,4261,12.2
20169,Saline,54977,12.2
23007,Franklin,30019,12.2
26091,Lenawee,98474,12.2
27047,Freeborn,30526,12.2
31111,Lincoln,35433,12.2
31129,Nuckolls,4275,12.2
32031,Washoe,450486,12.2
38095,Towner,2246,12.2
39057,Greene,165811,12.2
45015,Berkeley,209065,12.2
45035,Dorchester,155474,12.2
46019,Butte,10177,12.2
48357,Ochiltree,10348,12.2
48393,Roberts,885,12.2
1051,Elmore,81212,12.3
12021,Collier,363922,12.3
17045,Edgar,17539,12.3
19045,Clinton,47218,12.3
19051,Davis,8885,12.3
19151,Pocahontas,6898,12.3
21073,Franklin,50296,12.3
24029,Kent,19593,12.3
27005,Becker,33773,12.3
29013,Bates,16374,12.3
37021,Buncombe,254474,12.3
42115,Susquehanna,41340,12.3
48371,Pecos,15797,12.3
50005,Caledonia,30425,12.3
51091,Highland,2214,12.3
51109,Louisa,35380,12.3
17187,Warren,17338,12.4
18101,Martin,10210,12.4
18133,Putnam,37559,12.4
19065,Fayette,19929,12.4
19097,Jackson,19395,12.4
20191,Sumner,23208,12.4
31037,Colfax,10760,12.4
31085,Hayes,943,12.4
31127,Nemaha,7004,12.4
36099,Seneca,34612,12.4
39169,Wayne,116208,12.4
42111,Somerset,74949,12.4
45045,Greenville,498402,12.4
46029,Codington,27993,12.4
46079,Lake,12574,12.4
47119,Maury,89776,12.4
48043,Brewster,9216,12.4
49053,Washington,160537,12.4
51125,Nelson,14812,12.4
54023,Grant,11641,12.4
55033,Dunn,44498,12.4
56043,Washakie,8129,12.4
6073,San Diego,3302833,12.5
8013,Boulder,321030,12.5
12069,Lake,335362,12.5
12081,Manatee,373853,12.5
16011,Bingham,45551,12.5
18023,Clinton,32301,12.5
20041,Dickinson,19004,12.5
27033,Cottonwood,11372,12.5
29173,Ralls,10217,12.5
30067,Park,16246,12.5
31009,Blaine,480,12.5
31051,Dixon,5746,12.5
40027,Cleveland,276733,12.5
42025,Carbon,63931,12.5
42077,Lehigh,362613,12.5
48147,Fannin,34175,12.5
48497,Wise,64639,12.5
55031,Douglas,43402,12.5
55097,Portage,70599,12.5
56003,Big Horn,11901,12.5
56041,Uinta,20609,12.5
17011,Bureau,33381,12.6
17023,Clark,15836,12.6
18009,Blackford,12129,12.6
20017,Chase,2645,12.6
21117,Kenton,164688,12.6
21211,Shelby,46786,12.6
26081,Kent,643140,12.6
27009,Benton,39779,12.6
27115,Pine,29129,12.6
27119,Polk,31591,12.6
29113,Lincoln,55563,12.6
29209,Stone,31527,12.6
31003,Antelope,6372,12.6
34007,Camden,507367,12.6
37125,Moore,95629,12.6
40007,Beaver,5415,12.6
40103,Noble,11411,12.6
46135,Yankton,22717,12.6
48051,Burleson,17863,12.6
48197,Hardeman,3952,12.6
48199,Hardin,56379,12.6
48395,Robertson,16890,12.6
55019,Clark,34491,12.6
55091,Pepin,7262,12.6
12009,Brevard,576808,12.7
16043,Fremont,12965,12.7
18027,Daviess,32937,12.7
18031,Decatur,26552,12.7
18169,Wabash,31631,12.7
20081,Haskell,4047,12.7
20137,Norton,5486,12.7
20139,Osage,15882,12.7
24043,Washington,149811,12.7
27165,Watonwan,10973,12.7
30077,Powell,6861,12.7
31055,Douglas,554992,12.7
31087,Hitchcock,2843,12.7
37119,Mecklenburg,1054314,12.7
42009,Bedford,48611,12.7
42043,Dauphin,274515,12.7
42107,Schuylkill,143555,12.7
42123,Warren,40035,12.7
45063,Lexington,286316,12.7
48071,Chambers,40292,12.7
51181,Surry,6600,12.7
54003,Berkeley,113495,12.7
12099,Palm Beach,1446277,12.8
17013,Calhoun,4858,12.8
19069,Franklin,10245,12.8
19197,Wright,12804,12.8
20101,Lane,1642,12.8
20177,Shawnee,178284,12.8
20183,Smith,3663,12.8
21091,Hancock,8719,12.8
26067,Ionia,64176,12.8
26109,Menominee,23234,12.8
27099,Mower,39602,12.8
30013,Cascade,81746,12.8
32001,Churchill,24010,12.8
33007,Coos,32038,12.8
35049,Santa Fe,148917,12.8
36085,Richmond,474101,12.8
40011,Blaine,9634,12.8
42011,Berks,416642,12.8
46035,Davison,19901,12.8
46049,Faulk,2322,12.8
48311,McMullen,662,12.8
48401,Rusk,53595,12.8
49015,Emery,10248,12.8
49025,Kane,7350,12.8
51053,Dinwiddie,28308,12.8
53005,Benton,194168,12.8
53057,Skagit,123907,12.8
55023,Crawford,16288,12.8
55081,Monroe,45502,12.8
13039,Camden,52714,12.9
13297,Walton,90132,12.9
17157,Randolph,32546,12.9
17171,Scott,5047,12.9
26063,Huron,31543,12.9
26101,Manistee,24444,12.9
29087,Holt,4456,12.9
37019,Brunswick,126860,12.9
40083,Logan,46044,12.9
48439,Tarrant,2019977,12.9
53043,Lincoln,10435,12.9
8053,Hinsdale,878,13
12077,Liberty,8365,13
12103,Pinellas,957875,13
16071,Oneida,4326,13
17021,Christian,33231,13
18005,Bartholomew,81893,13
19021,Buena Vista,20260,13
20201,Washington,5525,13
27001,Aitkin,15834,13
27031,Cook,5311,13
29061,Daviess,8302,13
29107,Lafayette,32589,13
31001,Adams,31583,13
31079,Hall,61343,13
34033,Salem,63336,13
36081,Queens,2298513,13
39017,Butler,378294,13
39027,Clinton,41896,13
48257,Kaufman,118910,13
48475,Ward,11586,13
53003,Asotin,22337,13
13097,Douglas,141840,13.1
13231,Pike,18082,13.1
16015,Boise,7163,13.1
16059,Lemhi,7798,13.1
17079,Jasper,9598,13.1
17193,White,14025,13.1
18153,Sullivan,20792,13.1
18175,Washington,27827,13.1
19177,Van Buren,7223,13.1
27145,Stearns,156819,13.1
31047,Dawson,23804,13.1
31109,Lancaster,310094,13.1
39019,Carroll,27578,13.1
39133,Portage,162644,13.1
39153,Summit,541810,13.1
41055,Sherman,1605,13.1
46025,Clark,3673,13.1
46033,Custer,8573,13.1
48453,Travis,1203166,13.1
51036,Charles City,6995,13.1
54029,Hancock,29680,13.1
56007,Carbon,15477,13.1
1089,Madison,357560,13.2
1115,St. Clair,87306,13.2
8051,Gunnison,16537,13.2
13015,Bartow,103620,13.2
17151,Pope,4249,13.2
19193,Woodbury,102398,13.2
23001,Androscoggin,107444,13.2
27151,Swift,9411,13.2
29135,Moniteau,15958,13.2
31147,Richardson,8009,13.2
36095,Schoharie,31364,13.2
37035,Catawba,156729,13.2
39157,Tuscarawas,92526,13.2
48167,Galveston,327089,13.2
48433,Stonewall,1385,13.2
55063,La Crosse,117850,13.2
55075,Marinette,40537,13.2
6079,San Luis Obispo,281455,13.3
6109,Tuolumne,53932,13.3
18039,Elkhart,203604,13.3
19025,Calhoun,9780,13.3
20155,Reno,63101,13.3
23011,Kennebec,121545,13.3
25015,Hampshire,161159,13.3
26041,Delta,36190,13.3
26043,Dickinson,25570,13.3
26147,St. Clair,159566,13.3
27061,Itasca,45203,13.3
27091,Martin,19964,13.3
27153,Todd,24440,13.3
29045,Clark,6800,13.3
29219,Warren,33908,13.3
30011,Carter,1318,13.3
30099,Teton,6080,13.3
36039,Greene,47617,13.3
37101,Johnston,191172,13.3
39005,Ashland,53477,13.3
39173,Wood,129936,13.3
42061,Huntingdon,45421,13.3
46055,Haakon,2082,13.3
48265,Kerr,51365,13.3
48459,Upshur,40769,13.3
49013,Duchesne,20219,13.3
53017,Douglas,41371,13.3
53031,Jefferson,30856,13.3
55129,Washburn,15689,13.3
8073,Lincoln,5548,13.4
13011,Banks,18510,13.4
16035,Clearwater,8640,13.4
16063,Lincoln,5321,13.4
17117,Macoupin,45719,13.4
18111,Newton,14018,13.4
20141,Osborne,3603,13.4
27173,Yellow Medicine,9868,13.4
31157,Scotts Bluff,36255,13.4
36063,Niagara,211704,13.4
37135,Orange,142938,13.4
39091,Logan,45307,13.4
41065,Wasco,25866,13.4
42113,Sullivan,6177,13.4
46103,Pennington,109294,13.4
49041,Sevier,21118,13.4
50025,Windham,43150,13.4
51007,Amelia,12854,13.4
51155,Pulaski,34234,13.4
1067,Henry,17124,13.5
12011,Broward,1909151,13.5
12101,Pasco,510593,13.5
13111,Fannin,24925,13.5
17017,Cass,12665,13.5
17099,LaSalle,110401,13.5
29063,DeKalb,12564,13.5
31151,Saline,14288,13.5
38053,McKenzie,12536,13.5
40085,Love,9933,13.5
47125,Montgomery,196387,13.5
48099,Coryell,75389,13.5
48451,Tom Green,117466,13.5
51011,Appomattox,15577,13.5
51570,Colonial Heights,17593,13.5
53059,Skamania,11620,13.5
54069,Ohio,42547,13.5
8033,Dolores,1841,13.6
10001,Kent,174822,13.6
16075,Payette,23041,13.6
21139,Livingston,9263,13.6
27083,Lyon,25839,13.6
29217,Vernon,20691,13.6
36051,Livingston,63907,13.6
37169,Stokes,45905,13.6
39013,Belmont,68472,13.6
39073,Hocking,28495,13.6
39077,Huron,58457,13.6
39143,Sandusky,59299,13.6
40151,Woods,9127,13.6
48077,Clay,10387,13.6
54009,Brooke,22772,13.6
55013,Burnett,15258,13.6
55059,Kenosha,168330,13.6
55105,Rock,161769,13.6
55125,Vilas,21593,13.6
1083,Limestone,93052,13.7
17119,Madison,265670,13.7
18131,Pulaski,12660,13.7
30045,Judith Basin,1951,13.7
31053,Dodge,36683,13.7
32510,Carson City,54467,13.7
37059,Davie,41991,13.7
38023,Divide,2369,13.7
38027,Eddy,2313,13.7
39093,Lorain,306713,13.7
39171,Williams,36936,13.7
41071,Yamhill,103820,13.7
47065,Hamilton,357546,13.7
51057,Essex,11036,13.7
51790,Staunton,24452,13.7
56013,Fremont,40076,13.7
6011,Colusa,21464,13.8
6035,Lassen,31185,13.8
8031,Denver,693417,13.8
13177,Lee,29348,13.8
13311,White,28928,13.8
16039,Elmore,26433,13.8
17105,Livingston,36324,13.8
20021,Cherokee,20331,13.8
21037,Campbell,92267,13.8
30027,Fergus,11273,13.8
31061,Franklin,3006,13.8
37133,Onslow,193912,13.8
40149,Washita,11432,13.8
42121,Venango,52376,13.8
46047,Fall River,6774,13.8
48181,Grayson,128560,13.8
48361,Orange,84047,13.8
51163,Rockbridge,22509,13.8
53071,Walla Walla,60236,13.8
55103,Richland,17539,13.8
8081,Moffat,13060,13.9
12033,Escambia,311522,13.9
12045,Gulf,16055,13.9
13207,Monroe,27010,13.9
17149,Pike,15754,13.9
20003,Anderson,7852,13.9
21005,Anderson,22214,13.9
21093,Hardin,108095,13.9
23027,Waldo,39418,13.9
29145,Newton,58202,13.9
36097,Schuyler,17992,13.9
36111,Ulster,179303,13.9
37077,Granville,58874,13.9
37087,Haywood,60433,13.9
39151,Stark,373475,13.9
40147,Washington,52001,13.9
42065,Jefferson,44084,13.9
42097,Northumberland,92325,13.9
46053,Gregory,4201,13.9
47047,Fayette,39692,13.9
47167,Tipton,61446,13.9
48027,Bell,342236,13.9
48111,Dallam,7243,13.9
48239,Jackson,14820,13.9
48477,Washington,34796,13.9
51009,Amherst,31882,13.9
51133,Northumberland,12223,13.9
1007,Bibb,22527,14
1037,Coosa,10855,14
4025,Yavapai,224645,14
5005,Baxter,41219,14
6043,Mariposa,17540,14
12071,Lee,718679,14
16013,Blaine,21994,14
17035,Cumberland,10865,14
17075,Iroquois,28169,14
18021,Clay,26268,14
18049,Fulton,20212,14
18055,Greene,32295,14
20173,Sedgwick,512064,14
20185,Stafford,4214,14
26071,Iron,11212,14
29163,Pike,18489,14
36101,Steuben,96927,14
37121,Mitchell,15040,14
38083,Sheridan,1405,14
47089,Jefferson,53247,14
48097,Cooke,39571,14
48211,Hemphill,4061,14
48313,Madison,14128,14
48415,Scurry,17239,14
50019,Orleans,26911,14
55067,Langlade,19164,14
6053,Monterey,433212,14.1
12065,Jefferson,14105,14.1
13029,Bryan,35885,14.1
17191,Wayne,16487,14.1
18123,Perry,19141,14.1
18149,Starke,22941,14.1
26075,Jackson,158913,14.1
29137,Monroe,8654,14.1
31019,Buffalo,49030,14.1
32003,Clark,2141574,14.1
35059,Union,4175,14.1
36049,Lewis,26719,14.1
37137,Pamlico,12742,14.1
41053,Polk,81427,14.1
42039,Crawford,86164,14.1
42073,Lawrence,87382,14.1
47031,Coffee,54531,14.1
48057,Calhoun,21807,14.1
48059,Callahan,13770,14.1
51630,Fredericksburg,28469,14.1
54093,Tucker,7027,14.1
55107,Rusk,14183,14.1
4021,Pinal,419721,14.2
5101,Newton,7848,14.2
16061,Lewis,3845,14.2
19101,Jefferson,18077,14.2
20013,Brown,9664,14.2
21239,Woodford,26097,14.2
26161,Washtenaw,365961,14.2
31179,Wayne,9367,14.2
36045,Jefferson,114448,14.2
39083,Knox,61215,14.2
40009,Beckham,22621,14.2
40081,Lincoln,34854,14.2
42059,Greene,37144,14.2
42081,Lycoming,114859,14.2
42085,Mercer,112630,14.2
42117,Tioga,41226,14.2
48165,Gaines,20321,14.2
48287,Lee,16952,14.2
48337,Montague,19409,14.2
48399,Runnels,10310,14.2
48499,Wood,43815,14.2
51159,Richmond,8878,14.2
5039,Dallas,7432,14.3
6087,Santa Cruz,273765,14.3
12053,Hernando,182696,14.3
16031,Cassia,23615,14.3
18003,Allen,370016,14.3
19175,Union,12453,14.3
27105,Nobles,21839,14.3
30051,Liberty,2280,14.3
30081,Ravalli,41902,14.3
34001,Atlantic,268539,14.3
35043,Sandoval,140769,14.3
36017,Chenango,48348,14.3
36073,Orleans,41175,14.3
36087,Rockland,323686,14.3
37167,Stanly,61114,14.3
39139,Richland,121324,14.3
42023,Cameron,4686,14.3
42037,Columbia,66220,14.3
42105,Potter,16937,14.3
47043,Dickson,51988,14.3
48253,Jones,19891,14.3
55003,Ashland,15712,14.3
1009,Blount,57645,14.4
13291,Union,22775,14.4
17061,Greene,13218,14.4
17177,Stephenson,45433,14.4
19039,Clarke,9282,14.4
19123,Mahaska,22208,14.4
20057,Ford,34484,14.4
20205,Wilson,8780,14.4
21021,Boyle,29913,14.4
26007,Alpena,28612,14.4
29169,Pulaski,52591,14.4
31045,Dawes,8896,14.4
37011,Avery,17501,14.4
37069,Franklin,64902,14.4
37109,Lincoln,81441,14.4
41043,Linn,122870,14.4
42087,Mifflin,46362,14.4
46069,Hyde,1331,14.4
48467,Van Zandt,54368,14.4
53025,Grant,94860,14.4
53041,Lewis,76947,14.4
53063,Spokane,497875,14.4
55035,Eau Claire,102991,14.4
55057,Juneau,26419,14.4
5053,Grant,18086,14.5
8125,Yuma,10069,14.5
13137,Habersham,44289,14.5
17005,Bond,16712,14.5
27169,Winona,50847,14.5
28041,Greene,13714,14.5
29167,Polk,31549,14.5
30037,Golden Valley,724,14.5
35019,Guadalupe,4382,14.5
36029,Erie,919866,14.5
41015,Curry,22507,14.5
42053,Forest,7351,14.5
45057,Lancaster,89546,14.5
48017,Bailey,7092,14.5
48035,Bosque,18122,14.5
48049,Brown,37834,14.5
50015,Lamoille,25268,14.5
54057,Mineral,27278,14.5
56017,Hot Springs,4680,14.5
5023,Cleburne,25230,14.6
12003,Baker,27785,14.6
13139,Hall,195961,14.6
16049,Idaho,16337,14.6
16069,Nez Perce,40155,14.6
17113,McLean,173219,14.6
17137,Morgan,34426,14.6
18017,Cass,38084,14.6
20043,Doniphan,7736,14.6
20049,Elk,2562,14.6
26141,Presque Isle,12797,14.6
27021,Cass,29022,14.6
28039,George,23710,14.6
29186,Ste. Genevieve,17871,14.6
36043,Herkimer,62505,14.6
36067,Onondaga,464242,14.6
39029,Columbiana,104003,14.6
41013,Crook,22337,14.6
41023,Grant,7183,14.6
42013,Blair,123842,14.6
48075,Childress,7226,14.6
48319,Mason,4161,14.6
48331,Milam,24664,14.6
50009,Essex,6208,14.6
4013,Maricopa,4253913,14.7
6065,Riverside,2383286,14.7
12005,Bay,182482,14.7
12131,Walton,65858,14.7
16017,Bonner,42711,14.7
18079,Jennings,27727,14.7
18121,Parke,16996,14.7
20187,Stanton,2063,14.7
22125,West Feliciana,15377,14.7
24011,Caroline,32875,14.7
27123,Ramsey,541493,14.7
36055,Monroe,744248,14.7
36105,Sullivan,75211,14.7
37175,Transylvania,33513,14.7
39147,Seneca,55475,14.7
40047,Garfield,62190,14.7
40137,Stephens,43983,14.7
45019,Charleston,394708,14.7
47055,Giles,29167,14.7
47117,Marshall,32269,14.7
48275,Knox,3733,14.7
48447,Throckmorton,1567,14.7
6083,Santa Barbara,443738,14.8
16083,Twin Falls,83666,14.8
17091,Kankakee,111061,14.8
17161,Rock Island,145275,14.8
20055,Finney,36957,14.8
21111,Jefferson,767154,14.8
26031,Cheboygan,25458,14.8
28015,Carroll,10129,14.8
29177,Ray,22825,14.8
36015,Chemung,85740,14.8
39003,Allen,103642,14.8
41063,Wallowa,6924,14.8
45083,Spartanburg,302195,14.8
47051,Franklin,41512,14.8
48001,Anderson,57863,14.8
48235,Irion,1524,14.8
48383,Reagan,3752,14.8
48413,Schleicher,3061,14.8
48417,Shackelford,3311,14.8
55001,Adams,20073,14.8
55043,Grant,51828,14.8
55051,Iron,5715,14.8
5009,Boone,37288,14.9
18077,Jefferson,32237,14.9
29025,Caldwell,9049,14.9
30063,Missoula,115983,14.9
30071,Phillips,4124,14.9
32015,Lander,5746,14.9
37003,Alexander,37119,14.9
40099,Murray,13875,14.9
42033,Clearfield,80216,14.9
42079,Luzerne,317884,14.9
46101,Moody,6506,14.9
47159,Smith,19458,14.9
48129,Donley,3387,14.9
48291,Liberty,81862,14.9
48407,San Jacinto,27819,14.9
48457,Tyler,21496,14.9
1019,Cherokee,25853,15
5015,Carroll,27887,15
8075,Logan,21689,15
12111,St. Lucie,305591,15
13169,Jones,28548,15
17159,Richland,15881,15
17199,Williamson,67299,15
26137,Otsego,24397,15
27137,St. Louis,200080,15
29059,Dallas,16499,15
29089,Howard,10113,15
29105,Laclede,35507,15
29115,Linn,12186,15
29121,Macon,15254,15
29205,Shelby,6061,15
30059,Meagher,1968,15
30101,Toole,4976,15
39033,Crawford,42021,15
41057,Tillamook,26076,15
47145,Roane,52897,15
47155,Sevier,96287,15
48013,Atascosa,48828,15
48019,Bandera,21763,15
48209,Hays,204150,15
48443,Terrell,862,15
51035,Carroll,29738,15
51191,Washington,54406,15
51840,Winchester,27789,15
53039,Klickitat,21396,15
53045,Mason,62627,15
53073,Whatcom,216812,15
54017,Doddridge,8536,15
1031,Coffee,51288,15.1
13083,Dade,16227,15.1
13121,Fulton,1021902,15.1
13221,Oglethorpe,14784,15.1
17031,Cook,5223719,15.1
21077,Gallatin,8703,15.1
26105,Mason,28884,15.1
32027,Pershing,6611,15.1
37141,Pender,59020,15.1
39167,Washington,60671,15.1
40143,Tulsa,642781,15.1
41051,Multnomah,798647,15.1
42069,Lackawanna,211454,15.1
48237,Jack,8842,15.1
48353,Nolan,14966,15.1
48411,San Saba,5962,15.1
51083,Halifax,34779,15.1
54051,Marshall,31645,15.1
1077,Lauderdale,92585,15.2
12127,Volusia,527634,15.2
13247,Rockdale,89011,15.2
16027,Canyon,212230,15.2
17167,Sangamon,197661,15.2
18165,Vermillion,15560,15.2
19111,Lee,34541,15.2
19185,Wayne,6413,15.2
20035,Cowley,35591,15.2
24045,Wicomico,102172,15.2
29095,Jackson,692003,15.2
29227,Worth,2040,15.2
31017,Brown,2988,15.2
41047,Marion,335553,15.2
45007,Anderson,195995,15.2
47035,Cumberland,58634,15.2
47093,Knox,456185,15.2
48233,Hutchinson,21571,15.2
48421,Sherman,3058,15.2
48469,Victoria,91970,15.2
49005,Cache,122336,15.2
51580,Covington,5582,15.2
1103,Morgan,119122,15.3
8027,Custer,4640,15.3
8043,Fremont,47002,15.3
12057,Hillsborough,1378883,15.3
19187,Webster,36757,15.3
26131,Ontonagon,5968,15.3
27159,Wadena,13646,15.3
29007,Audrain,25735,15.3
35015,Eddy,57437,15.3
36019,Clinton,80794,15.3
37049,Craven,103082,15.3
37197,Yadkin,37665,15.3
53051,Pend Oreille,13219,15.3
1001,Autauga,55200,15.4
13213,Murray,39557,15.4
17125,Mason,13778,15.4
18065,Henry,48483,15.4
19057,Des Moines,39600,15.4
21105,Hickman,4568,15.4
21143,Lyon,8186,15.4
26039,Crawford,13836,15.4
26157,Tuscola,53250,15.4
28057,Itawamba,23480,15.4
29101,Johnson,53689,15.4
36077,Otsego,60244,15.4
39121,Noble,14443,15.4
40031,Comanche,122561,15.4
40117,Pawnee,16428,15.4
40123,Pontotoc,38358,15.4
42021,Cambria,134550,15.4
46011,Brookings,34239,15.4
46089,McPherson,2364,15.4
48341,Moore,21801,15.4
54033,Harrison,68209,15.4
12031,Duval,924229,15.5
13143,Haralson,28956,15.5
18025,Crawford,10581,15.5
19179,Wapello,35315,15.5
21123,Larue,14156,15.5
21213,Simpson,18063,15.5
22051,Jefferson,435300,15.5
26023,Branch,43584,15.5
26159,Van Buren,75272,15.5
29111,Lewis,10027,15.5
29175,Randolph,24945,15.5
36023,Cortland,48123,15.5
36035,Fulton,53743,15.5
37057,Davidson,164664,15.5
37127,Nash,94003,15.5
37143,Perquimans,13459,15.5
40037,Creek,71160,15.5
41049,Morrow,11215,15.5
45037,Edgefield,26769,15.5
51700,Newport News,180145,15.5
54073,Pleasants,7507,15.5
5013,Calhoun,5202,15.6
13149,Heard,11677,15.6
17201,Winnebago,286174,15.6
18143,Scott,23743,15.6
20007,Barber,4733,15.6
21049,Clark,35872,15.6
26113,Missaukee,15006,15.6
26149,St. Joseph,60897,15.6
26151,Sanilac,41376,15.6
28145,Union,28356,15.6
29123,Madison,12205,15.6
29197,Schuyler,4502,15.6
31133,Pawnee,2676,15.6
37071,Gaston,216585,15.6
48045,Briscoe,1546,15.6
48441,Taylor,136348,15.6
51143,Pittsylvania,61676,15.6
51197,Wythe,28940,15.6
53065,Stevens,44214,15.6
54035,Jackson,29018,15.6
1041,Crenshaw,13865,15.7
5117,Prairie,8244,15.7
8057,Jackson,1296,15.7
8077,Mesa,149998,15.7
13153,Houston,151682,15.7
16087,Washington,10025,15.7
18141,St. Joseph,269240,15.7
19067,Floyd,15858,15.7
19133,Monona,8796,15.7
22057,Lafourche,98214,15.7
22121,West Baton Rouge,25860,15.7
23019,Penobscot,151748,15.7
27149,Stevens,9784,15.7
29033,Carroll,8843,15.7
40057,Harmon,2721,15.7
41001,Baker,15984,15.7
47179,Washington,127055,15.7
48069,Castro,7787,15.7
48177,Gonzales,20667,15.7
48219,Hockley,23162,15.7
48445,Terry,12615,15.7
53021,Franklin,90660,15.7
54077,Preston,33837,15.7
1043,Cullman,82313,15.8
5081,Little River,12417,15.8
6067,Sacramento,1510023,15.8
13051,Chatham,287049,15.8
13281,Towns,11417,15.8
17053,Ford,13398,15.8
19047,Crawford,17132,15.8
21145,McCracken,65284,15.8
24019,Dorchester,32261,15.8
29199,Scotland,4898,15.8
30109,Wibaux,1175,15.8
31119,Madison,35164,15.8
37043,Clay,10813,15.8
37151,Randolph,142958,15.8
39023,Clark,135198,15.8
47003,Bedford,47558,15.8
48081,Coke,3275,15.8
48179,Gray,22685,15.8
49007,Carbon,20356,15.8
51650,Hampton,135583,15.8
5033,Crawford,62472,15.9
6077,San Joaquin,732212,15.9
16047,Gooding,15169,15.9
17135,Montgomery,29009,15.9
18067,Howard,82387,15.9
18135,Randolph,25076,15.9
20089,Jewell,2916,15.9
21033,Caldwell,12727,15.9
21089,Greenup,35765,15.9
23017,Oxford,57325,15.9
26097,Mackinac,10817,15.9
28081,Lee,84915,15.9
30001,Beaverhead,9393,15.9
37081,Guilford,523582,15.9
39015,Brown,43679,15.9
40095,Marshall,16376,15.9
41061,Union,26028,15.9
47015,Cannon,13976,15.9
47083,Houston,8176,15.9
47103,Lincoln,33711,15.9
47169,Trousdale,9573,15.9
48087,Collingsworth,2996,15.9
48217,Hill,35399,15.9
48365,Panola,23440,15.9
49033,Rich,2350,15.9
53009,Clallam,74487,15.9
53027,Grays Harbor,71967,15.9
54095,Tyler,8909,15.9
6037,Los Angeles,10098052,16
6101,Sutter,95872,16
8055,Huerfano,6583,16
13237,Putnam,21503,16
17025,Clay,13338,16
19013,Black Hawk,133009,16
20051,Ellis,28878,16
21167,Mercer,21516,16
26001,Alcona,10364,16
26017,Bay,104786,16
26059,Hillsdale,45830,16
28059,Jackson,142014,16
29029,Camden,45096,16
30103,Treasure,777,16
37063,Durham,306457,16
39101,Marion,65344,16
48123,DeWitt,20435,16
53015,Cowlitz,105112,16
6099,Stanislaus,539301,16.1
8083,Montezuma,25909,16.1
12095,Orange,1321194,16.1
17175,Stark,5500,16.1
18007,Benton,8667,16.1
18071,Jackson,43938,16.1
19007,Appanoose,12510,16.1
19137,Montgomery,10155,16.1
20077,Harper,5673,16.1
21059,Daviess,99937,16.1
26077,Kalamazoo,261573,16.1
28109,Pearl River,55149,16.1
36065,Oneida,230782,16.1
37105,Lee,60125,16.1
37139,Pasquotank,39479,16.1
45003,Aiken,166926,16.1
48151,Fisher,3883,16.1
48195,Hansford,5547,16.1
48203,Harrison,66645,16.1
48307,McCulloch,8098,16.1
48455,Trinity,14569,16.1
51185,Tazewell,42080,16.1
56027,Niobrara,2448,16.1
1133,Winston,23875,16.2
13257,Stephens,25676,16.2
16023,Butte,2602,16.2
17115,Macon,106512,16.2
18117,Orange,19547,16.2
18119,Owen,20878,16.2
28161,Yalobusha,12421,16.2
29125,Maries,8884,16.2
29207,Stoddard,29512,16.2
32023,Nye,43705,16.2
35027,Lincoln,19482,16.2
36025,Delaware,45502,16.2
39061,Hamilton,812037,16.2
40049,Garvin,27823,16.2
41019,Douglas,108323,16.2
42031,Clarion,38827,16.2
44007,Providence,634533,16.2
45081,Saluda,20299,16.2
47001,Anderson,75775,16.2
48093,Comanche,13495,16.2
48201,Harris,4602523,16.2
51620,Franklin,8211,16.2
1033,Colbert,54495,16.3
5055,Greene,44623,16.3
5149,Yell,21573,16.3
12097,Osceola,338619,16.3
13123,Gilmer,29922,16.3
17143,Peoria,184463,16.3
17145,Perry,21384,16.3
18177,Wayne,66613,16.3
20123,Mitchell,6222,16.3
26165,Wexford,33111,16.3
29079,Grundy,10039,16.3
29187,St. Francois,66342,16.3
29195,Saline,23102,16.3
34017,Hudson,668631,16.3
39049,Franklin,1275333,16.3
39119,Muskingum,86076,16.3
40125,Pottawatomie,72000,16.3
41029,Jackson,214267,16.3
42049,Erie,275972,16.3
45079,Richland,408263,16.3
48029,Bexar,1925865,16.3
48193,Hamilton,8269,16.3
48297,Live Oak,12123,16.3
48343,Morris,12424,16.3
55041,Forest,9018,16.3
17069,Hardin,4009,16.4
17163,St. Clair,263463,16.4
18103,Miami,35901,16.4
21055,Crittenden,9083,16.4
21187,Owen,10741,16.4
22015,Bossier,126131,16.4
24001,Allegany,71977,16.4
26013,Baraga,8507,16.4
26069,Iosco,25247,16.4
26103,Marquette,66939,16.4
27071,Koochiching,12644,16.4
29117,Livingston,15076,16.4
34013,Essex,793555,16.4
39031,Coshocton,36574,16.4
40025,Cimarron,2189,16.4
45051,Horry,320915,16.4
45055,Kershaw,64361,16.4
47037,Davidson,684017,16.4
47139,Polk,16782,16.4
48355,Nueces,360486,16.4
48369,Parmer,9852,16.4
48409,San Patricio,67046,16.4
48423,Smith,225015,16.4
51067,Franklin,56233,16.4
54063,Monroe,13467,16.4
54071,Pendleton,7056,16.4
8065,Lake,7585,16.5
17037,DeKalb,104200,16.5
17057,Fulton,35418,16.5
18089,Lake,486849,16.5
18091,LaPorte,110552,16.5
20001,Allen,12630,16.5
20107,Linn,9635,16.5
22055,Lafayette,240091,16.5
26021,Berrien,154807,16.5
26117,Montcalm,63209,16.5
28037,Franklin,7757,16.5
28073,Lamar,61223,16.5
36009,Cattaraugus,77686,16.5
37039,Cherokee,27668,16.5
37159,Rowan,139605,16.5
40113,Osage,47311,16.5
47161,Stewart,13301,16.5
48495,Winkler,7802,16.5
49039,Sanpete,29366,16.5
51097,King and Queen,7052,16.5
1017,Chambers,33826,16.6
5109,Pike,10808,16.6
6049,Modoc,8938,16.6
12083,Marion,348371,16.6
12105,Polk,668671,16.6
13089,DeKalb,743187,16.6
20011,Bourbon,14702,16.6
21229,Washington,12019,16.6
26095,Luce,6364,16.6
26119,Montmorency,9261,16.6
31043,Dakota,20317,16.6
35025,Lea,70126,16.6
36061,New York,1632480,16.6
37027,Caldwell,81779,16.6
37113,Macon,34410,16.6
39111,Monroe,14090,16.6
41025,Harney,7228,16.6
41037,Lake,7843,16.6
47011,Bradley,104557,16.6
47153,Sequatchie,14730,16.6
47163,Sullivan,156734,16.6
48113,Dallas,2586552,16.6
48289,Leon,17098,16.6
55123,Vernon,30516,16.6
5037,Cross,16998,16.7
8085,Montrose,41268,16.7
12017,Citrus,143087,16.7
16009,Benewah,9086,16.7
17101,Lawrence,16189,16.7
20009,Barton,26791,16.7
20175,Seward,22692,16.7
21079,Garrard,17328,16.7
22093,St. James,21357,16.7
34031,Passaic,504041,16.7
39065,Hardin,31542,16.7
40013,Bryan,45759,16.7
40109,Oklahoma,782051,16.7
41041,Lincoln,47881,16.7
48241,Jasper,35504,16.7
51081,Greensville,11659,16.7
54075,Pocahontas,8531,16.7
54107,Wood,85556,16.7
1079,Lawrence,33171,16.8
5045,Faulkner,122416,16.8
5087,Madison,16076,16.8
5143,Washington,228529,16.8
11001,District of Columbia,684498,16.8
13053,Chattahoochee,10767,16.8
13179,Liberty,62108,16.8
16021,Boundary,11549,16.8
18001,Adams,35195,16.8
29225,Webster,38082,16.8
35011,De Baca,2060,16.8
37001,Alamance,160576,16.8
42063,Indiana,85755,16.8
42083,McKean,41806,16.8
48227,Howard,36667,16.8
16007,Bear Lake,5962,16.9
18075,Jay,20993,16.9
20159,Rice,9762,16.9
21149,McLean,9331,16.9
22019,Calcasieu,200182,16.9
26025,Calhoun,134473,16.9
26129,Ogemaw,20928,16.9
28129,Smith,16063,16.9
29109,Lawrence,38133,16.9
37171,Surry,72099,16.9
40019,Carter,48406,16.9
40105,Nowata,10383,16.9
48223,Hopkins,36240,16.9
48333,Mills,4902,16.9
48473,Waller,49987,16.9
1073,Jefferson,659892,17
5105,Perry,10322,17
5119,Pulaski,393463,17
5145,White,78804,17
8115,Sedgwick,2350,17
12043,Glades,13363,17
16005,Bannock,85065,17
20019,Chautauqua,3367,17
21007,Ballard,8090,17
26079,Kalkaska,17463,17
26127,Oceana,26417,17
27029,Clearwater,8812,17
29017,Bollinger,12281,17
29031,Cape Girardeau,78324,17
30061,Mineral,4211,17
31091,Hooker,691,17
31117,McPherson,454,17
36003,Allegany,47025,17
36007,Broome,194402,17
37085,Harnett,130361,17
39047,Fayette,28645,17
39067,Harrison,15307,17
47059,Greene,68669,17
47121,Meigs,11962,17
47133,Overton,22004,17
48463,Uvalde,27009,17
54049,Marion,56497,17
54085,Ritchie,9932,17
5065,Izard,13559,17.1
6089,Shasta,179085,17.1
8105,Rio Grande,11351,17.1
18139,Rush,16704,17.1
25013,Hampden,469116,17.1
26121,Muskegon,173043,17.1
28003,Alcorn,37180,17.1
28131,Stone,18375,17.1
29139,Montgomery,11545,17.1
37111,McDowell,45109,17.1
38069,Pierce,4210,17.1
40043,Dewey,4918,17.1
41011,Coos,63308,17.1
47053,Gibson,49175,17.1
48175,Goliad,7531,17.1
49031,Piute,1904,17.1
51029,Buckingham,17004,17.1
54039,Kanawha,185710,17.1
54091,Taylor,16951,17.1
4003,Cochise,126279,17.2
13187,Lumpkin,31951,17.2
18083,Knox,37409,17.2
18095,Madison,129505,17.2
21097,Harrison,18668,17.2
22011,Beauregard,36769,17.2
22115,Vernon,51007,17.2
23003,Aroostook,68269,17.2
29021,Buchanan,89076,17.2
29035,Carter,6197,17.2
29159,Pettis,42371,17.2
29213,Taney,54720,17.2
30107,Wheatland,2149,17.2
38035,Grand Forks,70400,17.2
47137,Pickett,5088,17.2
48037,Bowie,93858,17.2
48125,Dickens,2216,17.2
48161,Freestone,19709,17.2
51740,Portsmouth,95311,17.2
1055,Etowah,102939,17.3
5063,Independence,37264,17.3
6071,San Bernardino,2135413,17.3
16079,Shoshone,12526,17.3
18163,Vanderburgh,181313,17.3
20111,Lyon,33299,17.3
21141,Logan,26849,17.3
26135,Oscoda,8277,17.3
37129,New Hanover,224231,17.3
37173,Swain,14254,17.3
48373,Polk,47837,17.3
55113,Sawyer,16370,17.3
1125,Tuscaloosa,206213,17.4
12023,Columbia,69105,17.4
13147,Hart,25631,17.4
13195,Madison,28900,17.4
21177,Muhlenberg,31081,17.4
21227,Warren,126427,17.4
22007,Assumption,22714,17.4
29075,Gentry,6665,17.4
29085,Hickory,9368,17.4
29097,Jasper,119238,17.4
35001,Bernalillo,677692,17.4
39113,Montgomery,532034,17.4
40033,Cotton,5929,17.4
40065,Jackson,25384,17.4
40097,Mayes,40980,17.4
40121,Pittsburg,44382,17.4
42035,Clinton,39074,17.4
47185,White,26580,17.4
48117,Deaf Smith,18899,17.4
51820,Waynesboro,21926,17.4
53049,Pacific,21281,17.4
56045,Weston,7100,17.4
1093,Marion,29965,17.5
4015,Mohave,206064,17.5
20133,Neosho,16125,17.5
21027,Breckinridge,20080,17.5
39155,Trumbull,201794,17.5
40071,Kay,44880,17.5
45077,Pickens,122746,17.5
47041,DeKalb,19601,17.5
48213,Henderson,80460,17.5
48231,Hunt,92152,17.5
48481,Wharton,41551,17.5
48487,Wilbarger,12906,17.5
51183,Sussex,11486,17.5
54053,Mason,26939,17.5
5059,Hot Spring,33520,17.6
8029,Delta,30346,17.6
20005,Atchison,16363,17.6
21191,Pendleton,14520,17.6
22099,St. Martin,53752,17.6
22113,Vermilion,59867,17.6
29185,St. Clair,9383,17.6
29211,Sullivan,6317,17.6
34011,Cumberland,153400,17.6
37067,Forsyth,371573,17.6
37115,Madison,21405,17.6
39099,Mahoning,231064,17.6
40039,Custer,29209,17.6
40045,Ellis,4072,17.6
40139,Texas,21121,17.6
48183,Gregg,123494,17.6
54081,Raleigh,76232,17.6
1111,Randolph,22574,17.7
5075,Lawrence,16669,17.7
8109,Saguache,6468,17.7
13295,Walker,68824,17.7
21017,Bourbon,20144,17.7
21083,Graves,37294,17.7
21113,Jessamine,52422,17.7
26145,Saginaw,192778,17.7
36089,St. Lawrence,109558,17.7
37145,Person,39305,17.7
42051,Fayette,132289,17.7
48055,Caldwell,41401,17.7
48169,Garza,6288,17.7
48363,Palo Pinto,28317,17.7
4019,Pima,1019722,17.8
12121,Suwannee,43924,17.8
13159,Jasper,13784,17.8
13313,Whitfield,103849,17.8
19103,Johnson,147001,17.8
21067,Fayette,318734,17.8
21069,Fleming,14479,17.8
26123,Newaygo,48142,17.8
28141,Tishomingo,19478,17.8
46015,Brule,5256,17.8
48277,Lamar,49532,17.8
49017,Garfield,5017,17.8
12041,Gilchrist,17615,17.9
13217,Newton,106497,17.9
13233,Polk,41621,17.9
17051,Fayette,21724,17.9
17121,Marion,38084,17.9
20099,Labette,20367,17.9
21107,Hopkins,45664,17.9
28045,Hancock,46653,17.9
29077,Greene,288429,17.9
29131,Miller,25049,17.9
36075,Oswego,119104,17.9
39141,Ross,77051,17.9
47111,Macon,23487,17.9
51111,Lunenburg,12278,17.9
54025,Greenbrier,35347,17.9
6115,Yuba,75493,18
12086,Miami-Dade,2715516,18
16053,Jerome,23431,18
17127,Massac,14430,18
21219,Todd,12350,18
22047,Iberville,32956,18
28095,Monroe,35840,18
31161,Sheridan,5234,18
37009,Ashe,26786,18
37157,Rockingham,91270,18
37161,Rutherford,66532,18
47085,Humphreys,18318,18
17095,Knox,50999,18.1
17181,Union,17127,18.1
20189,Stevens,5686,18.1
21161,Mason,17153,18.1
26053,Gogebic,15414,18.1
27013,Blue Earth,66322,18.1
29171,Putnam,4815,18.1
37023,Burke,89712,18.1
37075,Graham,8557,18.1
39035,Cuyahoga,1253783,18.1
39081,Jefferson,66886,18.1
41059,Umatilla,76898,18.1
46005,Beadle,18374,18.1
47081,Hickman,24678,18.1
48483,Wheeler,5482,18.1
5029,Conway,20906,18.2
8071,Las Animas,14179,18.2
21081,Grant,24915,18.2
21087,Green,11023,18.2
26011,Arenac,15165,18.2
26051,Gladwin,25289,18.2
26143,Roscommon,23877,18.2
29179,Reynolds,6315,18.2
36033,Franklin,50692,18.2
37051,Cumberland,332106,18.2
37117,Martin,23054,18.2
47115,Marion,28417,18.2
48073,Cherokee,51903,18.2
48349,Navarro,48583,18.2
53077,Yakima,249325,18.2
1039,Covington,37351,18.3
1069,Houston,104352,18.3
5121,Randolph,17603,18.3
13125,Glascock,3009,18.3
13127,Glynn,83974,18.3
16045,Gem,17052,18.3
20125,Montgomery,32970,18.3
22033,East Baton Rouge,444094,18.3
22077,Pointe Coupee,22158,18.3
26057,Gratiot,41067,18.3
28093,Marshall,35787,18.3
29019,Boone,176515,18.3
35021,Harding,459,18.3
45043,Georgetown,61605,18.3
45073,Oconee,76696,18.3
48005,Angelina,87607,18.3
51139,Page,23749,18.3
54067,Nicholas,25324,18.3
1027,Clay,13378,18.4
1045,Dale,49255,18.4
5031,Craighead,105701,18.4
17081,Jefferson,38169,18.4
40127,Pushmataha,11119,18.4
42027,Centre,161443,18.4
45017,Calhoun,14713,18.4
48245,Jefferson,255210,18.4
48387,Red River,12275,18.4
48391,Refugio,7236,18.4
48485,Wichita,131818,18.4
1029,Cleburne,14938,18.5
5115,Pope,63644,18.5
6045,Mendocino,87422,18.5
18041,Fayette,23259,18.5
22111,Union,22475,18.5
23029,Washington,31694,18.5
26033,Chippewa,37834,18.5
27007,Beltrami,46117,18.5
29039,Cedar,13938,18.5
29127,Marion,28672,18.5
30053,Lincoln,19358,18.5
40035,Craig,14493,18.5
41039,Lane,368882,18.5
47023,Chester,17150,18.5
47045,Dyer,37576,18.5
47057,Grainger,23013,18.5
1015,Calhoun,115098,18.6
1021,Chilton,43930,18.6
5051,Garland,98296,18.6
5079,Lincoln,13695,18.6
20039,Decatur,2881,18.6
21039,Carlisle,4841,18.6
21101,Henderson,46137,18.6
29081,Harrison,8554,18.6
39087,Lawrence,60622,18.6
41033,Josephine,85481,18.6
48255,Karnes,15387,18.6
48271,Kinney,3675,18.6
48301,Loving,102,18.6
51169,Scott,22009,18.6
20045,Douglas,119319,18.7
22003,Allen,25661,18.7
28111,Perry,12028,18.7
30087,Rosebud,9250,18.7
36013,Chautauqua,129656,18.7
45049,Hampton,19807,18.7
45071,Newberry,38068,18.7
48189,Hale,34113,18.7
51141,Patrick,17859,18.7
5141,Van Buren,16684,18.8
6021,Glenn,27897,18.8
13045,Carroll,116022,18.8
18167,Vigo,107693,18.8
21061,Edmonson,12122,18.8
46109,Roberts,10285,18.8
53019,Ferry,7576,18.8
4005,Coconino,140217,18.9
5097,Montgomery,8993,18.9
17153,Pulaski,5611,18.9
30015,Chouteau,5789,18.9
40077,Latimer,10495,18.9
48303,Lubbock,301454,18.9
48305,Lynn,5808,18.9
51117,Mecklenburg,30847,18.9
54013,Calhoun,7396,18.9
54021,Gilmer,8205,18.9
54105,Wirt,5797,18.9
8099,Prowers,12052,19
8101,Pueblo,164685,19
18097,Marion,944523,19
21151,Madison,89700,19
21223,Trimble,8637,19
22095,St. John the Baptist,43446,19
22101,St. Mary,51734,19
30065,Musselshell,4807,19
40041,Delaware,42112,19
47073,Hawkins,56402,19
47099,Lawrence,42937,19
47175,Van Buren,5704,19
53037,Kittitas,44825,19
13115,Floyd,96824,19.1
13263,Talbot,6378,19.1
20181,Sherman,5966,19.1
21003,Allen,20794,19.1
21019,Boyd,48091,19.1
21023,Bracken,8306,19.1
29015,Benton,18989,19.1
30093,Silver Bow,34814,19.1
39095,Lucas,432379,19.1
39115,Morgan,14702,19.1
45041,Florence,138561,19.1
45065,McCormick,9606,19.1
48153,Floyd,5872,19.1
48185,Grimes,27630,19.1
48449,Titus,32730,19.1
51131,Northampton,11957,19.1
5061,Howard,13389,19.2
8009,Baca,3563,19.2
12055,Highlands,102101,19.2
18053,Grant,66944,19.2
21103,Henry,15814,19.2
23021,Piscataquis,16887,19.2
28115,Pontotoc,31315,19.2
29103,Knox,3951,19.2
30023,Deer Lodge,9100,19.2
37013,Beaufort,47243,19.2
37185,Warren,20033,19.2
37199,Yancey,17667,19.2
46037,Day,5506,19.2
48461,Upton,3634,19.2
51173,Smyth,31059,19.2
1097,Mobile,414659,19.3
16067,Minidoka,20615,19.3
23025,Somerset,50710,19.3
25025,Suffolk,791766,19.3
28023,Clarke,15928,19.3
35033,Mora,4563,19.3
47033,Crockett,14499,19.3
47123,Monroe,45876,19.3
48309,McLennan,248429,19.3
54083,Randolph,29065,19.3
5025,Cleveland,8226,19.4
6093,Siskiyou,43540,19.4
13241,Rabun,16457,19.4
21031,Butler,12745,19.4
22037,East Feliciana,19499,19.4
22053,Jefferson Davis,31467,19.4
22079,Rapides,131546,19.4
28077,Lawrence,12630,19.4
30041,Hill,16439,19.4
35055,Taos,32888,19.4
37099,Jackson,42256,19.4
39127,Perry,35985,19.4
39131,Pike,28214,19.4
41003,Benton,89780,19.4
47039,Decatur,11683,19.4
47077,Henderson,27859,19.4
47113,Madison,97682,19.4
48083,Coleman,8391,19.4
51049,Cumberland,9786,19.4
13105,Elbert,19212,19.5
13181,Lincoln,7799,19.5
22075,Plaquemines,23373,19.5
22085,Sabine,24088,19.5
29055,Crawford,24280,19.5
29119,McDonald,22827,19.5
30089,Sanders,11521,19.5
35061,Valencia,75956,19.5
40129,Roger Mills,3708,19.5
47063,Hamblen,63740,19.5
47141,Putnam,76440,19.5
51167,Russell,27408,19.5
6113,Yolo,214977,19.6
13305,Wayne,29767,19.6
17055,Franklin,39127,19.6
17059,Gallatin,5157,19.6
17183,Vermilion,78407,19.6
19053,Decatur,8044,19.6
26133,Osceola,23232,19.6
36109,Tompkins,102962,19.6
37033,Caswell,22746,19.6
37041,Chowan,14205,19.6
39079,Jackson,32524,19.6
40061,Haskell,12704,19.6
47075,Haywood,17779,19.6
47107,McMinn,52773,19.6
47181,Wayne,16649,19.6
48067,Cass,30087,19.6
49021,Iron,49691,19.6
1127,Walker,64493,19.7
6105,Trinity,12862,19.7
13079,Crawford,12344,19.7
16033,Clark,1077,19.7
22043,Grant,22348,19.7
22087,St. Bernard,45694,19.7
28137,Tate,28493,19.7
28139,Tippah,21990,19.7
37123,Montgomery,27338,19.7
47013,Campbell,39687,19.7
47087,Jackson,11615,19.7
51710,Norfolk,245592,19.7
5019,Clark,22385,19.8
6003,Alpine,1146,19.8
12123,Taylor,22098,19.8
26049,Genesee,409361,19.8
37007,Anson,25306,19.8
47017,Carroll,28018,19.8
47079,Henry,32279,19.8
54055,Mercer,60486,19.8
1121,Talladega,80565,19.9
13055,Chattooga,24817,19.9
13191,McIntosh,14120,19.9
20093,Kearny,3932,19.9
31075,Grant,718,19.9
36057,Montgomery,49426,19.9
37193,Wilkes,68460,19.9
41031,Jefferson,23143,19.9
45059,Laurens,66710,19.9
46123,Tripp,5468,19.9
48063,Camp,12813,19.9
48465,Val Verde,49027,19.9
51001,Accomack,32742,19.9
51147,Prince Edward,22956,19.9
55079,Milwaukee,954209,19.9
1057,Fayette,16585,20
5001,Arkansas,18124,20
13063,Clayton,278666,20
13129,Gordon,56790,20
13183,Long,18156,20
30073,Pondera,6044,20
40015,Caddo,29342,20
40111,Okmulgee,38889,20
41069,Wheeler,1426,20
54019,Fayette,44126,20
1113,Russell,58213,20.1
4027,Yuma,207829,20.1
5139,Union,39732,20.1
6007,Butte,227075,20.1
12067,Lafayette,8744,20.1
18155,Switzerland,10628,20.1
20209,Wyandotte,164345,20.1
26065,Ingham,289564,20.1
28047,Harrison,202626,20.1
29221,Washington,24931,20.1
40069,Johnston,11041,20.1
48207,Haskell,5809,20.1
48321,Matagorda,36743,20.1
48375,Potter,120899,20.1
51530,Buena Vista,6399,20.1
1059,Franklin,31542,20.2
1071,Jackson,52094,20.2
5003,Ashley,20537,20.2
13171,Lamar,18513,20.2
21047,Christian,72263,20.2
37045,Cleveland,97159,20.2
39059,Guernsey,39274,20.2
40005,Atoka,13874,20.2
45053,Jasper,27900,20.2
46023,Charles Mix,9344,20.2
47183,Weakley,33626,20.2
48163,Frio,19394,20.2
51005,Alleghany,15286,20.2
51135,Nottoway,15500,20.2
54027,Hampshire,23363,20.2
1123,Tallapoosa,40636,20.3
5131,Sebastian,127461,20.3
6023,Humboldt,135768,20.3
12007,Bradford,26979,20.3
39007,Ashtabula,98136,20.3
41035,Klamath,66310,20.3
45085,Sumter,106995,20.3
47007,Bledsoe,14602,20.3
47101,Lewis,11956,20.3
48007,Aransas,24763,20.3
51089,Henry,51588,20.3
12073,Leon,288102,20.4
24039,Somerset,25737,20.4
13285,Troup,69774,20.5
21183,Ohio,24071,20.5
26153,Schoolcraft,8069,20.5
45021,Cherokee,56711,20.5
47071,Hardin,25771,20.5
48133,Eastland,18270,20.5
51770,Roanoke,99621,20.5
5089,Marion,16438,20.6
12063,Jackson,48472,20.6
13161,Jeff Davis,14991,20.6
16037,Custer,4141,20.6
16057,Latah,39239,20.6
18157,Tippecanoe,189294,20.6
28149,Warren,47075,20.6
35005,Chaves,65459,20.6
35009,Curry,50199,20.6
47157,Shelby,937005,20.6
48293,Limestone,23515,20.6
48351,Newton,14057,20.6
51077,Grayson,15811,20.6
53047,Okanogan,41638,20.6
1101,Montgomery,226941,20.7
12037,Franklin,11736,20.7
12075,Levy,39961,20.7
13209,Montgomery,9036,20.7
21173,Montgomery,27759,20.7
29201,Scott,38729,20.7
47109,McNairy,25903,20.7
48107,Crosby,5861,20.7
48315,Marion,10083,20.7
6031,Kings,150075,20.8
6039,Madera,155013,20.8
13023,Bleckley,12775,20.8
13275,Thomas,44730,20.8
13321,Worth,20656,20.8
47069,Hardeman,25562,20.8
48105,Crockett,3633,20.8
54097,Upshur,24605,20.8
17019,Champaign,209448,20.9
20037,Crawford,39108,20.9
22091,St. Helena,10411,20.9
26061,Houghton,36360,20.9
27087,Mahnomen,5506,20.9
28107,Panola,34243,20.9
29093,Iron,10221,20.9
39071,Highland,43007,20.9
39163,Vinton,13111,20.9
40021,Cherokee,48599,20.9
54041,Lewis,16276,20.9
54087,Roane,14205,20.9
1129,Washington,16643,21
5133,Sevier,17193,21
6033,Lake,64148,21
13197,Marion,8484,21
21011,Bath,12268,21
21203,Rockcastle,16827,21
29009,Barry,35493,21
29065,Dent,15504,21
37093,Hoke,53239,21
40133,Seminole,25071,21
51670,Hopewell,22408,21
5083,Logan,21757,21.1
5129,Searcy,7923,21.1
13215,Muscogee,196670,21.1
16073,Owyhee,11455,21.1
30047,Lake,29774,21.1
36047,Kings,2600747,21.1
40101,Muskogee,69084,21.1
45023,Chester,32326,21.1
47171,Unicoi,17780,21.1
1075,Lamar,13933,21.2
5091,Miller,43759,21.2
13283,Treutlen,6777,21.2
28017,Chickasaw,17279,21.2
35035,Otero,65745,21.2
45029,Colleton,37568,21.2
48143,Erath,41482,21.2
54061,Monongalia,105252,21.2
4009,Graham,37879,21.3
13007,Baker,3189,21.3
13249,Schley,5211,21.3
26107,Mecosta,43264,21.3
35045,San Juan,127455,21.3
48141,El Paso,837654,21.3
48267,Kimble,4408,21.3
1081,Lee,159287,21.4
5043,Drew,18502,21.4
17169,Schuyler,7064,21.4
21099,Hart,18627,21.4
28067,Jones,68454,21.4
29067,Douglas,13374,21.4
37191,Wayne,124002,21.4
40091,McIntosh,19819,21.4
40115,Ottawa,31566,21.4
47005,Benton,16112,21.4
48403,Sabine,10458,21.4
51025,Brunswick,16665,21.4
6103,Tehama,63373,21.5
13199,Meriwether,21113,21.5
13225,Peach,26966,21.5
17029,Coles,51736,21.5
18035,Delaware,115616,21.5
19169,Story,96922,21.5
21057,Cumberland,6713,21.5
29083,Henry,21765,21.5
37195,Wilson,81336,21.5
5135,Sharp,17043,21.6
13255,Spalding,64719,21.6
20161,Riley,75296,21.6
21001,Adair,19241,21.6
22045,Iberia,72691,21.6
22109,Terrebonne,112587,21.6
29011,Barton,11850,21.6
40141,Tillman,7515,21.6
47173,Union,19293,21.6
51678,Lexington,7110,21.6
1095,Marshall,95145,21.7
13229,Pierce,19164,21.7
40079,Le Flore,49909,21.7
45087,Union,27644,21.7
48025,Bee,32691,21.7
54109,Wyoming,21711,21.7
1091,Marengo,19538,21.8
5111,Poinsett,24054,21.8
12001,Alachua,263148,21.8
24510,Baltimore,614700,21.8
28075,Lauderdale,77323,21.8
29023,Butler,42733,21.8
35017,Grant,28061,21.8
40055,Greer,5943,21.8
40063,Hughes,13460,21.8
47049,Fentress,17994,21.8
51680,Lynchburg,80131,21.8
54007,Braxton,14282,21.8
5047,Franklin,17780,21.9
21197,Powell,12321,21.9
28143,Tunica,10170,21.9
37131,Northampton,20186,21.9
47143,Rhea,32628,21.9
51590,Danville,41512,21.9
6029,Kern,883053,22
12125,Union,15239,22
13315,Wilcox,8846,22
17109,McDonough,30875,22
20207,Woodson,3170,22
22059,LaSalle,14949,22
22105,Tangipahoa,130504,22
28085,Lincoln,34432,22
28153,Wayne,20422,22
46085,Lyman,3869,22
47129,Morgan,21596,22
51195,Wise,39025,22
1049,DeKalb,71200,22.1
4012,La Paz,20701,22.1
5127,Scott,10442,22.1
21233,Webster,13155,22.1
22025,Catahoula,9893,22.1
28087,Lowndes,59437,22.1
35037,Quay,8373,22.1
48437,Swisher,7484,22.1
1023,Choctaw,13075,22.2
1035,Conecuh,12514,22.2
5035,Crittenden,49013,22.2
5073,Lafayette,6915,22.2
17165,Saline,24231,22.2
21225,Union,14802,22.2
28049,Hinds,241774,22.2
29091,Howell,40102,22.2
40075,Kiowa,9001,22.2
13069,Coffee,42961,22.3
13133,Greene,16976,22.3
13251,Screven,13990,22.3
13293,Upson,26216,22.3
29161,Phelps,44789,22.3
37095,Hyde,5393,22.3
45031,Darlington,67253,22.3
47097,Lauderdale,26297,22.3
47151,Scott,21954,22.3
54099,Wayne,40708,22.3
5071,Johnson,26291,22.4
8021,Conejos,8142,22.4
12133,Washington,24566,22.4
39105,Meigs,23160,22.4
51830,Williamsburg,14788,22.4
4007,Gila,53400,22.5
5137,Stone,12446,22.5
6015,Del Norte,27424,22.5
13267,Tattnall,25353,22.5
29057,Dade,7590,22.5
39053,Gallia,30195,22.5
45001,Abbeville,24657,22.5
45025,Chesterfield,46024,22.5
45047,Greenwood,70264,22.5
54011,Cabell,95318,22.5
5021,Clay,15061,22.6
13167,Johnson,9730,22.6
39001,Adams,27878,22.6
48429,Stephens,9372,22.6
56001,Albany,38102,22.6
6047,Merced,269075,22.7
12093,Okeechobee,40572,22.7
13239,Quitman,2276,22.7
22123,West Carroll,11180,22.7
47131,Obion,30520,22.7
51520,Bristol,16843,22.7
21035,Calloway,38776,22.8
21155,Marion,19232,22.8
40067,Jefferson,6223,22.8
40089,McCurtain,32966,22.8
48115,Dawson,12964,22.8
48385,Real,3389,22.8
8011,Bent,5809,22.9
21115,Johnson,22843,22.9
21165,Menifee,6405,22.9
35003,Catron,3539,22.9
40029,Coal,5618,22.9
45039,Fairfield,22712,22.9
47177,Warren,40454,22.9
54089,Summers,13018,22.9
13201,Miller,5836,23
21053,Clinton,10211,23
28159,Winston,18358,23
29141,Morgan,20137,23
37015,Bertie,19644,23
37107,Lenoir,57227,23
41045,Malheur,30431,23
48249,Jim Wells,41192,23
54001,Barbour,16730,23
12029,Dixie,16437,23.1
26163,Wayne,1761382,23.1
28007,Attala,18581,23.1
29143,New Madrid,17811,23.1
40135,Sequoyah,41359,23.1
54103,Wetzel,15614,23.1
5011,Bradley,10948,23.2
5069,Jefferson,70424,23.2
28061,Jasper,16529,23.2
48191,Hall,3074,23.2
5067,Jackson,17225,23.3
13001,Appling,18454,23.3
16025,Camas,886,23.3
22017,Caddo,248361,23.3
28019,Choctaw,8321,23.3
28025,Clay,19808,23.3
29147,Nodaway,22547,23.3
48419,Shelby,25478,23.3
54045,Logan,33801,23.3
13245,Richmond,201463,23.4
28009,Benton,8253,23.4
37091,Hertford,24153,23.4
45027,Clarendon,34017,23.4
1013,Butler,20025,23.5
1107,Pickens,20298,23.5
13131,Grady,24926,23.5
26035,Clare,30616,23.5
37187,Washington,12156,23.5
47019,Carter,56391,23.5
47091,Johnson,17789,23.5
13091,Dodge,20919,23.6
21199,Pulaski,64145,23.6
22081,Red River,8618,23.6
28117,Prentiss,25360,23.6
32021,Mineral,4448,23.6
37065,Edgecombe,53332,23.6
39145,Scioto,76377,23.6
47025,Claiborne,31613,23.6
48279,Lamb,13262,23.6
8003,Alamosa,16444,23.7
13279,Toombs,27048,23.7
13299,Ware,35599,23.7
21125,Laurel,60180,23.7
21169,Metcalfe,10004,23.7
28099,Neshoba,29376,23.7
48119,Delta,5215,23.7
13035,Butts,23750,23.8
13173,Lanier,10366,23.8
22127,Winn,14494,23.8
26085,Lake,11763,23.8
28071,Lafayette,53459,23.8
35007,Colfax,12353,23.8
37047,Columbus,56293,23.8
5049,Fulton,12139,23.9
13317,Wilkes,9884,23.9
21009,Barren,43680,23.9
22001,Acadia,62568,23.9
22073,Ouachita,156075,23.9
29149,Oregon,10699,23.9
37147,Pitt,177372,23.9
37181,Vance,44482,23.9
48079,Cochran,2904,23.9
1053,Escambia,37328,24
1061,Geneva,26491,24
4023,Santa Cruz,46584,24
13075,Cook,17184,24
13205,Mitchell,22432,24
22009,Avoyelles,40882,24
28029,Copiah,28721,24
48405,San Augustine,8327,24
51105,Lee,24134,24
5103,Ouachita,24106,24.1
6019,Fresno,978130,24.1
13025,Brantley,18561,24.1
13141,Hancock,8535,24.1
21137,Lincoln,24458,24.1
29223,Wayne,13308,24.1
37061,Duplin,59062,24.1
37153,Richmond,45189,24.1
37163,Sampson,63561,24.1
48471,Walker,71539,24.1
51037,Charlotte,12095,24.1
6025,Imperial,180216,24.2
29510,St. Louis,311273,24.2
45067,Marion,31562,24.2
45075,Orangeburg,88454,24.2
5057,Hempstead,22018,24.3
18105,Monroe,145403,24.3
21171,Monroe,10634,24.3
21217,Taylor,25500,24.3
28005,Amite,12468,24.3
29215,Texas,25671,24.3
47061,Grundy,13331,24.3
51051,Dickenson,14960,24.3
51121,Montgomery,97997,24.3
54005,Boone,22817,24.3
13049,Charlton,12983,24.4
13253,Seminole,8437,24.4
28031,Covington,19091,24.4
48347,Nacogdoches,65558,24.4
5113,Polk,20163,24.5
28043,Grenada,21278,24.5
40107,Okfuskee,12115,24.5
51760,Richmond,223787,24.5
12039,Gadsden,46017,24.6
13093,Dooly,13905,24.6
21207,Russell,17760,24.6
21231,Wayne,20609,24.6
22071,Orleans,389648,24.6
37005,Alleghany,10973,24.6
51540,Charlottesville,47042,24.6
8089,Otero,18325,24.7
13277,Tift,40510,24.7
21175,Morgan,13285,24.7
48225,Houston,22955,24.7
48425,Somervell,8743,24.7
12107,Putnam,72766,24.8
13033,Burke,22550,24.8
13119,Franklin,22514,24.8
13163,Jefferson,15772,24.8
13189,McDuffie,21498,24.9
22031,De Soto,27216,24.9
28127,Simpson,27073,24.9
29229,Wright,18293,24.9
35051,Sierra,11135,24.9
42101,Philadelphia,1575522,24.9
47029,Cocke,35336,24.9
5147,Woodruff,6660,25
13319,Wilkinson,9078,25
28035,Forrest,75517,25
29133,Mississippi,13748,25
45061,Lee,17606,25
48041,Brazos,219193,25
28013,Calhoun,14571,25.1
45089,Williamsburg,31794,25.1
54043,Lincoln,21078,25.1
5027,Columbia,23892,25.2
13071,Colquitt,45606,25.2
13087,Decatur,26833,25.2
13185,Lowndes,114582,25.2
37083,Halifax,51737,25.2
37177,Tyrrell,4119,25.2
53001,Adams,19452,25.2
13307,Webster,2613,25.3
21085,Grayson,26178,25.3
46027,Clay,13925,25.3
1025,Clarke,24387,25.4
6107,Tulare,460477,25.5
28155,Webster,9828,25.5
48145,Falls,17299,25.5
51640,Galax,6638,25.5
51690,Martinsville,13101,25.5
12059,Holmes,19430,25.6
35041,Roosevelt,19117,25.6
48131,Duval,11355,25.6
13021,Bibb,153490,25.7
21041,Carroll,10711,25.7
37079,Greene,21008,25.7
1087,Macon,19054,25.8
5093,Mississippi,42831,25.8
21181,Nicholas,7100,25.8
35057,Torrance,15595,25.8
47067,Hancock,6585,25.8
51730,Petersburg,31827,25.8
13235,Pulaski,11295,25.9
21043,Carter,27290,25.9
28079,Leake,22870,25.9
28125,Sharkey,4511,25.9
45009,Bamberg,14600,25.9
1065,Hale,14887,26
5077,Lee,9398,26
21205,Rowan,24499,26
21235,Whitley,36089,26
22049,Jackson,15926,26
37017,Bladen,33778,26
45069,Marlboro,27131,26
13289,Twiggs,8284,26.1
28101,Newton,21524,26.1
48273,Kleberg,31425,26.1
13009,Baldwin,45286,26.2
30003,Big Horn,13376,26.2
37103,Jones,9695,26.2
45011,Barnwell,21577,26.2
13019,Berrien,19025,26.3
13269,Taylor,8193,26.3
13301,Warren,5346,26.3
21159,Martin,11919,26.3
22119,Webster,39631,26.3
29153,Ozark,9236,26.3
29001,Adair,25325,26.4
40119,Payne,81512,26.4
13155,Irwin,9268,26.5
21195,Pike,60483,26.5
26073,Isabella,70775,26.5
35006,Cibola,26978,26.5
1109,Pike,33403,26.6
5123,St. Francis,26294,26.6
13303,Washington,20461,26.6
21045,Casey,15796,26.6
49037,San Juan,15281,26.6
12049,Hardee,27228,26.7
13175,Laurens,47418,26.7
21127,Lawrence,15783,26.7
47027,Clay,7686,26.7
12051,Hendry,40127,26.8
13101,Echols,3994,26.8
13309,Wheeler,7939,26.8
22117,Washington,46457,26.8
45005,Allendale,9214,26.8
48323,Maverick,57970,26.8
53075,Whitman,48593,26.8
29181,Ripley,13693,26.9
47095,Lake,7526,26.9
13027,Brooks,15622,27
13107,Emanuel,22499,27
28065,Jefferson Davis,11495,27
21193,Perry,26917,27.1
21201,Robertson,2143,27.1
22021,Caldwell,9996,27.1
29069,Dunklin,30428,27.1
54015,Clay,8785,27.1
13005,Bacon,11228,27.2
13193,Macon,13480,27.2
37189,Watauga,54117,27.2
13109,Evans,10727,27.3
28097,Montgomery,10198,27.3
48247,Jim Hogg,5282,27.4
17077,Jackson,58551,27.5
22029,Concordia,20021,27.5
22039,Evangeline,33636,27.5
21153,Magoffin,12666,27.6
5099,Nevada,8440,27.7
28147,Walthall,14601,27.7
35013,Doa Ana,215338,27.7
35047,San Miguel,28034,27.7
37165,Scotland,35262,27.7
51027,Buchanan,22138,27.7
13261,Sumter,30352,27.8
1085,Lowndes,10236,27.9
29155,Pemiscot,17031,27.9
13265,Taliaferro,1665,28
54101,Webster,8518,28
5095,Monroe,7249,28.1
21135,Lewis,13490,28.1
35023,Hidalgo,4371,28.1
37155,Robeson,133442,28.1
12079,Madison,18474,28.2
13271,Telfair,16115,28.2
48229,Hudspeth,4098,28.2
51660,Harrisonburg,53391,28.2
22041,Franklin,20322,28.3
30085,Roosevelt,11228,28.3
31173,Thurston,7140,28.3
8025,Crowley,5630,28.4
4017,Navajo,108705,28.5
12027,DeSoto,36399,28.5
22067,Morehouse,25992,28.5
29203,Shannon,8246,28.5
13031,Bulloch,74782,28.7
22097,St. Landry,83449,28.7
54059,Mingo,24741,28.7
13099,Early,10348,28.8
1005,Barbour,25782,28.9
22083,Richland,20474,28.9
28091,Marion,25202,28.9
28123,Scott,28415,29
40023,Choctaw,14886,29
51595,Emporia,5381,29
5041,Desha,11887,29.1
35053,Socorro,17000,29.1
36005,Bronx,1437872,29.1
5017,Chicot,10826,29.2
22013,Bienville,13668,29.2
13165,Jenkins,8827,29.3
38079,Rolette,14603,29.3
40001,Adair,22113,29.3
13095,Dougherty,91049,29.4
51720,Norton,3990,29.4
12047,Hamilton,14269,29.5
28103,Noxubee,10828,29.5
30005,Blaine,6727,29.6
13037,Calhoun,6428,29.7
22061,Lincoln,47356,29.7
21075,Fulton,6210,29.8
48127,Dimmit,10663,29.8
13003,Atkinson,8265,30
28069,Kemper,10107,30
28105,Oktibbeha,49481,30
8023,Costilla,3687,30.1
48479,Webb,272053,30.1
17003,Alexander,6532,30.2
35029,Luna,24264,30.2
46041,Dewey,5779,30.2
21063,Elliott,7517,30.3
47135,Perry,7912,30.3
21109,Jackson,13373,30.4
16065,Madison,38705,30.5
22027,Claiborne,16153,30.5
28135,Tallahatchie,14361,30.6
39009,Athens,65936,30.6
48061,Cameron,421750,30.6
13081,Crisp,22846,30.8
1099,Monroe,21512,30.9
1047,Dallas,40029,31.1
1131,Wilcox,10809,31.1
48215,Hidalgo,849389,31.2
1119,Sumter,12985,31.3
13059,Clarke,124602,31.3
1011,Bullock,10352,31.4
48101,Cottle,1623,31.4
48109,Culberson,2241,31.4
28133,Sunflower,26532,31.5
13017,Ben Hill,17154,31.6
21071,Floyd,36926,31.7
13273,Terrell,8859,31.9
21237,Wolfe,7223,32.3
21133,Letcher,22676,32.4
28163,Yazoo,27974,32.5
55078,Menominee,4579,32.6
21065,Estill,14313,32.7
13043,Candler,10827,32.8
28157,Wilkinson,8990,32.8
48489,Willacy,21754,33
5107,Phillips,19034,33.2
21119,Knott,15513,33.2
21121,Knox,31467,33.3
28151,Washington,47086,33.3
30035,Glacier,13699,33.3
54047,McDowell,19217,33.3
48377,Presidio,7123,33.4
21129,Lee,6751,33.5
22069,Natchitoches,38963,33.5
28113,Pike,39737,33.8
45033,Dillon,30871,33.8
28027,Coahoma,23802,34
28001,Adams,31547,34.3
28011,Bolivar,32592,34.6
46007,Bennett,3437,34.6
21189,Owsley,4463,34.7
38005,Benson,6886,34.8
48507,Zavala,12131,34.8
4001,Apache,71522,35.3
13287,Turner,7962,35.3
48427,Starr,63894,35.3
21025,Breathitt,13116,35.5
28119,Quitman,7372,35.5
21131,Leslie,10472,35.6
51750,Radford,17630,35.9
35031,McKinley,72849,36
21095,Harlan,27134,36.2
38085,Sioux,4413,36.5
13243,Randolph,7087,37
13259,Stewart,6042,37
21013,Bell,27188,37.1
21147,McCreary,17635,37.5
22065,Madison,11472,37.8
28053,Humphreys,8539,38.1
21051,Clay,20621,38.6
1063,Greene,8426,38.7
48047,Brooks,7180,38.9
13065,Clinch,6743,39.2
28083,Leflore,29804,39.2
46017,Buffalo,2053,39.2
48505,Zapata,14369,39.5
22107,Tensas,4666,40
46137,Ziebach,2814,41
13061,Clay,3001,41.1
28055,Issaquena,1328,41.7
1105,Perry,9486,41.8
28051,Holmes,18075,43.6
28021,Claiborne,9120,44
46031,Corson,4168,44.3
46071,Jackson,3287,47.7
46095,Mellette,2055,48.3
22035,East Carroll,7225,48.6
46102,Oglala Lakota,14335,49.3
28063,Jefferson,7346,49.7
46121,Todd,10146,55.1
