geoid,weighted_wfp,e_pop,state
31039,0,8991,NEBRASKA
53069,0,4189,WASHINGTON
35011,0,2060,NEW MEXICO
31109,0,310094,NEBRASKA
31129,1.363232629,4275,NEBRASKA
46099,0.108635052,186749,SOUTH DAKOTA
48327,55.60186935,2123,TEXAS
6091,88.85178467,2930,CALIFORNIA
21053,0,10211,KENTUCKY
39063,0,75690,OHIO
48189,1.511338055,34113,TEXAS
1027,52.42567598,13378,ALABAMA
48011,27.86732684,1916,TEXAS
39003,0,103642,OHIO
13189,76.34400241,21498,GEORGIA
55111,0.705041889,63596,WISCONSIN
5137,1.125129988,12446,ARKANSAS
41063,71.88711375,6924,OREGON
42007,0,166896,PENNSYLVANIA
28061,22.89863421,16529,MISSISSIPPI
29083,0.4783721,21765,MISSOURI
8109,5.586362052,6468,COLORADO
37037,51.2782758,69791,NORTH CAROLINA
49033,4.961321279,2350,UTAH
40001,68.00814558,22113,OKLAHOMA
39085,0,230052,OHIO
51775,9.390053041,25519,VIRGINIA
51121,0.77871275,97997,VIRGINIA
47065,47.89574409,357546,TENNESSEE
35035,10.921064,65745,NEW MEXICO
35003,16.11124984,3539,NEW MEXICO
1091,0,19538,ALABAMA
56023,22.13469563,19011,WYOMING
29011,0,11850,MISSOURI
48057,13.14500522,21807,TEXAS
51735,29.02992727,12039,VIRGINIA
54075,0.340286511,8531,WEST VIRGINIA
48077,45.45925815,10387,TEXAS
51095,6.333190215,74153,VIRGINIA
31101,7.21555516,8099,NEBRASKA
31137,0,9120,NEBRASKA
22019,0,200182,LOUISIANA
22111,0,22475,LOUISIANA
40135,58.52752756,41359,OKLAHOMA
1049,42.27529982,71200,ALABAMA
36101,0,96927,NEW YORK
42053,0,7351,PENNSYLVANIA
22105,0,130504,LOUISIANA
51179,0,144012,VIRGINIA
26109,0,23234,MICHIGAN
18073,0,33449,INDIANA
13025,0,18561,GEORGIA
13171,78.79393877,18513,GEORGIA
18151,0,34474,INDIANA
48361,36.3615999,84047,TEXAS
39047,0,28645,OHIO
25015,0,161159,MASSACHUSETTS
21003,0,20794,KENTUCKY
37001,1.179384166,160576,NORTH CAROLINA
20073,70.78739668,6156,KANSAS
25025,0,791766,MASSACHUSETTS
16051,1.804194446,27969,IDAHO
48177,0,20667,TEXAS
47115,75.26208836,28417,TENNESSEE
26007,0.007625072,28612,MICHIGAN
21231,2.807798517,20609,KENTUCKY
47185,1.703201591,26580,TENNESSEE
48147,6.304393,34175,TEXAS
20043,0,7736,KANSAS
48265,62.82677225,51365,TEXAS
12053,54.14883633,182696,FLORIDA
12129,0,31877,FLORIDA
12131,0,65858,FLORIDA
28017,0,17279,MISSISSIPPI
26035,6.086094399,30616,MICHIGAN
20157,0.019858953,4686,KANSAS
12127,0,527634,FLORIDA
40017,1.789964606,136710,OKLAHOMA
13115,90.19296578,96824,GEORGIA
32001,0.289229215,24010,NEVADA
31181,0,3571,NEBRASKA
17067,0,18112,ILLINOIS
46067,4.341994505,7315,SOUTH DAKOTA
41013,51.8823919,22337,OREGON
50011,0,49025,VERMONT
26103,2.489163491,66939,MICHIGAN
9007,0.08238418,163368,CONNECTICUT
37057,41.38137429,164664,NORTH CAROLINA
17025,0,13338,ILLINOIS
29103,0,3951,MISSOURI
29117,0,15076,MISSOURI
42117,0,41226,PENNSYLVANIA
31043,2.274579999,20317,NEBRASKA
26089,0,21639,MICHIGAN
51181,1.595079156,6600,VIRGINIA
48391,0,7236,TEXAS
39017,0,378294,OHIO
13273,15.64904931,8859,GEORGIA
13063,19.55491986,278666,GEORGIA
56013,29.81358396,40076,WYOMING
18115,0,5887,INDIANA
13073,77.09509155,147295,GEORGIA
8115,0,2350,COLORADO
30065,6.596480833,4807,MONTANA
42043,0,274515,PENNSYLVANIA
46101,1.707239114,6506,SOUTH DAKOTA
54079,3.457795653,56652,WEST VIRGINIA
34037,69.14382327,142298,NEW JERSEY
20039,0,2881,KANSAS
18123,0,19141,INDIANA
28145,6.319198116,28356,MISSISSIPPI
31015,13.54008598,2042,NEBRASKA
27095,44.87046777,25728,MINNESOTA
38099,9.707744928,10802,NORTH DAKOTA
39115,0,14702,OHIO
39133,0,162644,OHIO
56041,17.81765655,20609,WYOMING
32013,1.729603837,16904,NEVADA
48247,0.383853204,5282,TEXAS
8017,0,2039,COLORADO
41005,57.85189512,405788,OREGON
5113,30.94982889,20163,ARKANSAS
13193,65.2631606,13480,GEORGIA
18007,0,8667,INDIANA
47129,29.31534409,21596,TENNESSEE
46043,3.998303496,2930,SOUTH DAKOTA
24047,0,51564,MARYLAND
17185,0,11573,ILLINOIS
18069,0,36378,INDIANA
21209,0,53517,KENTUCKY
19053,1.118724067,8044,IOWA
18169,0,31631,INDIANA
18003,0,370016,INDIANA
18099,0,46595,INDIANA
31171,18.21347521,645,NEBRASKA
38085,28.77713019,4413,NORTH DAKOTA
48127,0.058125569,10663,TEXAS
27045,0,20888,MINNESOTA
45023,1.388784688,32326,SOUTH CAROLINA
27073,8.956707143,6773,MINNESOTA
49005,2.873994737,122336,UTAH
55093,0,41603,WISCONSIN
13049,0,12983,GEORGIA
13233,86.13840139,41621,GEORGIA
17113,0,173219,ILLINOIS
23001,0,107444,MAINE
16055,44.98663504,153605,IDAHO
32003,26.36900545,2141574,NEVADA
20147,0,5408,KANSAS
31089,33.4437296,10245,NEBRASKA
29101,0,53689,MISSOURI
55063,0,117850,WISCONSIN
22021,0,9996,LOUISIANA
21061,0,12122,KENTUCKY
17005,0,16712,ILLINOIS
17009,0,6675,ILLINOIS
27085,0.005038012,35825,MINNESOTA
55033,0,44498,WISCONSIN
8027,67.25970865,4640,COLORADO
29123,0.367626179,12205,MISSOURI
48353,63.08258319,14966,TEXAS
42127,0,51536,PENNSYLVANIA
36091,35.62994014,227377,NEW YORK
48041,0,219193,TEXAS
40095,50.56962891,16376,OKLAHOMA
24001,0,71977,MARYLAND
54103,0,15614,WEST VIRGINIA
55053,1.473912681,20506,WISCONSIN
41007,0,38562,OREGON
53041,22.92566171,76947,WASHINGTON
36003,0,47025,NEW YORK
19031,0,18445,IOWA
18117,0,19547,INDIANA
13089,2.896798558,743187,GEORGIA
13227,80.58376638,30832,GEORGIA
30015,0.613408415,5789,MONTANA
31017,27.19667908,2988,NEBRASKA
47013,30.71366948,39687,TENNESSEE
37069,0.782839482,64902,NORTH CAROLINA
24510,0,614700,MARYLAND
20111,60.02854479,33299,KANSAS
19027,0,20344,IOWA
22107,0,4666,LOUISIANA
47123,0.28190292,45876,TENNESSEE
20075,0,2616,KANSAS
19151,0,6898,IOWA
16045,73.59449784,17052,IDAHO
5063,0,37264,ARKANSAS
5085,0,72206,ARKANSAS
18111,0,14018,INDIANA
13119,76.79031211,22514,GEORGIA
12051,30.43958252,40127,FLORIDA
13265,8.17419691,1665,GEORGIA
48245,60.10174557,255210,TEXAS
30059,45.21400209,1968,MONTANA
8067,77.88027592,55101,COLORADO
48027,23.58131548,342236,TEXAS
28069,0,10107,MISSISSIPPI
5019,0.232908716,22385,ARKANSAS
41035,47.03968586,66310,OREGON
36075,0,119104,NEW YORK
1019,83.06517458,25853,ALABAMA
48019,37.44722298,21763,TEXAS
30087,12.86086354,9250,MONTANA
35059,7.984450265,4175,NEW MEXICO
26153,1.484446647,8069,MICHIGAN
36111,28.43283824,179303,NEW YORK
34007,2.202437448,507367,NEW JERSEY
17083,0,22069,ILLINOIS
51085,0,104449,VIRGINIA
20199,0,1575,KANSAS
26003,0.865828174,9194,MICHIGAN
5049,0.990911184,12139,ARKANSAS
48215,6.653249113,849389,TEXAS
37155,78.57132209,133442,NORTH CAROLINA
26123,0.019838542,48142,MICHIGAN
41049,36.61113844,11215,OREGON
27153,41.55350559,24440,MINNESOTA
5083,9.567329908,21757,ARKANSAS
37109,75.63821975,81441,NORTH CAROLINA
5091,25.3142407,43759,ARKANSAS
12095,18.29264539,1321194,FLORIDA
8111,74.29791671,544,COLORADO
16041,12.64597848,13279,IDAHO
13045,87.25444064,116022,GEORGIA
20161,49.76389337,75296,KANSAS
48413,65.61277209,3061,TEXAS
51167,14.40227797,27408,VIRGINIA
37027,75.61749645,81779,NORTH CAROLINA
16065,13.26322513,38705,IDAHO
18173,0,61928,INDIANA
21001,0,19241,KENTUCKY
21077,0,8703,KENTUCKY
21097,0,18668,KENTUCKY
23023,0,35277,MAINE
30097,41.94242447,3653,MONTANA
48181,19.86635159,128560,TEXAS
42059,0,37144,PENNSYLVANIA
20051,0,28878,KANSAS
1065,0,14887,ALABAMA
1105,0.489543093,9486,ALABAMA
1033,5.800519483,54495,ALABAMA
20151,22.42474333,9582,KANSAS
21017,0,20144,KENTUCKY
47149,0,307128,TENNESSEE
13075,0,17184,GEORGIA
20101,0,1642,KANSAS
40059,47.10118426,3847,OKLAHOMA
17147,0,16427,ILLINOIS
48107,32.87169705,5861,TEXAS
1063,0,8426,ALABAMA
16033,1.794335958,1077,IDAHO
19109,0,15075,IOWA
38013,3.326081691,2213,NORTH DAKOTA
37063,0,306457,NORTH CAROLINA
19085,0.070569106,14143,IOWA
31103,25.59797651,792,NEBRASKA
19187,0,36757,IOWA
17151,0,4249,ILLINOIS
47159,0,19458,TENNESSEE
51089,1.480016202,51588,VIRGINIA
51510,0,156505,VIRGINIA
19101,0,18077,IOWA
30049,53.43990809,67077,MONTANA
49013,44.36255377,20219,UTAH
40003,1.793116417,5857,OKLAHOMA
48119,0.517851384,5215,TEXAS
47169,0,9573,TENNESSEE
21193,71.11409312,26917,KENTUCKY
46039,26.78910487,4306,SOUTH DAKOTA
41029,90.02030722,214267,OREGON
48507,0.570244673,12131,TEXAS
31007,5.891838822,696,NEBRASKA
19121,0,15890,IOWA
12011,56.84847196,1909151,FLORIDA
13279,0,27048,GEORGIA
26151,0,41376,MICHIGAN
48397,0,93642,TEXAS
26163,0,1761382,MICHIGAN
27105,0,21839,MINNESOTA
27001,24.51185127,15834,MINNESOTA
38071,0.012615338,11557,NORTH DAKOTA
37145,0,39305,NORTH CAROLINA
20195,0,2858,KANSAS
28151,0,47086,MISSISSIPPI
48133,54.15159207,18270,TEXAS
28055,0,1328,MISSISSIPPI
48123,0.130116627,20435,TEXAS
48005,25.23839951,87607,TEXAS
45081,23.70427755,20299,SOUTH CAROLINA
29125,0.017687777,8884,MISSOURI
5001,0,18124,ARKANSAS
29109,0.604612012,38133,MISSOURI
51540,0,47042,VIRGINIA
17011,0,33381,ILLINOIS
39145,0.668185423,76377,OHIO
37115,34.24700797,21405,NORTH CAROLINA
16053,25.02310275,23431,IDAHO
39163,0,13111,OHIO
48309,10.40268212,248429,TEXAS
16037,32.32726672,4141,IDAHO
19089,0,9264,IOWA
12099,42.04871131,1446277,FLORIDA
13181,13.21081912,7799,GEORGIA
1013,0,20025,ALABAMA
47165,0,179473,TENNESSEE
51097,8.399957615,7052,VIRGINIA
5015,0,27887,ARKANSAS
51820,19,21926,VIRGINIA
41051,33.23504576,798647,OREGON
47061,75.84109573,13331,TENNESSEE
27057,33.46985204,20862,MINNESOTA
38081,9.594388776,3883,NORTH DAKOTA
36089,0,109558,NEW YORK
29179,0.653786248,6315,MISSOURI
6067,36.49232015,1510023,CALIFORNIA
39125,0,18872,OHIO
18179,0,27947,INDIANA
51063,0,15666,VIRGINIA
6083,33.31424022,443738,CALIFORNIA
54005,43.21379604,22817,WEST VIRGINIA
28009,31.63954653,8253,MISSISSIPPI
21055,0,9083,KENTUCKY
19147,0,9055,IOWA
19159,0.331215398,4984,IOWA
37151,18.21074557,142958,NORTH CAROLINA
24015,0,102517,MARYLAND
18171,0,8247,INDIANA
31077,0.140689569,2410,NEBRASKA
31095,0.002935958,7188,NEBRASKA
31151,0,14288,NEBRASKA
21119,72.1355121,15513,KENTUCKY
19045,0,47218,IOWA
27063,0,10047,MINNESOTA
27039,0,20582,MINNESOTA
27047,0,30526,MINNESOTA
6009,95.61550312,45235,CALIFORNIA
25001,0,213690,MASSACHUSETTS
51119,0,10700,VIRGINIA
42065,0,44084,PENNSYLVANIA
18089,0,486849,INDIANA
47003,0,47558,TENNESSEE
47027,0,7686,TENNESSEE
17029,0,51736,ILLINOIS
47097,0,26297,TENNESSEE
41001,48.92511533,15984,OREGON
36097,0,17992,NEW YORK
26159,0,75272,MICHIGAN
17131,0,15693,ILLINOIS
21127,46.85190633,15783,KENTUCKY
21175,44.42374892,13285,KENTUCKY
21177,0,31081,KENTUCKY
17049,0,34174,ILLINOIS
47105,0,51610,TENNESSEE
46025,4.289575457,3673,SOUTH DAKOTA
12041,0,17615,FLORIDA
18157,0,189294,INDIANA
42109,0,40466,PENNSYLVANIA
48277,14.7456972,49532,TEXAS
12086,49.61318211,2715516,FLORIDA
31057,0,2023,NEBRASKA
48289,3.187155732,17098,TEXAS
8097,42.55282967,17909,COLORADO
38035,3.61798247,70400,NORTH DAKOTA
18091,0,110552,INDIANA
18057,0,316095,INDIANA
51595,0,5381,VIRGINIA
40081,50.83768159,34854,OKLAHOMA
20071,0,1200,KANSAS
13145,18.86270642,33590,GEORGIA
13251,43.15484095,13990,GEORGIA
48433,41.72223774,1385,TEXAS
39069,0,27316,OHIO
33009,0,89811,NEW HAMPSHIRE
29145,2.051630141,58202,MISSOURI
18129,0,25589,INDIANA
48311,0,662,TEXAS
17035,0,10865,ILLINOIS
13297,26.62122302,90132,GEORGIA
27121,5.280225714,10980,MINNESOTA
51157,27.61008059,7332,VIRGINIA
51009,6.193573874,31882,VIRGINIA
6111,51.50958271,848112,CALIFORNIA
17033,0,19088,ILLINOIS
8093,36.89428374,17392,COLORADO
6037,51.31649234,10098052,CALIFORNIA
4027,3.116427682,207829,ARIZONA
13129,83.81316522,56790,GEORGIA
19025,0,9780,IOWA
12055,77.4927938,102101,FLORIDA
51580,0,5582,VIRGINIA
50017,0,28937,VERMONT
20113,31.23997111,28630,KANSAS
4021,24.24236751,419721,ARIZONA
39051,0,42305,OHIO
8003,0.564818869,16444,COLORADO
12017,82.78351393,143087,FLORIDA
47041,0,19601,TENNESSEE
42031,0,38827,PENNSYLVANIA
46097,1.047779436,2229,SOUTH DAKOTA
46073,19.50635233,2029,SOUTH DAKOTA
18031,0,26552,INDIANA
18037,0,42418,INDIANA
51057,0,11036,VIRGINIA
45089,75.18628883,31794,SOUTH CAROLINA
36031,0,37751,NEW YORK
19195,0,7489,IOWA
40063,57.7884644,13460,OKLAHOMA
51027,32.5669154,22138,VIRGINIA
51005,0.003209317,15286,VIRGINIA
28087,0,59437,MISSISSIPPI
18143,0,23743,INDIANA
8099,0.483331016,12052,COLORADO
48435,58.23834422,3865,TEXAS
40101,46.80116595,69084,OKLAHOMA
29043,1.082558955,84275,MISSOURI
28073,59.20492518,61223,MISSISSIPPI
18137,0,28425,INDIANA
38057,23.38955306,8570,NORTH DAKOTA
13147,53.44293505,25631,GEORGIA
22049,0,15926,LOUISIANA
51133,0,12223,VIRGINIA
48157,2.928810813,739342,TEXAS
55047,13.20728627,18757,WISCONSIN
30073,13.08497961,6044,MONTANA
55127,0,103013,WISCONSIN
32021,8.289932735,4448,NEVADA
17057,0,35418,ILLINOIS
36103,9.614290277,1487901,NEW YORK
18161,0,7153,INDIANA
29119,2.927536839,22827,MISSOURI
31157,3.441121084,36255,NEBRASKA
35047,20.67496877,28034,NEW MEXICO
1081,2.596178033,159287,ALABAMA
48367,61.43401819,129802,TEXAS
38021,5.479602039,4970,NORTH DAKOTA
38003,2.274768651,10836,NORTH DAKOTA
27143,0,14912,MINNESOTA
13293,87.59157379,26216,GEORGIA
6097,88.15711377,501317,CALIFORNIA
26033,20.4523053,37834,MICHIGAN
16019,24.3553762,112397,IDAHO
13013,9.084642394,76887,GEORGIA
13183,0,18156,GEORGIA
48271,11.70003736,3675,TEXAS
40115,3.303781975,31566,OKLAHOMA
42033,0,80216,PENNSYLVANIA
26037,0,77896,MICHIGAN
17135,0,29009,ILLINOIS
28003,70.067472,37180,MISSISSIPPI
28071,0.000541214,53459,MISSISSIPPI
22043,6.353079019,22348,LOUISIANA
29005,0,5270,MISSOURI
17115,0,106512,ILLINOIS
26149,0,60897,MICHIGAN
17055,0,39127,ILLINOIS
30033,7.282147425,1141,MONTANA
31001,0.77792032,31583,NEBRASKA
27109,0,153065,MINNESOTA
34039,49.97079897,553066,NEW JERSEY
1097,21.79460457,414659,ALABAMA
46087,1.114294785,5511,SOUTH DAKOTA
1057,2.23118674,16585,ALABAMA
1017,6.47887371,33826,ALABAMA
37131,0,20186,NORTH CAROLINA
8081,35.32242043,13060,COLORADO
21087,0,11023,KENTUCKY
18047,0,22842,INDIANA
37013,0.766343583,47243,NORTH CAROLINA
38015,14.23708692,93737,NORTH DAKOTA
37159,77.5818899,139605,NORTH CAROLINA
26071,0,11212,MICHIGAN
27067,5.54468272,42658,MINNESOTA
21237,52.43697255,7223,KENTUCKY
48149,0,25066,TEXAS
46081,31.71371092,25234,SOUTH DAKOTA
23029,0,31694,MAINE
48045,39.31880763,1546,TEXAS
26131,0,5968,MICHIGAN
28015,0.548271317,10129,MISSISSIPPI
41003,0,89780,OREGON
27133,0,9413,MINNESOTA
42063,0,85755,PENNSYLVANIA
22061,0,47356,LOUISIANA
42099,0,45924,PENNSYLVANIA
46137,21.37920782,2814,SOUTH DAKOTA
48203,72.33090076,66645,TEXAS
26013,0,8507,MICHIGAN
40131,32.79026005,90814,OKLAHOMA
29019,0,176515,MISSOURI
40015,10.20397298,29342,OKLAHOMA
8059,71.35433163,570427,COLORADO
54011,21.75449508,95318,WEST VIRGINIA
48383,7.828728759,3752,TEXAS
5141,0.999882447,16684,ARKANSAS
8117,11.63942305,30429,COLORADO
20035,58.0445588,35591,KANSAS
5071,1.188104278,26291,ARKANSAS
36041,0,4575,NEW YORK
51045,1.753789239,5113,VIRGINIA
48083,56.38521289,8391,TEXAS
4017,13.11343709,108705,ARIZONA
28085,53.15578915,34432,MISSISSIPPI
48357,9.600302101,10348,TEXAS
48103,11.08957996,4839,TEXAS
56003,23.09802286,11901,WYOMING
47081,0,24678,TENNESSEE
28143,0,10170,MISSISSIPPI
29081,0,8554,MISSOURI
18005,0,81893,INDIANA
13223,88.65836863,155840,GEORGIA
39015,0,43679,OHIO
47141,0.041761983,76440,TENNESSEE
38101,2.492484505,69034,NORTH DAKOTA
25027,0,822280,MASSACHUSETTS
39091,0,45307,OHIO
6031,8.483422483,150075,CALIFORNIA
6073,49.23735379,3302833,CALIFORNIA
13079,46.47153533,12344,GEORGIA
29037,0,102678,MISSOURI
36027,41.26333534,293894,NEW YORK
48477,0,34796,TEXAS
8101,16.35175842,164685,COLORADO
29067,3.781515767,13374,MISSOURI
38009,0,6589,NORTH DAKOTA
37051,71.15094713,332106,NORTH CAROLINA
56017,27.72082042,4680,WYOMING
26001,6.138437677,10364,MICHIGAN
6061,84.4333313,380077,CALIFORNIA
5129,4.551748458,7923,ARKANSAS
48305,13.56021583,5808,TEXAS
36077,0,60244,NEW YORK
37153,93.40367516,45189,NORTH CAROLINA
37093,89.43330414,53239,NORTH CAROLINA
31131,0,15896,NEBRASKA
42023,0,4686,PENNSYLVANIA
45035,88.55944448,155474,SOUTH CAROLINA
27161,0,18809,MINNESOTA
46015,8.634293155,5256,SOUTH DAKOTA
47177,12.11801005,40454,TENNESSEE
17023,0,15836,ILLINOIS
21201,0,2143,KENTUCKY
47095,0,7526,TENNESSEE
45015,66.59632189,209065,SOUTH CAROLINA
5051,5.343157731,98296,ARKANSAS
20139,32.42077302,15882,KANSAS
39155,0,201794,OHIO
48333,47.56261337,4902,TEXAS
48359,23.46440482,2090,TEXAS
42019,0,186566,PENNSYLVANIA
16049,86.88397748,16337,IDAHO
20115,20.64971389,12032,KANSAS
51029,0.260768557,17004,VIRGINIA
37025,78.03437377,201448,NORTH CAROLINA
29225,6.204432271,38082,MISSOURI
49011,25.32054871,340621,UTAH
27033,0,11372,MINNESOTA
12093,71.33487712,40572,FLORIDA
13291,66.48331521,22775,GEORGIA
19013,0,133009,IOWA
48403,9.275926785,10458,TEXAS
39131,0,28214,OHIO
1125,2.515618729,206213,ALABAMA
1131,0,10809,ALABAMA
28097,0.196205855,10198,MISSISSIPPI
31099,0,6552,NEBRASKA
31087,0,2843,NEBRASKA
10003,0,555133,DELAWARE
16081,34.08057962,11080,IDAHO
17161,0,145275,ILLINOIS
51073,4.913229417,37161,VIRGINIA
5133,27.36711483,17193,ARKANSAS
18017,0,38084,INDIANA
16077,42.59765125,7713,IDAHO
18015,0,19994,INDIANA
42101,0,1575522,PENNSYLVANIA
56043,19.33913493,8129,WYOMING
37029,0,10447,NORTH CAROLINA
36109,0,102962,NEW YORK
5069,0,70424,ARKANSAS
5079,0,13695,ARKANSAS
55123,0,30516,WISCONSIN
29093,2.737346866,10221,MISSOURI
48223,4.794809755,36240,TEXAS
36001,65.67614366,307426,NEW YORK
48225,25.75830198,22955,TEXAS
39111,0,14090,OHIO
20165,0,3102,KANSAS
18107,0,38276,INDIANA
20187,0,2063,KANSAS
21129,50.63907904,6751,KENTUCKY
27071,4.29329872,12644,MINNESOTA
48029,4.677217356,1925865,TEXAS
8013,66.19936483,321030,COLORADO
47089,0.000608071,53247,TENNESSEE
40097,44.21933834,40980,OKLAHOMA
27165,0,10973,MINNESOTA
16013,36.91958322,21994,IDAHO
22053,0,31467,LOUISIANA
46119,15.56013495,1331,SOUTH DAKOTA
8031,4.932681351,693417,COLORADO
40029,62.7334996,5618,OKLAHOMA
30011,2.638855009,1318,MONTANA
48461,4.826698181,3634,TEXAS
18051,0,33596,INDIANA
31105,0.004091524,3667,NEBRASKA
17093,0,124626,ILLINOIS
11001,0,684498,DISTRICT OF COLUMBIA
8085,58.84388787,41268,COLORADO
27171,24.00962556,132745,MINNESOTA
55059,0,168330,WISCONSIN
8037,25.4193926,54357,COLORADO
6075,6.056901197,870044,CALIFORNIA
8113,62.47072607,7968,COLORADO
12109,0,235503,FLORIDA
28019,7.233763203,8321,MISSISSIPPI
29079,0,10039,MISSOURI
26085,4.056766183,11763,MICHIGAN
26139,0,284034,MICHIGAN
17031,0,5223719,ILLINOIS
17059,0,5157,ILLINOIS
45047,11.26143454,70264,SOUTH CAROLINA
20059,0.618320505,25563,KANSAS
27027,16.81504836,62801,MINNESOTA
47075,0,17779,TENNESSEE
49003,3.555441966,53001,UTAH
28139,45.15734848,21990,MISSISSIPPI
54051,0,31645,WEST VIRGINIA
54035,0,29018,WEST VIRGINIA
16039,78.65356053,26433,IDAHO
24005,0,827625,MARYLAND
38005,8.151032177,6886,NORTH DAKOTA
29163,0,18489,MISSOURI
39087,10.04629808,60622,OHIO
29201,0,38729,MISSOURI
39001,0,27878,OHIO
48143,61.07205879,41482,TEXAS
13137,70.53116085,44289,GEORGIA
13319,78.73313921,9078,GEORGIA
54061,0,105252,WEST VIRGINIA
39033,0,42021,OHIO
12027,75.13452676,36399,FLORIDA
9011,0.505609167,268881,CONNECTICUT
39059,0,39274,OHIO
26015,0,60057,MICHIGAN
29209,2.452810436,31527,MISSOURI
51760,0,223787,VIRGINIA
37169,18.32355937,45905,NORTH CAROLINA
19039,0,9282,IOWA
19065,0,19929,IOWA
6041,72.56893156,260295,CALIFORNIA
48381,15.69865052,132475,TEXAS
48401,69.94158939,53595,TEXAS
19181,0,49361,IOWA
39161,0,28281,OHIO
12043,53.39512302,13363,FLORIDA
13199,79.55678821,21113,GEORGIA
8023,37.05497376,3687,COLORADO
48099,44.21078799,75389,TEXAS
19001,0,7124,IOWA
13053,2.200298196,10767,GEORGIA
6043,82.32673427,17540,CALIFORNIA
29089,0,10113,MISSOURI
41047,34.69311309,335553,OREGON
55079,0,954209,WISCONSIN
27139,3.905082517,143372,MINNESOTA
39129,0,57420,OHIO
51145,0,28574,VIRGINIA
8014,6.556532897,66120,COLORADO
47099,0,42937,TENNESSEE
26009,0,23177,MICHIGAN
45069,85.40927269,27131,SOUTH CAROLINA
16009,28.27269972,9086,IDAHO
17103,0,34527,ILLINOIS
31127,0,7004,NEBRASKA
37031,0,68920,NORTH CAROLINA
20149,58.69945928,23545,KANSAS
26075,0,158913,MICHIGAN
48091,54.07225796,135097,TEXAS
25019,0,11101,MASSACHUSETTS
45009,22.23311019,14600,SOUTH CAROLINA
48007,3.943468504,24763,TEXAS
13019,0,19025,GEORGIA
18165,0,15560,INDIANA
26143,24.63865458,23877,MICHIGAN
37005,0.029038845,10973,NORTH CAROLINA
6035,23.35298634,31185,CALIFORNIA
51610,0,14067,VIRGINIA
12081,28.79305672,373853,FLORIDA
39119,0,86076,OHIO
8015,22.0669879,19164,COLORADO
8025,3.357412289,5630,COLORADO
8043,64.21084689,47002,COLORADO
28109,5.671340475,55149,MISSISSIPPI
28111,93.44517757,12028,MISSISSIPPI
31041,15.83268257,10830,NEBRASKA
12013,40.38470733,14444,FLORIDA
21117,0,164688,KENTUCKY
19037,0,12099,IOWA
17037,0,104200,ILLINOIS
19081,0,10888,IOWA
38089,1.162778583,30876,NORTH DAKOTA
26095,0,6364,MICHIGAN
40019,55.34770705,48406,OKLAHOMA
37139,0,39479,NORTH CAROLINA
35055,58.05359248,32888,NEW MEXICO
28011,0,32592,MISSISSIPPI
32023,1.949705596,43705,NEVADA
47073,5.307295535,56402,TENNESSEE
38011,2.736719628,3195,NORTH DAKOTA
42057,0,14506,PENNSYLVANIA
22055,0,240091,LOUISIANA
48237,68.56053849,8842,TEXAS
17175,0,5500,ILLINOIS
40055,24.56206869,5943,OKLAHOMA
48211,31.45559543,4061,TEXAS
16069,35.2078067,40155,IDAHO
46129,33.74027229,5510,SOUTH DAKOTA
6055,82.46361515,140530,CALIFORNIA
40033,16.00273125,5929,OKLAHOMA
29221,2.772485258,24931,MISSOURI
36011,0,77868,NEW YORK
48417,60.5877853,3311,TEXAS
48407,35.80505411,27819,TEXAS
19061,0,96802,IOWA
51075,0,22482,VIRGINIA
20181,0,5966,KANSAS
39139,0,121324,OHIO
17001,0,66427,ILLINOIS
39021,0,38864,OHIO
33019,0,43125,NEW HAMPSHIRE
17075,0,28169,ILLINOIS
19157,0,18605,IOWA
39169,0,116208,OHIO
13113,54.33692178,111369,GEORGIA
13141,48.49281902,8535,GEORGIA
48259,67.43154073,41982,TEXAS
36039,6.991662557,47617,NEW YORK
51137,4.569703619,35612,VIRGINIA
40089,82.04206092,32966,OKLAHOMA
13277,0,40510,GEORGIA
31025,0,25702,NEBRASKA
46077,3.67801471,4967,SOUTH DAKOTA
56009,24.37543939,13997,WYOMING
36043,0,62505,NEW YORK
38047,1.204920745,1927,NORTH DAKOTA
26053,0,15414,MICHIGAN
27005,37.01260438,33773,MINNESOTA
1095,0,95145,ALABAMA
47173,14.10096482,19293,TENNESSEE
54057,4.772672179,27278,WEST VIRGINIA
55003,0,15712,WISCONSIN
17053,0,13398,ILLINOIS
38029,36.9180576,3352,NORTH DAKOTA
6089,91.23874703,179085,CALIFORNIA
22113,0,59867,LOUISIANA
5121,0.136442537,17603,ARKANSAS
55085,0,35345,WISCONSIN
22035,0,7225,LOUISIANA
22037,0,19499,LOUISIANA
22087,11.33338548,45694,LOUISIANA
48481,0.508327789,41551,TEXAS
48153,17.14081801,5872,TEXAS
21151,6.314052088,89700,KENTUCKY
47009,6.301548576,128443,TENNESSEE
30031,52.94492124,104729,MONTANA
45031,78.00233992,67253,SOUTH CAROLINA
1053,4.620780863,37328,ALABAMA
13143,91.35875259,28956,GEORGIA
20001,0.104968789,12630,KANSAS
17041,0,19714,ILLINOIS
51079,29.47540143,19410,VIRGINIA
55137,18.10635962,24116,WISCONSIN
5065,2.664034895,13559,ARKANSAS
6053,54.99683248,433212,CALIFORNIA
35017,15.25092116,28061,NEW MEXICO
29131,1.743515723,25049,MISSOURI
37193,30.42028811,68460,NORTH CAROLINA
29165,0,98824,MISSOURI
29021,0,89076,MISSOURI
1083,0,93052,ALABAMA
18065,0,48483,INDIANA
31143,0,5255,NEBRASKA
39123,0,40709,OHIO
27107,13.44341297,6559,MINNESOTA
19165,0,11694,IOWA
24013,0,167522,MARYLAND
19011,0,25626,IOWA
21159,75.3539088,11919,KENTUCKY
27025,22.1064512,54727,MINNESOTA
21189,70.22832387,4463,KENTUCKY
42015,0,61304,PENNSYLVANIA
54029,0,29680,WEST VIRGINIA
29051,0.377558565,76740,MISSOURI
26021,0,154807,MICHIGAN
42061,0,45421,PENNSYLVANIA
31045,16.0799622,8896,NEBRASKA
51141,0,17859,VIRGINIA
26119,2.109760043,9261,MICHIGAN
26135,32.19516873,8277,MICHIGAN
35007,43.94375503,12353,NEW MEXICO
17163,0,263463,ILLINOIS
17189,0,14155,ILLINOIS
42009,0,48611,PENNSYLVANIA
5127,15.49695832,10442,ARKANSAS
20099,0.006855171,20367,KANSAS
42073,0,87382,PENNSYLVANIA
39067,0,15307,OHIO
37003,75.92335076,37119,NORTH CAROLINA
34009,0,93705,NEW JERSEY
33005,0,76263,NEW HAMPSHIRE
27089,40.47008888,9392,MINNESOTA
51101,2.203764102,16497,VIRGINIA
8055,46.62723792,6583,COLORADO
48255,0,15387,TEXAS
47023,0,17150,TENNESSEE
17171,0,5047,ILLINOIS
49027,0,12733,UTAH
49029,76.56169182,11391,UTAH
48257,0.260187838,118910,TEXAS
4011,37.85732424,9504,ARIZONA
4013,20.3656141,4253913,ARIZONA
26129,12.28575538,20928,MICHIGAN
47087,0,11615,TENNESSEE
17159,0,15881,ILLINOIS
1009,4.114112528,57645,ALABAMA
30051,0,2280,MONTANA
48131,0,11355,TEXAS
29173,0,10217,MISSOURI
48251,29.23328315,163475,TEXAS
13061,0,3001,GEORGIA
41023,55.0980619,7183,OREGON
41011,6.952560619,63308,OREGON
48159,37.39030788,10679,TEXAS
36113,0,64480,NEW YORK
51113,20.02870592,13139,VIRGINIA
40005,65.44055293,13874,OKLAHOMA
17129,0,12367,ILLINOIS
13015,85.0016875,103620,GEORGIA
12069,13.93737033,335362,FLORIDA
40111,44.62579763,38889,OKLAHOMA
38083,2.762253608,1405,NORTH DAKOTA
18049,0,20212,INDIANA
20091,0,585502,KANSAS
24009,0,91082,MARYLAND
55129,0,15689,WISCONSIN
53031,0,30856,WASHINGTON
27169,0,50847,MINNESOTA
28149,0,47075,MISSISSIPPI
29003,0,17403,MISSOURI
29139,0,11545,MISSOURI
20021,0.042712505,20331,KANSAS
37083,0,51737,NORTH CAROLINA
35043,31.99605807,140769,NEW MEXICO
21051,67.62548347,20621,KENTUCKY
42035,0,39074,PENNSYLVANIA
41043,46.31285097,122870,OREGON
55065,0,16735,WISCONSIN
40147,33.56473732,52001,OKLAHOMA
54077,0,33837,WEST VIRGINIA
55135,0.148939504,51444,WISCONSIN
48137,50.58352289,2055,TEXAS
41037,3.239207469,7843,OREGON
29153,5.972028535,9236,MISSOURI
48473,2.066402675,49987,TEXAS
1099,13.39759475,21512,ALABAMA
50009,0,6208,VERMONT
51111,0,12278,VIRGINIA
38097,0.129309449,8019,NORTH DAKOTA
13139,72.72716154,195961,GEORGIA
13283,0,6777,GEORGIA
13037,0,6428,GEORGIA
55125,0,21593,WISCONSIN
27007,53.79218687,46117,MINNESOTA
24019,0,32261,MARYLAND
42037,0,66220,PENNSYLVANIA
39023,0,135198,OHIO
48323,0,57970,TEXAS
4019,5.367226038,1019722,ARIZONA
35006,7.700490052,26978,NEW MEXICO
34005,40.80905178,446367,NEW JERSEY
50021,0.09289718,59273,VERMONT
13099,0,10348,GEORGIA
25007,0,17313,MASSACHUSETTS
38049,0.758576359,5927,NORTH DAKOTA
31179,2.034095888,9367,NEBRASKA
38045,0.487162222,4100,NORTH DAKOTA
16023,0.172776186,2602,IDAHO
33007,0,32038,NEW HAMPSHIRE
38043,5.602359168,2460,NORTH DAKOTA
48273,0.736534022,31425,TEXAS
18127,0,168041,INDIANA
28101,0.317163548,21524,MISSISSIPPI
37163,0.080869122,63561,NORTH CAROLINA
47127,0,6322,TENNESSEE
12103,1.331106043,957875,FLORIDA
17065,0,8221,ILLINOIS
5105,0,10322,ARKANSAS
20023,0,2677,KANSAS
8029,57.14909819,30346,COLORADO
19185,0,6413,IOWA
48165,36.83994537,20321,TEXAS
1093,0.205324864,29965,ALABAMA
37189,15.60308034,54117,NORTH CAROLINA
51770,0.068165043,99621,VIRGINIA
48317,31.71155644,5614,TEXAS
48037,53.42275014,93858,TEXAS
49057,61.33946958,247731,UTAH
29127,0,28672,MISSOURI
36045,0,114448,NEW YORK
19097,0,19395,IOWA
38063,12.762817,2920,NORTH DAKOTA
36019,0,80794,NEW YORK
8045,67.80556381,58538,COLORADO
29177,0,22825,MISSOURI
39073,0,28495,OHIO
1085,0.405022526,10236,ALABAMA
13043,0,10827,GEORGIA
19113,0,222121,IOWA
6105,95.5081899,12862,CALIFORNIA
13215,0.573065659,196670,GEORGIA
28135,0,14361,MISSISSIPPI
20005,0,16363,KANSAS
48003,21.53973081,17818,TEXAS
39109,0,104800,OHIO
48375,40.88508661,120899,TEXAS
40133,52.11255478,25071,OKLAHOMA
45003,93.70349829,166926,SOUTH CAROLINA
6045,90.41919198,87422,CALIFORNIA
51550,5.772983947,237820,VIRGINIA
56037,2.132983393,44117,WYOMING
48169,64.28227491,6288,TEXAS
54031,12.13282877,13842,WEST VIRGINIA
55089,0,88284,WISCONSIN
47163,0.168690494,156734,TENNESSEE
45059,1.713648863,66710,SOUTH CAROLINA
56011,6.109253607,7410,WYOMING
55117,0,115205,WISCONSIN
25013,0,469116,MASSACHUSETTS
48055,5.223885801,41401,TEXAS
20029,4.195413135,9060,KANSAS
6027,8.041552422,18085,CALIFORNIA
1037,20.67731053,10855,ALABAMA
19059,0,17056,IOWA
21095,31.02491223,27134,KENTUCKY
20061,58.59139947,34895,KANSAS
42011,0,416642,PENNSYLVANIA
47019,6.568846172,56391,TENNESSEE
27083,0.037832895,25839,MINNESOTA
51037,0.754857997,12095,VIRGINIA
47179,1.388448825,127055,TENNESSEE
45071,2.904798437,38068,SOUTH CAROLINA
51093,0,36372,VIRGINIA
41069,52.02908419,1426,OREGON
29023,0,42733,MISSOURI
22047,0,32956,LOUISIANA
28125,0,4511,MISSISSIPPI
51061,5.374315923,69115,VIRGINIA
51750,0,17630,VIRGINIA
32005,50.85041525,47828,NEVADA
12037,0,11736,FLORIDA
18055,0,32295,INDIANA
18139,0,16704,INDIANA
55131,0,134535,WISCONSIN
29105,11.73005709,35507,MISSOURI
42085,0,112630,PENNSYLVANIA
5031,0,105701,ARKANSAS
29195,0,23102,MISSOURI
17193,0,14025,ILLINOIS
17039,0,16042,ILLINOIS
32033,3.121040937,9737,NEVADA
27049,0,46217,MINNESOTA
37173,39.01565553,14254,NORTH CAROLINA
12101,73.80473815,510593,FLORIDA
12119,66.63268004,120999,FLORIDA
36059,22.16374528,1356564,NEW YORK
38091,0.339805783,1910,NORTH DAKOTA
18163,0,181313,INDIANA
29071,0,102781,MISSOURI
37011,34.75145085,17501,NORTH CAROLINA
54107,0,85556,WEST VIRGINIA
55007,0,14992,WISCONSIN
47161,0,13301,TENNESSEE
55097,1.782424294,70599,WISCONSIN
45063,85.18170481,286316,SOUTH CAROLINA
24003,0,567696,MARYLAND
55039,0,102315,WISCONSIN
54101,0,8518,WEST VIRGINIA
55061,0,20360,WISCONSIN
48369,2.137145752,9852,TEXAS
40151,34.44541798,9127,OKLAHOMA
21063,29.35843053,7517,KENTUCKY
25003,0.001061198,127328,MASSACHUSETTS
29041,0,7546,MISSOURI
8103,66.20747237,6465,COLORADO
8087,0,28257,COLORADO
41045,41.80102166,30431,OREGON
34023,60.78142416,826698,NEW JERSEY
20167,0.513635561,6977,KANSAS
17155,0,5746,ILLINOIS
46055,11.90711237,2082,SOUTH DAKOTA
47111,0,23487,TENNESSEE
5023,1.576265793,25230,ARKANSAS
1109,0,33403,ALABAMA
16003,85.97422758,4019,IDAHO
25005,0,558905,MASSACHUSETTS
42107,0,143555,PENNSYLVANIA
38103,3.758259706,4055,NORTH DAKOTA
37045,75.45330703,97159,NORTH CAROLINA
5059,1.102676938,33520,ARKANSAS
24021,0,248472,MARYLAND
17169,0,7064,ILLINOIS
6051,36.09483662,14174,CALIFORNIA
6109,80.14244903,53932,CALIFORNIA
35013,0.108061532,215338,NEW MEXICO
13081,51.98025211,22846,GEORGIA
5027,0,23892,ARKANSAS
38039,11.87446703,2266,NORTH DAKOTA
6095,30.00482117,438530,CALIFORNIA
19043,0,17672,IOWA
48449,61.50213272,32730,TEXAS
54027,14.35130211,23363,WEST VIRGINIA
37125,91.58519612,95629,NORTH CAROLINA
20009,3.978394192,26791,KANSAS
38087,5.877779399,704,NORTH DAKOTA
22083,0,20474,LOUISIANA
31071,27.40272995,1975,NEBRASKA
22099,0,53752,LOUISIANA
1119,0,12985,ALABAMA
1133,3.412966889,23875,ALABAMA
12117,0,455086,FLORIDA
28035,89.36071146,75517,MISSISSIPPI
26065,0,289564,MICHIGAN
20177,7.860592919,178284,KANSAS
46061,14.24647487,3397,SOUTH DAKOTA
27061,5.138827311,45203,MINNESOTA
8073,0,5548,COLORADO
36053,0,71359,NEW YORK
36115,9.344774195,61828,NEW YORK
18081,0,151564,INDIANA
48445,5.739757617,12615,TEXAS
35021,15.60463056,459,NEW MEXICO
1121,81.30029357,80565,ALABAMA
55067,0,19164,WISCONSIN
48155,36.54398177,1408,TEXAS
19021,0,20260,IOWA
19129,0,14957,IOWA
48385,56.25709154,3389,TEXAS
39041,0,197008,OHIO
37067,32.88457979,371573,NORTH CAROLINA
32510,68.4293136,54467,NEVADA
19049,0,84002,IOWA
48065,7.19909144,6032,TEXAS
13261,64.28676467,30352,GEORGIA
29223,0,13308,MISSOURI
45007,12.95721992,195995,SOUTH CAROLINA
56007,14.24772547,15477,WYOMING
30093,53.90479675,34814,MONTANA
17177,0,45433,ILLINOIS
26087,0,88202,MICHIGAN
22027,0,16153,LOUISIANA
28161,0,12421,MISSISSIPPI
26079,1.075345507,17463,MICHIGAN
22039,7.756727446,33636,LOUISIANA
47069,1.672160722,25562,TENNESSEE
4003,6.932269642,126279,ARIZONA
35023,0.78421777,4371,NEW MEXICO
38023,0.265162629,2369,NORTH DAKOTA
6071,7.850555886,2135413,CALIFORNIA
8083,50.5369125,25909,COLORADO
28023,3.03191894,15928,MISSISSIPPI
19125,0,33207,IOWA
31055,0,554992,NEBRASKA
51600,0,23865,VIRGINIA
40057,17.38890802,2721,OKLAHOMA
29039,3.956506771,13938,MISSOURI
13059,7.263699446,124602,GEORGIA
16085,77.54861253,10401,IDAHO
48275,35.02575338,3733,TEXAS
5103,0,24106,ARKANSAS
39037,0,51734,OHIO
40071,24.66327922,44880,OKLAHOMA
46041,17.75393596,5779,SOUTH DAKOTA
41057,0,26076,OREGON
13077,86.26269978,140516,GEORGIA
28127,14.94275425,27073,MISSISSIPPI
28131,60.40882371,18375,MISSISSIPPI
6013,49.62045421,1133247,CALIFORNIA
47017,0,28018,TENNESSEE
51087,0,325642,VIRGINIA
18119,0,20878,INDIANA
36119,71.91291771,968815,NEW YORK
29017,0,12281,MISSOURI
54047,23.27727552,19217,WEST VIRGINIA
54033,0,68209,WEST VIRGINIA
37077,0,58874,NORTH CAROLINA
9009,0.255643526,859339,CONNECTICUT
31139,16.92757231,7157,NEBRASKA
13023,0,12775,GEORGIA
13033,42.18117986,22550,GEORGIA
17181,0,17127,ILLINOIS
17091,0,111061,ILLINOIS
38051,1.90477505,2654,NORTH DAKOTA
31141,3.886574001,33063,NEBRASKA
37185,0.320386808,20033,NORTH CAROLINA
13197,59.81547003,8484,GEORGIA
46027,1.062311985,13925,SOUTH DAKOTA
10005,0,219540,DELAWARE
13159,81.89463771,13784,GEORGIA
29175,0,24945,MISSOURI
20015,51.26402397,66468,KANSAS
48209,51.84390112,204150,TEXAS
48325,16.59347522,49334,TEXAS
26105,0,28884,MICHIGAN
45013,42.81507665,182658,SOUTH CAROLINA
46135,5.455004534,22717,SOUTH DAKOTA
55105,0,161769,WISCONSIN
45077,3.227631219,122746,SOUTH CAROLINA
53013,45.89835501,4001,WASHINGTON
18023,0,32301,INDIANA
17027,0,37628,ILLINOIS
16067,7.32760127,20615,IDAHO
42113,0,6177,PENNSYLVANIA
28121,0.305077907,151240,MISSISSIPPI
48345,48.59484638,1156,TEXAS
41039,39.24058334,368882,OREGON
48485,27.57741045,131818,TEXAS
26155,0,68493,MICHIGAN
20089,0,2916,KANSAS
20123,0,6222,KANSAS
12007,0,26979,FLORIDA
28091,0.735239052,25202,MISSISSIPPI
28039,71.0286453,23710,MISSISSIPPI
17085,0,21834,ILLINOIS
18059,0,73830,INDIANA
51620,0,8211,VIRGINIA
48329,26.34814185,164194,TEXAS
20171,0,4949,KANSAS
30013,23.84263222,81746,MONTANA
51660,2.464009923,53391,VIRGINIA
17199,0,67299,ILLINOIS
30029,65.55534621,98082,MONTANA
20189,0,5686,KANSAS
21067,0,318734,KENTUCKY
21091,0,8719,KENTUCKY
46013,13.02229177,38840,SOUTH DAKOTA
54001,0,16730,WEST VIRGINIA
47181,0,16649,TENNESSEE
31013,1.947235062,11089,NEBRASKA
42097,0,92325,PENNSYLVANIA
48469,9.112830615,91970,TEXAS
51530,32,6399,VIRGINIA
26147,0,159566,MICHIGAN
31173,3.490076325,7140,NEBRASKA
50015,0,25268,VERMONT
51067,1.79107723,56233,VIRGINIA
40011,1.577748971,9634,OKLAHOMA
53037,76.27419697,44825,WASHINGTON
18135,0,25076,INDIANA
49025,28.93789704,7350,UTAH
54093,0.000208782,7027,WEST VIRGINIA
55023,0,16288,WISCONSIN
1071,9.852729744,52094,ALABAMA
19123,0,22208,IOWA
20045,0,119319,KANSAS
21059,0,99937,KENTUCKY
21197,15.03495815,12321,KENTUCKY
29097,0.683171793,119238,MISSOURI
41061,73.45816129,26028,OREGON
13151,77.62247254,221307,GEORGIA
38001,1.718491936,2351,NORTH DAKOTA
37137,0,12742,NORTH CAROLINA
21083,0,37294,KENTUCKY
42021,0,134550,PENNSYLVANIA
47107,0.030900656,52773,TENNESSEE
26093,0,188482,MICHIGAN
8001,1.742051813,497115,COLORADO
42069,0,211454,PENNSYLVANIA
40123,52.78770639,38358,OKLAHOMA
40037,55.50129295,71160,OKLAHOMA
48457,60.40518508,21496,TEXAS
47175,43.78868718,5704,TENNESSEE
40125,42.78989651,72000,OKLAHOMA
9013,0,151269,CONNECTICUT
35053,17.61361626,17000,NEW MEXICO
13003,0,8265,GEORGIA
12031,0,924229,FLORIDA
48145,0.354988927,17299,TEXAS
5149,1.847905988,21573,ARKANSAS
20033,34.83319313,1780,KANSAS
21113,0,52422,KENTUCKY
21171,0,10634,KENTUCKY
40075,19.39729702,9001,OKLAHOMA
46079,1.343748018,12574,SOUTH DAKOTA
37033,0,22746,NORTH CAROLINA
48377,11.46696636,7123,TEXAS
39057,0,165811,OHIO
48489,21.49067174,21754,TEXAS
35028,76.24035942,18356,NEW MEXICO
1003,18.26233794,208107,ALABAMA
19007,0,12510,IOWA
51127,1.306554574,21103,VIRGINIA
13263,63.40736864,6378,GEORGIA
36049,0,26719,NEW YORK
54015,0.008078072,8785,WEST VIRGINIA
18077,0,32237,INDIANA
51019,24.4615365,77908,VIRGINIA
35033,45.70688627,4563,NEW MEXICO
31011,1.261533849,5313,NEBRASKA
29149,0.644684161,10699,MISSOURI
47083,0,8176,TENNESSEE
42131,0,27588,PENNSYLVANIA
37107,1.388226086,57227,NORTH CAROLINA
18167,0,107693,INDIANA
18039,0,203604,INDIANA
51077,8.680500787,15811,VIRGINIA
48303,7.693426456,301454,TEXAS
27093,2.444334133,23079,MINNESOTA
39005,0,53477,OHIO
31119,10.67602618,35164,NEBRASKA
12085,15.60454167,157581,FLORIDA
8079,56.16033269,823,COLORADO
13085,86.47811127,23861,GEORGIA
13167,14.35045838,9730,GEORGIA
5095,0,7249,ARKANSAS
29059,11.41745642,16499,MISSOURI
51143,0.933035435,61676,VIRGINIA
20145,3.694883032,6709,KANSAS
20209,0,164345,KANSAS
12029,0,16437,FLORIDA
26157,0,53250,MICHIGAN
20065,0,2545,KANSAS
22097,0,83449,LOUISIANA
47055,0,29167,TENNESSEE
39095,0,432379,OHIO
5093,0,42831,ARKANSAS
18043,0,76809,INDIANA
20129,0.050491451,2838,KANSAS
21081,0,24915,KENTUCKY
21217,0,25500,KENTUCKY
37075,2.231438079,8557,NORTH CAROLINA
54045,56.63317444,33801,WEST VIRGINIA
54073,0,7507,WEST VIRGINIA
51071,0.758154148,16814,VIRGINIA
54019,10.97493338,44126,WEST VIRGINIA
53061,46.48064987,786620,WASHINGTON
35015,4.378254679,57437,NEW MEXICO
31117,20.51689959,454,NEBRASKA
31145,0,10806,NEBRASKA
31149,28.19944455,1350,NEBRASKA
47085,0,18318,TENNESSEE
17125,0,13778,ILLINOIS
51197,0,28940,VIRGINIA
13303,36.70254307,20461,GEORGIA
53077,68.24290225,249325,WASHINGTON
5143,18.1566312,228529,ARKANSAS
48213,22.24264943,80460,TEXAS
55035,0,102991,WISCONSIN
47153,90.43010375,14730,TENNESSEE
48471,25.15475663,71539,TEXAS
4005,28.85968686,140217,ARIZONA
20191,0.941127269,23208,KANSAS
26127,0,26417,MICHIGAN
27065,27.48723344,16004,MINNESOTA
39007,0,98136,OHIO
6003,83.66679387,1146,CALIFORNIA
48167,35.04705056,327089,TEXAS
1011,0,10352,ALABAMA
17105,0,36324,ILLINOIS
39135,0,41207,OHIO
39079,0.281260047,32524,OHIO
48201,4.146229487,4602523,TEXAS
25017,0,1595192,MASSACHUSETTS
48115,30.87203789,12964,TEXAS
36069,8.939680955,109472,NEW YORK
1001,17.39043873,55200,ALABAMA
20121,0,33127,KANSAS
13091,0,20919,GEORGIA
36023,0,48123,NEW YORK
13039,0,52714,GEORGIA
26161,0,365961,MICHIGAN
18087,0,38942,INDIANA
48371,12.29475224,15797,TEXAS
13225,4.560511588,26966,GEORGIA
13311,83.19432752,28928,GEORGIA
13163,15.84289077,15772,GEORGIA
55083,0,37556,WISCONSIN
48347,22.15440926,65558,TEXAS
44009,0.017493495,126242,RHODE ISLAND
53047,54.3601924,41638,WASHINGTON
53063,24.46653699,497875,WASHINGTON
55041,0,9018,WISCONSIN
55113,0,16370,WISCONSIN
34017,0,668631,NEW JERSEY
39151,0,373475,OHIO
48187,1.647860391,155137,TEXAS
53029,0,81636,WASHINGTON
54037,2.541030265,56179,WEST VIRGINIA
51153,0.000605934,456749,VIRGINIA
42029,0,517156,PENNSYLVANIA
54055,33.23058892,60486,WEST VIRGINIA
47145,6.998331917,52897,TENNESSEE
53009,0,74487,WASHINGTON
53065,55.10119387,44214,WASHINGTON
19177,0,7223,IOWA
31073,0.000928283,2015,NEBRASKA
28095,0,35840,MISSISSIPPI
12033,4.285533448,311522,FLORIDA
48439,10.35438893,2019977,TEXAS
24033,0,906202,MARYLAND
51169,9.153204641,22009,VIRGINIA
48239,5.537118883,14820,TEXAS
40085,53.0538095,9933,OKLAHOMA
13289,18.81742656,8284,GEORGIA
39099,0,231064,OHIO
1087,0.183027987,19054,ALABAMA
17191,0,16487,ILLINOIS
48437,11.79799135,7484,TEXAS
29151,0,13619,MISSOURI
17089,0,530839,ILLINOIS
6017,94.49562597,186661,CALIFORNIA
45055,74.25905578,64361,SOUTH CAROLINA
37073,0,11563,NORTH CAROLINA
8089,3.010697995,18325,COLORADO
41019,47.32104662,108323,OREGON
42089,0,167586,PENNSYLVANIA
5101,0,7848,ARKANSAS
38019,1.206851208,3824,NORTH DAKOTA
40103,9.224801565,11411,OKLAHOMA
20063,0,2619,KANSAS
22077,0,22158,LOUISIANA
31067,0,21595,NEBRASKA
1115,37.05992922,87306,ALABAMA
28123,11.84993567,28415,MISSISSIPPI
13095,36.48809353,91049,GEORGIA
18061,0,39712,INDIANA
16017,72.27016349,42711,IDAHO
13047,84.4667833,66299,GEORGIA
22059,0,14949,LOUISIANA
23027,0,39418,MAINE
24027,0,315327,MARYLAND
49035,53.35287829,1120805,UTAH
9003,0,894730,CONNECTICUT
9015,0,116538,CONNECTICUT
12087,27.30260393,76325,FLORIDA
39157,0,92526,OHIO
36085,0,474101,NEW YORK
39071,0,43007,OHIO
27077,27.5174789,3809,MINNESOTA
16011,26.96072807,45551,IDAHO
45045,3.500187111,498402,SOUTH CAROLINA
46085,7.885100094,3869,SOUTH DAKOTA
55121,0,29438,WISCONSIN
6113,26.79886585,214977,CALIFORNIA
48431,74.42023449,1141,TEXAS
48495,0.474135572,7802,TEXAS
46071,14.48392613,3287,SOUTH DAKOTA
49041,18.48462012,21118,UTAH
51036,0,6995,VIRGINIA
1023,0.282252351,13075,ALABAMA
18083,0,37409,INDIANA
31047,2.803812145,23804,NEBRASKA
20057,2.972160195,34484,KANSAS
38105,1.038060953,34061,NORTH DAKOTA
38017,0.194975143,174202,NORTH DAKOTA
17069,0,4009,ILLINOIS
31005,26.66122085,418,NEBRASKA
48163,0.230901301,19394,TEXAS
19103,0,147001,IOWA
20133,0,16125,KANSAS
21089,13.28034505,35765,KENTUCKY
20107,0,9635,KANSAS
49017,15.16984936,5017,UTAH
32011,0,1830,NEVADA
31085,0,943,NEBRASKA
8095,0,4318,COLORADO
5013,0,5202,ARKANSAS
21101,0,46137,KENTUCKY
28051,13.68215622,18075,MISSISSIPPI
28105,0,49481,MISSISSIPPI
30027,11.80100772,11273,MONTANA
24023,0,29376,MARYLAND
22119,0,39631,LOUISIANA
26059,0,45830,MICHIGAN
21141,0,26849,KENTUCKY
46033,43.12720373,8573,SOUTH DAKOTA
33013,0,149452,NEW HAMPSHIRE
42133,0,444014,PENNSYLVANIA
37161,63.67392471,66532,NORTH CAROLINA
46005,6.776343939,18374,SOUTH DAKOTA
1043,5.011877383,82313,ALABAMA
13097,62.03504955,141840,GEORGIA
31097,0.106918071,5197,NEBRASKA
37187,0,12156,NORTH CAROLINA
46075,8.908328213,735,SOUTH DAKOTA
37007,88.42954262,25306,NORTH CAROLINA
38007,16.33838964,946,NORTH DAKOTA
31003,16.12799685,6372,NEBRASKA
29073,0,14746,MISSOURI
21031,0,12745,KENTUCKY
56005,9.707625784,47708,WYOMING
13211,18.62251179,18235,GEORGIA
5037,0,16998,ARKANSAS
5107,0,19034,ARKANSAS
22093,0,21357,LOUISIANA
6115,74.13872853,75493,CALIFORNIA
1117,23.49057696,211261,ALABAMA
8091,67.41707919,4722,COLORADO
35009,6.04826554,50199,NEW MEXICO
40149,12.02913442,11432,OKLAHOMA
37135,0.002152737,142938,NORTH CAROLINA
18131,0,12660,INDIANA
26019,0,17552,MICHIGAN
36029,25.67920071,919866,NEW YORK
24031,0,1040133,MARYLAND
51685,0,16423,VIRGINIA
51013,0,231803,VIRGINIA
51035,0,29738,VIRGINIA
29183,0,389985,MISSOURI
6069,38.51368123,59416,CALIFORNIA
24035,0,49355,MARYLAND
20013,0.450432404,9664,KANSAS
13031,0,74782,GEORGIA
21071,69.36914878,36926,KENTUCKY
30007,33.86291113,5834,MONTANA
13309,0,7939,GEORGIA
37049,0,103082,NORTH CAROLINA
29087,0,4456,MISSOURI
48295,13.53012469,3469,TEXAS
41009,0,50851,OREGON
45041,82.96755718,138561,SOUTH CAROLINA
38061,9.070809109,10152,NORTH DAKOTA
49053,64.41992697,160537,UTAH
30003,37.47072823,13376,MONTANA
42047,0,30608,PENNSYLVANIA
31165,7.242888585,1266,NEBRASKA
28031,84.77707836,19091,MISSISSIPPI
18013,0,15034,INDIANA
18019,0,115702,INDIANA
21021,0,29913,KENTUCKY
21065,13.19258578,14313,KENTUCKY
48087,34.70834264,2996,TEXAS
48089,0.070850207,21022,TEXAS
17063,0,50509,ILLINOIS
27081,2.561040898,5707,MINNESOTA
13109,0,10727,GEORGIA
48497,65.73643022,64639,TEXAS
13307,57.72738294,2613,GEORGIA
13169,69.68719674,28548,GEORGIA
13135,2.004889649,902298,GEORGIA
55095,1.571781618,43349,WISCONSIN
55045,0,36864,WISCONSIN
36079,78.93977197,99070,NEW YORK
51700,9.485801587,180145,VIRGINIA
8011,0.858173877,5809,COLORADO
40065,7.861191191,25384,OKLAHOMA
30089,67.46443313,11521,MONTANA
48173,21.38601415,1430,TEXAS
5047,16.1299986,17780,ARKANSAS
40093,1.482549909,7718,OKLAHOMA
47125,0,196387,TENNESSEE
53051,53.34787185,13219,WASHINGTON
38055,12.89700285,9608,NORTH DAKOTA
41027,84.67802666,23131,OREGON
19197,0,12804,IOWA
48419,6.189830681,25478,TEXAS
29055,0,24280,MISSOURI
51017,3.099899959,4393,VIRGINIA
27111,20.30486926,57992,MINNESOTA
22075,3.676359994,23373,LOUISIANA
28115,0,31315,MISSISSIPPI
22067,0,25992,LOUISIANA
21029,0,79466,KENTUCKY
1047,0,40029,ALABAMA
48093,42.95278431,13495,TEXAS
30053,78.61736044,19358,MONTANA
27021,21.4434726,29022,MINNESOTA
8007,81.73483803,12908,COLORADO
28163,0.999623535,27974,MISSISSIPPI
55087,0,184754,WISCONSIN
29107,0,32589,MISSOURI
37195,0,81336,NORTH CAROLINA
39117,0,34976,OHIO
30039,50.25487871,3269,MONTANA
38031,8.117509162,3290,NORTH DAKOTA
5033,42.63986068,62472,ARKANSAS
48053,61.64858709,45750,TEXAS
29186,0,17871,MISSOURI
48179,14.60074513,22685,TEXAS
17109,0,30875,ILLINOIS
19137,0,10155,IOWA
5067,0,17225,ARKANSAS
48229,0,4098,TEXAS
22079,25.47525395,131546,LOUISIANA
31111,5.215860433,35433,NEBRASKA
48067,86.73743625,30087,TEXAS
47079,0,32279,TENNESSEE
51840,4.720525006,27789,VIRGINIA
37061,0.037257308,59062,NORTH CAROLINA
37087,48.80372315,60433,NORTH CAROLINA
27037,0.280965522,418201,MINNESOTA
41025,6.637235486,7228,OREGON
55001,28.11914965,20073,WISCONSIN
29045,0,6800,MISSOURI
21015,0,129095,KENTUCKY
21229,0,12019,KENTUCKY
22009,0.787262191,40882,LOUISIANA
28137,0,28493,MISSISSIPPI
29227,0,2040,MISSOURI
31163,1.576370269,3042,NEBRASKA
46021,30.97688527,1435,SOUTH DAKOTA
46063,7.577483151,1311,SOUTH DAKOTA
26057,0,41067,MICHIGAN
19175,0.78126288,12453,IOWA
17127,0,14430,ILLINOIS
31113,14.93936267,886,NEBRASKA
31121,0.986398274,7803,NEBRASKA
31161,23.05880755,5234,NEBRASKA
21039,0,4841,KENTUCKY
56025,17.42171143,80610,WYOMING
13321,39.37971212,20656,GEORGIA
18109,0,69727,INDIANA
48139,1.878636911,168838,TEXAS
13229,0,19164,GEORGIA
18053,0,66944,INDIANA
12035,0,107139,FLORIDA
28077,0,12630,MISSISSIPPI
22127,0.189640192,14494,LOUISIANA
17073,0,49464,ILLINOIS
41041,0,47881,OREGON
23031,0,203102,MAINE
46029,7.21415067,27993,SOUTH DAKOTA
13231,85.05208922,18082,GEORGIA
13259,5.472582379,6042,GEORGIA
34025,51.945475,623387,NEW JERSEY
5021,0,15061,ARKANSAS
5045,0.001532367,122416,ARKANSAS
40041,40.01105376,42112,OKLAHOMA
19107,0,10200,IOWA
17061,0,13218,ILLINOIS
27075,54.27749591,10569,MINNESOTA
13285,26.8211058,69774,GEORGIA
6023,77.95377244,135768,CALIFORNIA
47043,0,51988,TENNESSEE
27003,55.9746872,347431,MINNESOTA
46009,12.65868317,6969,SOUTH DAKOTA
47059,0.293338143,68669,TENNESSEE
51183,0,11486,VIRGINIA
18141,0,269240,INDIANA
38067,4.080678729,7016,NORTH DAKOTA
46007,30.89820491,3437,SOUTH DAKOTA
22115,0.261122278,51007,LOUISIANA
23019,0,151748,MAINE
24041,0,37211,MARYLAND
13257,82.54796392,25676,GEORGIA
6065,25.19646686,2383286,CALIFORNIA
5005,1.215519835,41219,ARKANSAS
28007,73.62426686,18581,MISSISSIPPI
19169,0,96922,IOWA
20011,0,14702,KANSAS
51049,0,9786,VIRGINIA
45085,78.88407417,106995,SOUTH CAROLINA
54109,44.01842808,21711,WEST VIRGINIA
6029,11.73513661,883053,CALIFORNIA
48097,48.80331817,39571,TEXAS
45075,88.12412141,88454,SOUTH CAROLINA
55119,0,20356,WISCONSIN
27099,0,39602,MINNESOTA
27101,0.041066409,8353,MINNESOTA
44007,0,634533,RHODE ISLAND
29161,0,44789,MISSOURI
28117,64.18956373,25360,MISSISSIPPI
21235,61.43831304,36089,KENTUCKY
18149,0,22941,INDIANA
48491,25.36262537,527057,TEXAS
19131,0,10631,IOWA
13107,0,22499,GEORGIA
22025,0,9893,LOUISIANA
42025,0,63931,PENNSYLVANIA
31133,0.758176808,2676,NEBRASKA
47171,11.86136051,17780,TENNESSEE
45083,7.20892652,302195,SOUTH CAROLINA
55073,0,135264,WISCONSIN
32007,17.07756889,52252,NEVADA
54007,0,14282,WEST VIRGINIA
26165,0,33111,MICHIGAN
48079,5.009035908,2904,TEXAS
42013,0,123842,PENNSYLVANIA
29085,27.45956679,9368,MISSOURI
29009,1.602035244,35493,MISSOURI
27123,12.04229389,541493,MINNESOTA
5081,16.36735713,12417,ARKANSAS
32019,11.85165711,53155,NEVADA
12071,0,718679,FLORIDA
41033,93.88317061,85481,OREGON
28113,8.322090652,39737,MISSISSIPPI
47031,1.769815575,54531,TENNESSEE
16059,47.10753287,7798,IDAHO
21183,0,24071,KENTUCKY
31153,0,178351,NEBRASKA
13071,0,45606,GEORGIA
27167,11.47650358,6343,MINNESOTA
17157,0,32546,ILLINOIS
23011,0,121545,MAINE
51173,2.657255626,31059,VIRGINIA
35041,1.381186299,19117,NEW MEXICO
42111,0,74949,PENNSYLVANIA
51191,3.612479489,54406,VIRGINIA
37081,0.452670385,523582,NORTH CAROLINA
16001,64.56875195,446052,IDAHO
40039,21.25493754,29209,OKLAHOMA
39101,0,65344,OHIO
17149,0,15754,ILLINOIS
17203,0,38817,ILLINOIS
13245,86.13149705,201463,GEORGIA
1107,0,20298,ALABAMA
40045,18.77011868,4072,OKLAHOMA
17145,0,21384,ILLINOIS
19075,0,12341,IOWA
8107,50.87519837,24874,COLORADO
34035,65.22965708,330176,NEW JERSEY
6011,44.35121678,21464,CALIFORNIA
17087,0,12602,ILLINOIS
8053,64.19146955,878,COLORADO
16031,52.36289609,23615,IDAHO
27059,54.24345662,38974,MINNESOTA
42049,0,275972,PENNSYLVANIA
28029,13.03228785,28721,MISSISSIPPI
48467,7.800666343,54368,TEXAS
51161,4.167876175,93583,VIRGINIA
51015,16.45979102,74701,VIRGINIA
49031,0.817038549,1904,UTAH
21161,0,17153,KENTUCKY
27009,44.73450672,39779,MINNESOTA
48129,42.76351831,3387,TEXAS
12005,23.46334755,182482,FLORIDA
1077,0.731779661,92585,ALABAMA
18045,0,16486,INDIANA
17173,0,21832,ILLINOIS
17051,0,21724,ILLINOIS
39127,0,35985,OHIO
51590,0,41512,VIRGINIA
13011,70.23488602,18510,GEORGIA
13305,0,29767,GEORGIA
40109,7.792378446,782051,OKLAHOMA
40069,60.39735523,11041,OKLAHOMA
37099,46.53281885,42256,NORTH CAROLINA
49043,69.08992322,40511,UTAH
29167,11.06035366,31549,MISSOURI
32015,0,5746,NEVADA
19191,0,20401,IOWA
21023,0,8306,KENTUCKY
55037,0,4337,WISCONSIN
54087,0,14205,WEST VIRGINIA
27159,61.19401189,13646,MINNESOTA
51670,0,22408,VIRGINIA
17201,0,286174,ILLINOIS
4007,77.03927223,53400,ARIZONA
24045,0,102172,MARYLAND
21043,19.26950706,27290,KENTUCKY
37097,66.87836658,172525,NORTH CAROLINA
51083,0.005295164,34779,VIRGINIA
37091,0,24153,NORTH CAROLINA
36057,6.772976008,49426,NEW YORK
27113,44.80619315,14184,MINNESOTA
53073,26.86142714,216812,WASHINGTON
41021,36.01213988,1907,OREGON
34029,15.64763839,591939,NEW JERSEY
5009,0.559048696,37288,ARKANSAS
40031,29.65030055,122561,OKLAHOMA
48253,21.28690518,19891,TEXAS
48185,4.42114592,27630,TEXAS
26049,0,409361,MICHIGAN
22007,0,22714,LOUISIANA
28013,0,14571,MISSISSIPPI
28041,77.59873709,13714,MISSISSIPPI
30017,7.615905129,11845,MONTANA
46109,20.15843723,10285,SOUTH DAKOTA
17141,0,51328,ILLINOIS
38077,11.01027123,16288,NORTH DAKOTA
55005,0,45252,WISCONSIN
55051,0,5715,WISCONSIN
27157,0,21500,MINNESOTA
6015,37.64179102,27424,CALIFORNIA
40127,88.86333883,11119,OKLAHOMA
53007,86.07683967,75757,WASHINGTON
26141,0,12797,MICHIGAN
40027,10.27361341,276733,OKLAHOMA
36105,5.165174575,75211,NEW YORK
37149,47.5051862,20458,NORTH CAROLINA
37165,85.30364942,35262,NORTH CAROLINA
37085,77.82220578,130361,NORTH CAROLINA
37105,89.64195647,60125,NORTH CAROLINA
18159,0,15218,INDIANA
20027,25.06112232,8142,KANSAS
40145,34.18980585,77850,OKLAHOMA
30083,7.261619498,11360,MONTANA
5003,0,20537,ARKANSAS
5041,0,11887,ARKANSAS
47135,0,7912,TENNESSEE
27163,15.0211666,253317,MINNESOTA
51740,0,95311,VIRGINIA
42051,0,132289,PENNSYLVANIA
54023,11.74422949,11641,WEST VIRGINIA
51171,31.08508674,43045,VIRGINIA
48235,76.38127029,1524,TEXAS
29025,0,9049,MISSOURI
12107,0,72766,FLORIDA
18025,0,10581,INDIANA
29111,0,10027,MISSOURI
31075,31.52183771,718,NEBRASKA
16071,4.289548813,4326,IDAHO
17139,0,14703,ILLINOIS
21107,0,45664,KENTUCKY
16035,89.42938918,8640,IDAHO
21013,58.31733544,27188,KENTUCKY
27035,41.11569757,63855,MINNESOTA
4009,31.94851491,37879,ARIZONA
5123,0,26294,ARKANSAS
13101,0,3994,GEORGIA
20105,3.340106674,3097,KANSAS
20183,0,3663,KANSAS
12065,0,14105,FLORIDA
28005,4.006009082,12468,MISSISSIPPI
5097,1.539978028,8993,ARKANSAS
26025,0,134473,MICHIGAN
1029,87.93434081,14938,ALABAMA
8123,0.477304278,295123,COLORADO
40009,45.97929435,22621,OKLAHOMA
6049,32.94861205,8938,CALIFORNIA
19153,0,474274,IOWA
13179,0,62108,GEORGIA
48349,1.827262238,48583,TEXAS
48047,0,7180,TEXAS
47187,0,218648,TENNESSEE
56021,5.731363219,97692,WYOMING
53003,45.79019663,22337,WASHINGTON
27155,5.690941152,3337,MINNESOTA
17017,0,12665,ILLINOIS
13247,58.8147092,89011,GEORGIA
42067,0,24562,PENNSYLVANIA
42083,0,41806,PENNSYLVANIA
40049,43.13170946,27823,OKLAHOMA
31021,3.036302975,6528,NEBRASKA
35045,12.64976762,127455,NEW MEXICO
36073,0,41175,NEW YORK
22031,2.350376539,27216,LOUISIANA
6019,39.9419556,978130,CALIFORNIA
13105,26.0299617,19212,GEORGIA
1005,0,25782,ALABAMA
37017,65.53095052,33778,NORTH CAROLINA
48111,2.60786958,7243,TEXAS
17167,0,197661,ILLINOIS
40035,14.36176023,14493,OKLAHOMA
47035,28.0901761,58634,TENNESSEE
26137,3.184876009,24397,MICHIGAN
19161,0,9868,IOWA
49015,14.24934274,10248,UTAH
53019,60.45899435,7576,WASHINGTON
30109,4.960818285,1175,MONTANA
35027,6.892891075,19482,NEW MEXICO
40021,57.22387325,48599,OKLAHOMA
27173,1.876384143,9868,MINNESOTA
48231,1.576573254,92152,TEXAS
48335,58.99719084,8558,TEXAS
48499,55.75091811,43815,TEXAS
40113,63.28955775,47311,OKLAHOMA
37039,55.67419911,27668,NORTH CAROLINA
26107,0,43264,MICHIGAN
21195,66.00265817,60483,KENTUCKY
12067,0,8744,FLORIDA
37035,75.25759456,156729,NORTH CAROLINA
21025,70.17826525,13116,KENTUCKY
48075,29.01354793,7226,TEXAS
29181,0,13693,MISSOURI
17179,0,133852,ILLINOIS
48243,23.98458443,2234,TEXAS
51678,30,7110,VIRGINIA
5135,0.525717901,17043,ARKANSAS
8069,53.23306438,338161,COLORADO
37177,0,4119,NORTH CAROLINA
27131,0,65765,MINNESOTA
29219,0,33908,MISSOURI
21227,0,126427,KENTUCKY
22017,8.484476196,248361,LOUISIANA
46121,36.32958176,10146,SOUTH DAKOTA
19127,0,40271,IOWA
40141,4.661718242,7515,OKLAHOMA
37113,25.48181616,34410,NORTH CAROLINA
54063,15.90439793,13467,WEST VIRGINIA
18155,0,10628,INDIANA
21105,0,4568,KENTUCKY
1061,0,26491,ALABAMA
17099,0,110401,ILLINOIS
19055,0,17258,IOWA
20127,67.82559551,5566,KANSAS
19051,0,8885,IOWA
16015,90.34532411,7163,IDAHO
55081,0.220399665,45502,WISCONSIN
37143,0,13459,NORTH CAROLINA
12047,0,14269,FLORIDA
18035,0,115616,INDIANA
12075,1.974071715,39961,FLORIDA
28045,0,46653,MISSISSIPPI
13315,0,8846,GEORGIA
22081,0,8618,LOUISIANA
47093,0,456185,TENNESSEE
23017,0,57325,MAINE
29095,0,692003,MISSOURI
13281,31.79812443,11417,GEORGIA
28129,31.16547479,16063,MISSISSIPPI
16075,51.94437864,23041,IDAHO
16079,84.64503948,12526,IDAHO
37095,0,5393,NORTH CAROLINA
19067,0,15858,IOWA
21145,0,65284,KENTUCKY
21225,0,14802,KENTUCKY
46125,1.496261395,8264,SOUTH DAKOTA
47029,9.695943195,35336,TENNESSEE
47067,27.83983376,6585,TENNESSEE
47071,4.366876461,25771,TENNESSEE
45067,83.6517408,31562,SOUTH CAROLINA
22117,0,46457,LOUISIANA
29207,0,29512,MISSOURI
13093,47.83595274,13905,GEORGIA
27145,24.11134914,156819,MINNESOTA
31155,0,21024,NEBRASKA
27141,59.9501885,93231,MINNESOTA
46035,6.352243077,19901,SOUTH DAKOTA
47025,42.07457129,31613,TENNESSEE
48337,59.50656466,19409,TEXAS
48049,59.74715523,37834,TEXAS
55101,0,195398,WISCONSIN
55115,0,41009,WISCONSIN
19009,0,5637,IOWA
48207,12.54978471,5809,TEXAS
40083,11.60968472,46044,OKLAHOMA
36065,0,230782,NEW YORK
8065,0,7585,COLORADO
40121,77.45531663,44382,OKLAHOMA
54017,0,8536,WEST VIRGINIA
54105,0,5797,WEST VIRGINIA
33003,0,47840,NEW HAMPSHIRE
54095,0,8909,WEST VIRGINIA
27079,0,27983,MINNESOTA
53017,34.6856113,41371,WASHINGTON
36009,0,77686,NEW YORK
55027,0,87776,WISCONSIN
19105,0,20568,IOWA
20007,11.73366087,4733,KANSAS
29169,2.59581451,52591,MISSOURI
1045,0,49255,ALABAMA
20109,0,2810,KANSAS
6039,57.34257279,155013,CALIFORNIA
29075,0,6665,MISSOURI
31009,17.66168688,480,NEBRASKA
49009,51.22509046,612,UTAH
56031,9.511976814,8673,WYOMING
37071,79.41449176,216585,NORTH CAROLINA
35019,3.362097032,4382,NEW MEXICO
30037,1.974810259,724,MONTANA
37101,6.111951884,191172,NORTH CAROLINA
6085,48.98488437,1922200,CALIFORNIA
45019,36.8995836,394708,SOUTH CAROLINA
53005,20.09596621,194168,WASHINGTON
29001,0,25325,MISSOURI
39043,0,75136,OHIO
17183,0,78407,ILLINOIS
29189,0,998684,MISSOURI
17007,0,53606,ILLINOIS
6103,88.73397888,63373,CALIFORNIA
55025,0,529843,WISCONSIN
48151,23.71232098,3883,TEXAS
22085,2.796014645,24088,LOUISIANA
17137,0,34426,ILLINOIS
13235,0,11295,GEORGIA
37015,0.534022375,19644,NORTH CAROLINA
37167,75.69716611,61114,NORTH CAROLINA
47143,25.24012916,32628,TENNESSEE
37079,0,21008,NORTH CAROLINA
21131,63.38050567,10472,KENTUCKY
24039,0,25737,MARYLAND
17123,0,11794,ILLINOIS
21143,0,8186,KENTUCKY
48095,37.3115089,4233,TEXAS
48081,71.7912443,3275,TEXAS
47133,2.042847016,22004,TENNESSEE
26063,0,31543,MICHIGAN
26069,28.03827042,25247,MICHIGAN
13069,0,42961,GEORGIA
13299,0,35599,GEORGIA
38037,11.47499709,2380,NORTH DAKOTA
22051,10.26623169,435300,LOUISIANA
22103,0,252093,LOUISIANA
19083,0,17127,IOWA
22023,0,6868,LOUISIANA
39027,0,41896,OHIO
27137,30.91890831,200080,MINNESOTA
39093,0,306713,OHIO
19015,0,26399,IOWA
48373,21.5223128,47837,TEXAS
31051,3.469776592,5746,NEBRASKA
24025,0,251025,MARYLAND
45037,52.03626635,26769,SOUTH CAROLINA
51001,0,32742,VIRGINIA
55015,0,49807,WISCONSIN
21121,71.67550486,31467,KENTUCKY
26067,0,64176,MICHIGAN
37129,18.88211971,224231,NORTH CAROLINA
47131,0,30520,TENNESSEE
21035,0,38776,KENTUCKY
51003,14.81871033,106355,VIRGINIA
47147,0,69344,TENNESSEE
51043,10.34353231,14365,VIRGINIA
53023,27.21247233,2224,WASHINGTON
21109,51.08768276,13373,KENTUCKY
27031,58.58570814,5311,MINNESOTA
45073,20.19794336,76696,SOUTH CAROLINA
22033,0,444094,LOUISIANA
28021,0,9120,MISSISSIPPI
24037,0,111531,MARYLAND
26081,0,643140,MICHIGAN
37147,0,177372,NORTH CAROLINA
30009,50.47405089,10546,MONTANA
31167,1.160333746,5992,NEBRASKA
13001,0,18454,GEORGIA
19099,0,36891,IOWA
28153,53.00762378,20422,MISSISSIPPI
48101,41.49744859,1623,TEXAS
51081,0,11659,VIRGINIA
12105,71.6808205,668671,FLORIDA
48503,52.86434498,18114,TEXAS
1123,10.6821286,40636,ALABAMA
33015,0,305129,NEW HAMPSHIRE
8105,25.79648322,11351,COLORADO
19149,5.302463482,25039,IOWA
36123,0,25009,NEW YORK
53033,32.13110663,2163257,WASHINGTON
41017,51.72975282,180640,OREGON
19155,0,93503,IOWA
29229,5.473182272,18293,MISSOURI
30101,0,4976,MONTANA
36107,0,49045,NEW YORK
48287,0.433235758,16952,TEXAS
13121,13.3453409,1021902,GEORGIA
48073,57.39929694,51903,TEXAS
29007,0,25735,MISSOURI
45029,8.564181869,37568,SOUTH CAROLINA
55055,0,84652,WISCONSIN
5055,0,44623,ARKANSAS
48191,40.83479481,3074,TEXAS
55013,7.764713451,15258,WISCONSIN
35057,1.818395788,15595,NEW MEXICO
53049,0,21281,WASHINGTON
37141,0.443668807,59020,NORTH CAROLINA
48221,56.40232392,56901,TEXAS
46117,6.837311755,2997,SOUTH DAKOTA
32031,5.822457313,450486,NEVADA
21007,0,8090,KENTUCKY
48009,44.38232188,8789,TEXAS
48023,29.24571936,3591,TEXAS
48405,8.248481766,8327,TEXAS
32029,10.29089826,3941,NEVADA
13249,78.11380758,5211,GEORGIA
9001,15.43145,944348,CONNECTICUT
48313,3.661802907,14128,TEXAS
6077,15.4071126,732212,CALIFORNIA
28159,26.55028074,18358,MISSISSIPPI
21103,0,15814,KENTUCKY
21167,0,21516,KENTUCKY
31183,23.50372851,822,NEBRASKA
21135,1.559116033,13490,KENTUCKY
27051,4.358387556,5938,MINNESOTA
28053,0,8539,MISSISSIPPI
1025,14.00336678,24387,ALABAMA
20017,73.04743532,2645,KANSAS
21221,0,14344,KENTUCKY
1069,0,104352,ALABAMA
46003,6.701982938,2759,SOUTH DAKOTA
31061,0,3006,NEBRASKA
24029,0,19593,MARYLAND
20037,0,39108,KANSAS
27023,3.582311683,12010,MINNESOTA
46103,34.60900991,109294,SOUTH DAKOTA
45049,63.71719511,19807,SOUTH CAROLINA
16043,36.38408913,12965,IDAHO
13029,0,35885,GEORGIA
51053,0,28308,VIRGINIA
12111,0.874136893,305591,FLORIDA
36055,30.90072389,744248,NEW YORK
46083,0,54914,SOUTH DAKOTA
55017,0,63635,WISCONSIN
20207,17.96589817,3170,KANSAS
21157,0,31166,KENTUCKY
13065,0,6743,GEORGIA
13185,0,114582,GEORGIA
26099,0,868704,MICHIGAN
13287,8.724667077,7962,GEORGIA
17079,0,9598,ILLINOIS
48331,1.065791818,24664,TEXAS
18147,0,20526,INDIANA
21099,0,18627,KENTUCKY
21137,2.194548976,24458,KENTUCKY
30005,4.108914591,6727,MONTANA
51710,0,245592,VIRGINIA
48389,1.254763108,15125,TEXAS
51155,0,34234,VIRGINIA
37179,73.60668693,226694,NORTH CAROLINA
38053,10.33717641,12536,NORTH DAKOTA
12091,0,200737,FLORIDA
6001,53.05900115,1643700,CALIFORNIA
17013,0,4858,ILLINOIS
18085,0,78806,INDIANA
28103,0,10828,MISSISSIPPI
5147,0,6660,ARKANSAS
34015,0,290852,NEW JERSEY
33011,0,411087,NEW HAMPSHIRE
30045,25.00916813,1951,MONTANA
37121,36.86765869,15040,NORTH CAROLINA
30077,54.78150202,6861,MONTANA
41053,0,81427,OREGON
41065,64.48514805,25866,OREGON
46105,9.076908953,2907,SOUTH DAKOTA
19173,0,6201,IOWA
1129,40.09038926,16643,ALABAMA
39039,0,38279,OHIO
54025,3.519823218,35347,WEST VIRGINIA
17121,0,38084,ILLINOIS
51051,43.38813134,14960,VIRGINIA
51007,0,12854,VIRGINIA
13243,0,7087,GEORGIA
35029,0,24264,NEW MEXICO
48355,2.169617644,360486,TEXAS
56045,9.259038962,7100,WYOMING
17187,0,17338,ILLINOIS
1089,0,357560,ALABAMA
47189,0,132663,TENNESSEE
48063,81.96630184,12813,TEXAS
40067,42.50105585,6223,OKLAHOMA
54085,0,9932,WEST VIRGINIA
19145,0,15363,IOWA
20087,0.178246239,18888,KANSAS
22045,0,72691,LOUISIANA
37133,0,193912,NORTH CAROLINA
27043,0,13896,MINNESOTA
47057,2.447959575,23013,TENNESSEE
48161,5.994315322,19709,TEXAS
42087,0,46362,PENNSYLVANIA
1041,0,13865,ALABAMA
51520,0,16843,VIRGINIA
48399,37.14970222,10310,TEXAS
48443,4.897259484,862,TEXAS
20153,0,2509,KANSAS
20193,0,7824,KANSAS
13161,0,14991,GEORGIA
19035,0,11468,IOWA
5145,0,78804,ARKANSAS
28083,0,29804,MISSISSIPPI
29053,0,17622,MISSOURI
26043,0,25570,MICHIGAN
17197,0,688697,ILLINOIS
48117,2.301150079,18899,TEXAS
46011,11.75786694,34239,SOUTH DAKOTA
29047,0,239164,MISSOURI
28027,0,23802,MISSISSIPPI
18011,0,64321,INDIANA
19057,0,39600,IOWA
19163,0,172288,IOWA
20143,38.01199154,5902,KANSAS
12023,0,69105,FLORIDA
12059,0,19430,FLORIDA
28047,0,202626,MISSISSIPPI
47011,13.8596044,104557,TENNESSEE
27017,13.43349463,35540,MINNESOTA
48315,77.86087636,10083,TEXAS
36095,0.175906482,31364,NEW YORK
40117,47.31469283,16428,OKLAHOMA
36007,0,194402,NEW YORK
48291,28.99944947,81862,TEXAS
39009,0,65936,OHIO
39081,0,66886,OHIO
54083,0,29065,WEST VIRGINIA
54049,0,56497,WEST VIRGINIA
34011,0,153400,NEW JERSEY
6057,95.43497909,99092,CALIFORNIA
55031,0,43402,WISCONSIN
21199,7.401420912,64145,KENTUCKY
37065,0,53332,NORTH CAROLINA
48241,53.94391163,35504,TEXAS
49001,0,6443,UTAH
13213,78.18804744,39557,GEORGIA
18075,0,20993,INDIANA
26117,0,63209,MICHIGAN
36083,61.45682321,159431,NEW YORK
12021,32.42989386,363922,FLORIDA
35031,4.041495682,72849,NEW MEXICO
13017,0,17154,GEORGIA
5077,0,9398,ARKANSAS
12003,0,27785,FLORIDA
13173,0,10366,GEORGIA
20159,28.51086975,9762,KANSAS
1015,64.88104889,115098,ALABAMA
28059,41.99576623,142014,MISSISSIPPI
21037,0,92267,KENTUCKY
21057,0,6713,KENTUCKY
28107,0,34243,MISSISSIPPI
48195,3.492243267,5547,TEXAS
48071,31.52286565,40292,TEXAS
13239,0,2276,GEORGIA
48199,49.02250462,56379,TEXAS
9005,0,183031,CONNECTICUT
39143,0,59299,OHIO
23021,0,16887,MAINE
17153,0,5611,ILLINOIS
40107,60.02689128,12115,OKLAHOMA
26145,0,192778,MICHIGAN
35039,56.35900576,39307,NEW MEXICO
50005,0,30425,VERMONT
51023,12.64572897,33222,VIRGINIA
17119,0,265670,ILLINOIS
48085,1.971691363,944350,TEXAS
45001,11.97396682,24657,SOUTH CAROLINA
31053,0,36683,NEBRASKA
12115,19.86882159,412144,FLORIDA
55077,35.19812826,15207,WISCONSIN
4015,36.08501754,206064,ARIZONA
4025,53.74562955,224645,ARIZONA
45051,86.30128834,320915,SOUTH CAROLINA
42091,0,821301,PENNSYLVANIA
16061,44.01941917,3845,IDAHO
51720,48.01299662,3990,VIRGINIA
34027,82.7405249,494383,NEW JERSEY
29211,0,6317,MISSOURI
20135,0,2955,KANSAS
48039,20.86241699,353999,TEXAS
51790,9.27470039,24452,VIRGINIA
31029,0,3734,NEBRASKA
39113,0,532034,OHIO
48447,43.93148995,1567,TEXAS
13221,22.67945592,14784,GEORGIA
5029,0.7685987,20906,ARKANSAS
29147,0,22547,MISSOURI
38073,6.484726823,5361,NORTH DAKOTA
26017,0,104786,MICHIGAN
47157,0,937005,TENNESSEE
6007,80.86606435,227075,CALIFORNIA
27115,14.65496811,29129,MINNESOTA
48021,14.81522501,82577,TEXAS
53039,60.19534293,21396,WASHINGTON
53055,0,16473,WASHINGTON
55009,0,259786,WISCONSIN
20205,3.172738531,8780,KANSAS
22069,9.64101872,38963,LOUISIANA
22109,0,112587,LOUISIANA
13155,0,9268,GEORGIA
26011,2.660536552,15165,MICHIGAN
19111,0,34541,IOWA
20141,0,3603,KANSAS
26047,0,33039,MICHIGAN
19071,0,6968,IOWA
23015,0,34067,MAINE
36099,0,34612,NEW YORK
21125,61.20972709,60180,KENTUCKY
47121,7.760677841,11962,TENNESSEE
29213,7.97858027,54720,MISSOURI
13269,85.70705854,8193,GEORGIA
51830,7.835118592,14788,VIRGINIA
48415,53.87932974,17239,TEXAS
8047,74.92599915,5924,COLORADO
40087,23.58997296,38634,OKLAHOMA
54071,7.294972775,7056,WEST VIRGINIA
51139,27.34394146,23749,VIRGINIA
40079,70.92533581,49909,OKLAHOMA
54089,22.98710858,13018,WEST VIRGINIA
37119,76.98643665,1054314,NORTH CAROLINA
34013,41.67659098,793555,NEW JERSEY
29115,0,12186,MISSOURI
13209,0,9036,GEORGIA
41055,30.34509351,1605,OREGON
13133,6.51603232,16976,GEORGIA
46017,60.27354583,2053,SOUTH DAKOTA
46095,16.73830089,2055,SOUTH DAKOTA
48135,7.014575875,158342,TEXAS
48293,0.683638238,23515,TEXAS
53027,0,71967,WASHINGTON
54003,1.926968501,113495,WEST VIRGINIA
30067,68.38221096,16246,MONTANA
48121,21.19141107,807047,TEXAS
45021,43.36441685,56711,SOUTH CAROLINA
37199,48.39418664,17667,NORTH CAROLINA
48387,47.91852762,12275,TEXAS
48321,0.903838807,36743,TEXAS
27149,2.591997772,9784,MINNESOTA
13301,37.05784074,5346,GEORGIA
48197,17.51594382,3952,TEXAS
17133,0,33936,ILLINOIS
13165,4.534546379,8827,GEORGIA
21085,0,26178,KENTUCKY
48363,67.95726897,28317,TEXAS
13149,46.89043664,11677,GEORGIA
1079,1.609076219,33171,ALABAMA
28093,13.04187262,35787,MISSISSIPPI
20025,10.53269867,2053,KANSAS
20081,0,4047,KANSAS
22013,0,13668,LOUISIANA
13295,88.62625097,68824,GEORGIA
19095,0,16207,IOWA
31019,0.692759595,49030,NEBRASKA
40007,9.957484007,5415,OKLAHOMA
19023,0,14735,IOWA
30085,3.8733504,11228,MONTANA
53015,0,105112,WASHINGTON
48297,0,12123,TEXAS
29135,1.712553469,15958,MISSOURI
51193,0,17638,VIRGINIA
37197,28.36225502,37665,NORTH CAROLINA
6047,40.43346407,269075,CALIFORNIA
40043,11.21247554,4918,OKLAHOMA
37023,84.0783213,89712,NORTH CAROLINA
37191,0.963770671,124002,NORTH CAROLINA
42123,0,40035,PENNSYLVANIA
5061,5.695863805,13389,ARKANSAS
37059,42.68034755,41991,NORTH CAROLINA
37111,80.61981578,45109,NORTH CAROLINA
5099,0,8440,ARKANSAS
8125,0,10069,COLORADO
48421,0.067089736,3058,TEXAS
48463,23.64378842,27009,TEXAS
39011,0,45784,OHIO
22015,0,126131,LOUISIANA
19063,0,9551,IOWA
20169,52.29945827,54977,KANSAS
21153,65.4093306,12666,KENTUCKY
48017,7.132340483,7092,TEXAS
29027,0,44840,MISSOURI
56001,18.02929284,38102,WYOMING
56029,56.97929538,29121,WYOMING
42093,0,18294,PENNSYLVANIA
36081,21.5399662,2298513,NEW YORK
12121,0,43924,FLORIDA
26031,0,25458,MICHIGAN
26051,0.004045049,25289,MICHIGAN
21173,0.417248362,27759,KENTUCKY
45057,35.40473868,89546,SOUTH CAROLINA
21123,0,14156,KENTUCKY
19193,1.977421551,102398,IOWA
12123,0,22098,FLORIDA
17003,0,6532,ILLINOIS
29099,0,223302,MISSOURI
29113,0,55563,MISSOURI
13051,18.21554783,287049,GEORGIA
12125,0,15239,FLORIDA
36037,0.013350599,58112,NEW YORK
19041,0,16313,IOWA
30025,0.653714223,2838,MONTANA
46107,24.47270456,2326,SOUTH DAKOTA
48109,2.28595816,2241,TEXAS
23005,0,290944,MAINE
48013,0.060767554,48828,TEXAS
20095,23.8765204,7470,KANSAS
13241,7.621840095,16457,GEORGIA
54097,0,24605,WEST VIRGINIA
29215,2.731407644,25671,MISSOURI
5119,0,393463,ARKANSAS
19047,0,17132,IOWA
16005,46.77189402,85065,IDAHO
39055,0,93961,OHIO
6107,40.70557445,460477,CALIFORNIA
36117,12.62270874,90856,NEW YORK
51163,25.07092056,22509,VIRGINIA
38095,0,2246,NORTH DAKOTA
42045,0,563527,PENNSYLVANIA
36063,7.387747522,211704,NEW YORK
50003,0,35920,VERMONT
12019,0,207291,FLORIDA
37183,14.68616962,1046558,NORTH CAROLINA
39061,0,812037,OHIO
34003,45.40328371,929999,NEW JERSEY
32017,24.6330255,5174,NEVADA
30055,0.185309766,1630,MONTANA
19019,0,21125,IOWA
17043,0,931743,ILLINOIS
46047,22.91321759,6774,SOUTH DAKOTA
27069,29.7862728,4337,MINNESOTA
13219,12.99388013,37017,GEORGIA
48493,0,48198,TEXAS
31059,3.61634E-05,5574,NEBRASKA
12079,0,18474,FLORIDA
18153,0,20792,INDIANA
4012,5.459618069,20701,ARIZONA
13027,0,15622,GEORGIA
20185,34.90314639,4214,KANSAS
13271,0,16115,GEORGIA
26115,0,149699,MICHIGAN
18181,0,24217,INDIANA
18113,0,47451,INDIANA
21139,0,9263,KENTUCKY
13201,0,5836,GEORGIA
47103,0,33711,TENNESSEE
21211,0,46786,KENTUCKY
31185,0,13799,NEBRASKA
42001,0,102023,PENNSYLVANIA
45005,37.39095672,9214,SOUTH CAROLINA
47037,0,684017,TENNESSEE
49047,32.7129875,36323,UTAH
49049,65.24426912,590440,UTAH
18021,0,26268,INDIANA
36047,0.000446013,2600747,NEW YORK
29141,1.091854382,20137,MISSOURI
39075,0,43859,OHIO
19143,0,6115,IOWA
18079,0,27727,INDIANA
16083,56.7789443,83666,IDAHO
17165,0,24231,ILLINOIS
26077,0,261573,MICHIGAN
45061,76.15084225,17606,SOUTH CAROLINA
56019,20.509245,8515,WYOMING
18027,0,32937,INDIANA
26055,0,91746,MICHIGAN
22003,0.473396905,25661,LOUISIANA
46065,31.16587324,17617,SOUTH DAKOTA
46069,47.41515408,1331,SOUTH DAKOTA
45027,72.33961754,34017,SOUTH CAROLINA
30095,35.82532569,9410,MONTANA
47007,56.2468034,14602,TENNESSEE
21219,0,12350,KENTUCKY
47183,0,33626,TENNESSEE
29077,2.020239169,288429,MISSOURI
42077,0,362613,PENNSYLVANIA
31159,0,17127,NEBRASKA
36015,0,85740,NEW YORK
36121,0.238856094,40565,NEW YORK
6099,39.10685951,539301,CALIFORNIA
42095,0,301778,PENNSYLVANIA
1103,0,119122,ALABAMA
21027,0,20080,KENTUCKY
28043,0,21278,MISSISSIPPI
21213,0,18063,KENTUCKY
50013,0,6965,VERMONT
39029,0,104003,OHIO
51125,8.973275808,14812,VIRGINIA
12097,75.60990124,338619,FLORIDA
5053,1.820500869,18086,ARKANSAS
13175,29.25729341,47418,GEORGIA
36061,0.00159481,1632480,NEW YORK
5007,10.92494167,258980,ARKANSAS
12083,10.17999534,348371,FLORIDA
51135,0,15500,VIRGINIA
34041,25.90570264,106293,NEW JERSEY
36021,15.66608695,60919,NEW YORK
51690,0,13101,VIRGINIA
40023,47.26979396,14886,OKLAHOMA
20041,32.95471796,19004,KANSAS
48427,0.230209198,63894,TEXAS
13103,59.59740074,58689,GEORGIA
40129,53.44649594,3708,OKLAHOMA
55103,0,17539,WISCONSIN
35025,26.00742546,70126,NEW MEXICO
1075,0,13933,ALABAMA
47117,0,32269,TENNESSEE
51011,0,15577,VIRGINIA
5087,0.927838467,16076,ARKANSAS
56033,38.76162778,30012,WYOMING
42041,0,247433,PENNSYLVANIA
42055,0,153751,PENNSYLVANIA
42079,0,317884,PENNSYLVANIA
26039,27.15029869,13836,MICHIGAN
1113,0,58213,ALABAMA
39019,0,27578,OHIO
51065,1.376600957,26282,VIRGINIA
17097,0,703619,ILLINOIS
13195,45.49806715,28900,GEORGIA
5039,0,7432,ARKANSAS
8057,8.839355137,1296,COLORADO
8063,0,7635,COLORADO
16073,61.78257175,11455,IDAHO
55141,4.093550794,73274,WISCONSIN
36013,0,129656,NEW YORK
13067,36.49500268,745057,GEORGIA
47091,0.642184998,17789,TENNESSEE
39013,0,68472,OHIO
51195,51.0071684,39025,VIRGINIA
29035,0,6197,MISSOURI
40013,32.62588823,45759,OKLAHOMA
31035,13.20726777,6232,NEBRASKA
24017,0,157671,MARYLAND
19033,0,42984,IOWA
19073,0,9003,IOWA
21205,15.08581917,24499,KENTUCKY
49055,11.76388818,2694,UTAH
29031,0,78324,MISSOURI
53071,17.74247076,60236,WASHINGTON
29133,0,13748,MISSOURI
5025,0,8226,ARKANSAS
48113,0.202086986,2586552,TEXAS
18033,0,42704,INDIANA
22073,0,156075,LOUISIANA
22095,4.603776783,43446,LOUISIANA
22091,0,10411,LOUISIANA
29197,0,4502,MISSOURI
1059,4.723208452,31542,ALABAMA
21041,0,10711,KENTUCKY
8019,76.09602226,9379,COLORADO
48267,57.18253577,4408,TEXAS
26097,3.256577699,10817,MICHIGAN
48307,56.32055312,8098,TEXAS
28141,58.15363664,19478,MISSISSIPPI
48105,24.61806547,3633,TEXAS
48217,10.99965275,35399,TEXAS
8075,0,21689,COLORADO
20055,0,36957,KANSAS
20125,3.53167742,32970,KANSAS
45039,16.61263654,22712,SOUTH CAROLINA
31033,0.203718199,9852,NEBRASKA
27091,0,19964,MINNESOTA
47155,27.51360661,96287,TENNESSEE
47139,24.02616703,16782,TENNESSEE
48263,55.22394552,749,TEXAS
30099,15.35472376,6080,MONTANA
31069,18.28696245,1860,NEBRASKA
17117,0,45719,ILLINOIS
39141,0,77051,OHIO
17195,0,56396,ILLINOIS
48141,0,837654,TEXAS
48301,0.122623545,102,TEXAS
40077,86.96322061,10495,OKLAHOMA
39167,0,60671,OHIO
29091,0.741725627,40102,MISSOURI
20047,14.21096963,2925,KANSAS
21111,0,767154,KENTUCKY
17107,0,29207,ILLINOIS
55139,0.0943068,169926,WISCONSIN
21075,0,6210,KENTUCKY
20079,16.97674604,34555,KANSAS
30021,2.286478272,9191,MONTANA
54091,0,16951,WEST VIRGINIA
26111,0,83389,MICHIGAN
28119,0,7372,MISSISSIPPI
21093,0,108095,KENTUCKY
17081,0,38169,ILLINOIS
46057,3.041960616,6000,SOUTH DAKOTA
55069,0,27848,WISCONSIN
36033,0,50692,NEW YORK
51630,0,28469,VIRGINIA
54081,40.14138585,76232,WEST VIRGINIA
35005,7.989172192,65459,NEW MEXICO
35049,44.18726189,148917,NEW MEXICO
6059,48.28483901,3164182,CALIFORNIA
4023,2.744539681,46584,ARIZONA
37053,0.607845652,25796,NORTH CAROLINA
17101,0,16189,ILLINOIS
18067,0,82387,INDIANA
18125,0,12411,INDIANA
21047,0,72263,KENTUCKY
26045,0,109155,MICHIGAN
19179,0,35315,IOWA
6025,2.146153567,180216,CALIFORNIA
26027,0,51460,MICHIGAN
28157,0.532278505,8990,MISSISSIPPI
20179,0,2506,KANSAS
28079,90.61605857,22870,MISSISSIPPI
28025,0,19808,MISSISSIPPI
28037,32.74130212,7757,MISSISSIPPI
28099,27.94827513,29376,MISSISSIPPI
46045,8.8561946,3940,SOUTH DAKOTA
1035,0.000260747,12514,ALABAMA
18029,0,49501,INDIANA
18071,0,43938,INDIANA
28081,2.050677722,84915,MISSISSIPPI
22125,0,15377,LOUISIANA
5035,0,49013,ARKANSAS
12063,11.42258612,48472,FLORIDA
48125,47.79672069,2216,TEXAS
51115,0,8796,VIRGINIA
38075,4.044458811,2495,NORTH DAKOTA
48283,0,7409,TEXAS
36067,0,464242,NEW YORK
19087,0,19926,IOWA
31083,0,3438,NEBRASKA
30075,20.59474132,1619,MONTANA
55091,0,7262,WISCONSIN
4001,11.75316008,71522,ARIZONA
29121,0,15254,MISSOURI
48279,9.085984419,13262,TEXAS
20097,33.43122519,2526,KANSAS
48015,0.756560283,29565,TEXAS
29061,0,8302,MISSOURI
13253,0,8437,GEORGIA
26101,0,24444,MICHIGAN
19119,0,11769,IOWA
48233,14.19963488,21571,TEXAS
40139,1.42577048,21121,OKLAHOMA
40153,10.5624877,20967,OKLAHOMA
19003,0,3726,IOWA
6101,16.3240183,95872,CALIFORNIA
42105,0,16937,PENNSYLVANIA
48465,25.81232646,49027,TEXAS
20077,2.661121066,5673,KANSAS
19133,1.170415989,8796,IOWA
49023,6.142744513,10948,UTAH
40137,43.69572104,43983,OKLAHOMA
36017,0,48348,NEW YORK
17143,0,184463,ILLINOIS
19091,0,9566,IOWA
31177,0,20219,NEBRASKA
55049,0,23620,WISCONSIN
27097,52.33422291,32949,MINNESOTA
42003,0,1225561,PENNSYLVANIA
29205,0,6061,MISSOURI
39097,0,43988,OHIO
20201,5.9262111,5525,KANSAS
17019,0,209448,ILLINOIS
16087,70.69676114,10025,IDAHO
17045,0,17539,ILLINOIS
8121,0,4840,COLORADO
39065,0,31542,OHIO
26113,5.502831435,15006,MICHIGAN
38093,2.303254135,21064,NORTH DAKOTA
29203,2.245977412,8246,MISSOURI
48423,73.08352421,225015,TEXAS
40143,21.84677752,642781,OKLAHOMA
40091,56.31992884,19819,OKLAHOMA
48395,0,16890,TEXAS
48171,72.26417473,26208,TEXAS
26125,0,1250843,MICHIGAN
38033,10.87039383,1882,NORTH DAKOTA
56027,5.194959356,2448,WYOMING
27117,0.874630145,9185,MINNESOTA
51099,0,25890,VIRGINIA
53025,11.90258747,94860,WASHINGTON
27129,0.062982308,14721,MINNESOTA
12001,0,263148,FLORIDA
31091,16.78702069,691,NEBRASKA
51147,0,22956,VIRGINIA
49007,53.01955531,20356,UTAH
42017,2.031213139,626370,PENNSYLVANIA
46059,34.77669854,3301,SOUTH DAKOTA
42081,0,114859,PENNSYLVANIA
16057,46.08349944,39239,IDAHO
13237,48.12320578,21503,GEORGIA
51640,0,6638,VIRGINIA
35037,26.69802511,8373,NEW MEXICO
48269,43.14067233,228,TEXAS
5073,0.000591648,6915,ARKANSAS
48451,61.48553981,117466,TEXAS
12049,76.18311753,27228,FLORIDA
39025,0,203216,OHIO
48501,28.57810208,8571,TEXAS
41071,0,103820,OREGON
19115,0,11223,IOWA
20049,65.82833374,2562,KANSAS
39121,0,14443,OHIO
39137,0,33969,OHIO
48425,54.36472982,8743,TEXAS
42075,0,138674,PENNSYLVANIA
30035,17.86993921,13699,MONTANA
32027,0,6611,NEVADA
27087,37.72887933,5506,MINNESOTA
34031,71.85424626,504041,NEW JERSEY
30047,50.14943307,29774,MONTANA
48261,0.111842637,595,TEXAS
48033,74.02520807,665,TEXAS
29157,0,19146,MISSOURI
48411,60.64741151,5962,TEXAS
40073,0.258325676,15618,OKLAHOMA
48051,0,17863,TEXAS
36035,0.053169081,53743,NEW YORK
28133,0,26532,MISSISSIPPI
27053,12.29139662,1235478,MINNESOTA
42027,0,161443,PENNSYLVANIA
48025,0,32691,TEXAS
47077,0,27859,TENNESSEE
19171,0,17136,IOWA
20175,6.73049E-05,22692,KANSAS
19135,0,7863,IOWA
31147,0.604632934,8009,NEBRASKA
17021,0,33231,ILLINOIS
12089,0,80578,FLORIDA
12133,8.040168341,24566,FLORIDA
13007,0,3189,GEORGIA
13275,0,44730,GEORGIA
21005,0,22214,KENTUCKY
21185,0,65374,KENTUCKY
13057,85.75316981,241910,GEORGIA
38065,31.92218524,1837,NORTH DAKOTA
26133,0,23232,MICHIGAN
47109,6.954332192,25903,TENNESSEE
53001,9.098338431,19452,WASHINGTON
29057,0.00567267,7590,MISSOURI
22101,0,51734,LOUISIANA
50007,0,162052,VERMONT
22057,0,98214,LOUISIANA
19139,0,42950,IOWA
12113,0,170442,FLORIDA
18101,0,10210,INDIANA
21203,10.11056596,16827,KENTUCKY
21223,0,8637,KENTUCKY
13055,90.10247939,24817,GEORGIA
45033,80.79949431,30871,SOUTH CAROLINA
37103,0.52923039,9695,NORTH CAROLINA
29199,0,4898,MISSOURI
20131,10.62781778,10104,KANSAS
20137,0,5486,KANSAS
31065,0,4786,NEBRASKA
13087,0,26833,GEORGIA
18177,0,66613,INDIANA
21009,0,43680,KENTUCKY
31093,0.108388564,6405,NEBRASKA
38025,12.90441081,4387,NORTH DAKOTA
6005,94.29507915,37829,CALIFORNIA
47049,26.32086543,17994,TENNESSEE
20031,31.08469242,8296,KANSAS
26023,0,43584,MICHIGAN
51031,0.218674482,55170,VIRGINIA
39105,0,23160,OHIO
54067,3.652006767,25324,WEST VIRGINIA
40053,0.209967636,4418,OKLAHOMA
46115,7.788900527,6543,SOUTH DAKOTA
50027,0,55427,VERMONT
48455,16.84766005,14569,TEXAS
35001,11.02000277,677692,NEW MEXICO
13205,0,22432,GEORGIA
21147,27.75562382,17635,KENTUCKY
21191,0,14520,KENTUCKY
21215,0,18246,KENTUCKY
30041,1.132030809,16439,MONTANA
31175,6.100450891,4224,NEBRASKA
48069,3.289550412,7787,TEXAS
24043,0,149811,MARYLAND
21133,57.89875278,22676,KENTUCKY
34033,7.389030321,63336,NEW JERSEY
51680,0,80131,VIRGINIA
5125,2.08441805,118009,ARKANSAS
54053,0,26939,WEST VIRGINIA
54021,0,8205,WEST VIRGINIA
28063,4.564608921,7346,MISSISSIPPI
38079,3.764669503,14603,NORTH DAKOTA
30103,8.4729718,777,MONTANA
21049,0,35872,KENTUCKY
26005,0,115250,MICHIGAN
47005,0,16112,TENNESSEE
27015,0,25211,MINNESOTA
47137,2.041751755,5088,TENNESSEE
51109,1.327410181,35380,VIRGINIA
18145,0,44399,INDIANA
39049,0,1275333,OHIO
49021,3.222508022,49691,UTAH
32009,0.227600038,981,NEVADA
26083,0,2130,MICHIGAN
49039,19.96910155,29366,UTAH
20093,0,3932,KANSAS
12009,25.51681135,576808,FLORIDA
18105,0,145403,INDIANA
19117,0,8597,IOWA
21239,0,26097,KENTUCKY
45053,75.02093151,27900,SOUTH CAROLINA
48043,13.080825,9216,TEXAS
45065,4.641695679,9606,SOUTH CAROLINA
45087,1.412996236,27644,SOUTH CAROLINA
27103,0,33783,MINNESOTA
55075,0,40537,WISCONSIN
53011,2.378493409,465384,WASHINGTON
55099,0,13490,WISCONSIN
18103,0,35901,INDIANA
20053,45.28498586,6293,KANSAS
22123,0,11180,LOUISIANA
12077,0,8365,FLORIDA
20083,0,1842,KANSAS
20119,2.743513457,4261,KANSAS
21149,0,9331,KENTUCKY
28001,0,31547,MISSISSIPPI
28057,2.054265091,23480,MISSISSIPPI
21073,0,50296,KENTUCKY
23009,0,54541,MAINE
23013,0,39823,MAINE
13217,82.28089054,106497,GEORGIA
46049,18.62125422,2322,SOUTH DAKOTA
26061,0,36360,MICHIGAN
30061,83.93220382,4211,MONTANA
47051,0.485444334,41512,TENNESSEE
22029,0,20021,LOUISIANA
22063,0,138111,LOUISIANA
25009,0,781024,MASSACHUSETTS
46019,6.973535257,10177,SOUTH DAKOTA
8035,61.25760614,328614,COLORADO
45079,79.75230479,408263,SOUTH CAROLINA
18095,0,129505,INDIANA
40099,48.50564293,13875,OKLAHOMA
54009,0,22772,WEST VIRGINIA
54013,0,7396,WEST VIRGINIA
51021,0.001065687,6447,VIRGINIA
30111,12.43477142,157816,MONTANA
54043,48.08541871,21078,WEST VIRGINIA
6033,88.72830818,64148,CALIFORNIA
13131,0,24926,GEORGIA
8021,23.96559104,8142,COLORADO
49037,19.80269914,15281,UTAH
18133,0,37559,INDIANA
16047,58.08715029,15169,IDAHO
47167,0,61446,TENNESSEE
22121,0,25860,LOUISIANA
29171,0,4815,MISSOURI
56039,73.12159521,23059,WYOMING
55043,0,51828,WISCONSIN
38059,20.52830656,30544,NORTH DAKOTA
37041,0,14205,NORTH CAROLINA
37021,68.5888186,254474,NORTH CAROLINA
6063,90.01556699,18699,CALIFORNIA
51730,0,31827,VIRGINIA
50023,0,58477,VERMONT
46093,27.00086984,27424,SOUTH DAKOTA
18097,0,944523,INDIANA
5017,0,10826,ARKANSAS
13021,11.04720654,153490,GEORGIA
5115,2.220110188,63644,ARKANSAS
51175,0,17939,VIRGINIA
48183,85.4404959,123494,TEXAS
36087,77.15807178,323686,NEW YORK
5089,3.034599918,16438,ARKANSAS
51800,10.32507742,89160,VIRGINIA
8041,26.85147754,688153,COLORADO
29187,0.484223946,66342,MISSOURI
48475,1.699848085,11586,TEXAS
8061,0.000951686,1449,COLORADO
48487,19.62849348,12906,TEXAS
41015,37.14599499,22507,OREGON
8119,77.44838501,24113,COLORADO
29049,0,20475,MISSOURI
49051,65.01810184,30523,UTAH
16029,28.34115169,6918,IDAHO
37157,2.811983764,91270,NORTH CAROLINA
5117,0,8244,ARKANSAS
5011,0,10948,ARKANSAS
48193,46.18999647,8269,TEXAS
24011,0,32875,MARYLAND
27041,9.81788176,37203,MINNESOTA
30043,49.15019647,11778,MONTANA
51059,0,1143529,VIRGINIA
30023,48.2723488,9100,MONTANA
47001,13.25921301,75775,TENNESSEE
39077,0,58457,OHIO
13005,0,11228,GEORGIA
10001,0,174822,DELAWARE
39173,0,129936,OHIO
13157,30.04572207,65755,GEORGIA
20003,2.499236956,7852,KANSAS
17095,0,50999,ILLINOIS
30107,8.59446352,2149,MONTANA
47015,0,13976,TENNESSEE
23007,0,30019,MAINE
21165,31.06342393,6405,KENTUCKY
46089,10.13732773,2364,SOUTH DAKOTA
8051,25.67605401,16537,COLORADO
26029,0,26219,MICHIGAN
27151,7.405979271,9411,MINNESOTA
39147,0,55475,OHIO
13267,0,25353,GEORGIA
48429,59.8294717,9372,TEXAS
37117,2.576737346,23054,NORTH CAROLINA
30081,70.21283999,41902,MONTANA
13317,14.96551967,9884,GEORGIA
53043,19.17449225,10435,WASHINGTON
6081,63.86838771,765935,CALIFORNIA
39171,0,36936,OHIO
8009,0.257425157,3563,COLORADO
16021,63.23323694,11549,IDAHO
16007,0.261215261,5962,IDAHO
39159,0,55654,OHIO
39035,0,1253783,OHIO
48285,0.710881565,19941,TEXAS
40105,22.87482092,10383,OKLAHOMA
13125,6.738803636,3009,GEORGIA
41059,50.28228696,76898,OREGON
46102,31.01009672,14335,SOUTH DAKOTA
20117,14.65246391,9798,KANSAS
22065,0,11472,LOUISIANA
30105,1.060525808,7532,MONTANA
13313,85.25943782,103849,GEORGIA
20203,0,2143,KANSAS
46023,12.75534994,9344,SOUTH DAKOTA
31027,0.451476996,8523,NEBRASKA
53035,0,262475,WASHINGTON
17111,0,307789,ILLINOIS
30069,14.45856822,432,MONTANA
29033,0,8843,MISSOURI
53075,5.755474562,48593,WASHINGTON
27147,0,36676,MINNESOTA
31169,0.046200931,5098,NEBRASKA
47033,0,14499,TENNESSEE
19079,0,15110,IOWA
39165,0,226564,OHIO
13255,88.10541518,64719,GEORGIA
34019,19.15134068,125051,NEW JERSEY
29217,0,20691,MISSOURI
18121,0,16996,INDIANA
19069,0,10245,IOWA
13035,94.80954141,23750,GEORGIA
8039,5.150483261,25162,COLORADO
44001,0,48900,RHODE ISLAND
48035,49.74204059,18122,TEXAS
44005,0,83075,RHODE ISLAND
39045,0,152910,OHIO
38069,8.410143581,4210,NORTH DAKOTA
17015,0,14562,ILLINOIS
27125,45.15680502,4008,MINNESOTA
41031,63.18684979,23143,OREGON
47021,0,39929,TENNESSEE
46127,11.61469991,15177,SOUTH DAKOTA
1051,7.837007765,81212,ALABAMA
13187,85.80491642,31951,GEORGIA
39083,0,61215,OHIO
19017,0,24782,IOWA
48175,0,7531,TEXAS
37089,67.37950092,113625,NORTH CAROLINA
12061,48.14158496,150984,FLORIDA
48393,13.9647126,885,TEXAS
31049,0,1894,NEBRASKA
36051,0,63907,NEW YORK
19141,0,13911,IOWA
48059,60.08333883,13770,TEXAS
48379,1.418844738,11473,TEXAS
20067,0,7616,KANSAS
51105,54.82230017,24134,VIRGINIA
35051,23.04468434,11135,NEW MEXICO
5043,0,18502,ARKANSAS
31123,9.094669023,4841,NEBRASKA
29015,8.39313879,18989,MISSOURI
5109,1.336535165,10808,ARKANSAS
8077,62.69261667,149998,COLORADO
29065,1.549517113,15504,MISSOURI
51185,9.998542429,42080,VIRGINIA
42103,0,55498,PENNSYLVANIA
42115,0,41340,PENNSYLVANIA
48343,77.42648457,12424,TEXAS
42125,0,207547,PENNSYLVANIA
50001,0,36939,VERMONT
20103,0,80042,KANSAS
26121,0,173043,MICHIGAN
28049,0,241774,MISSISSIPPI
48281,44.92838196,20640,TEXAS
51107,4.320495657,385143,VIRGINIA
29185,3.135155576,9383,MISSOURI
36025,0,45502,NEW YORK
30071,5.780057523,4124,MONTANA
29129,0,3664,MISSOURI
53045,0,62627,WASHINGTON
37127,0.750751943,94003,NORTH CAROLINA
51199,21.6346318,67587,VIRGINIA
29159,0,42371,MISSOURI
30063,69.5922122,115983,MONTANA
20019,59.55838604,3367,KANSAS
48459,86.21830274,40769,TEXAS
51047,4.478792314,50450,VIRGINIA
40061,70.06990112,12704,OKLAHOMA
54069,0,42547,WEST VIRGINIA
54065,0,17624,WEST VIRGINIA
51165,18.77137766,79444,VIRGINIA
18183,0,33649,INDIANA
6093,65.8198621,43540,CALIFORNIA
46037,12.87276001,5506,SOUTH DAKOTA
22071,19.72164138,389648,LOUISIANA
1073,25.18625637,659892,ALABAMA
1127,55.30351829,64493,ALABAMA
29063,0,12564,MISSOURI
12039,0,46017,FLORIDA
13083,92.90594173,16227,GEORGIA
28033,0,176132,MISSISSIPPI
51187,8.560900212,39449,VIRGINIA
17047,0,6507,ILLINOIS
47113,0,97682,TENNESSEE
1111,25.45672172,22574,ALABAMA
37009,3.801702562,26786,NORTH CAROLINA
8033,61.26165318,1841,COLORADO
39089,0,172293,OHIO
51683,0,41457,VIRGINIA
5139,0,39732,ARKANSAS
17071,0,6884,ILLINOIS
1101,0.175945347,226941,ALABAMA
8005,3.299082218,636671,COLORADO
21155,0,19232,KENTUCKY
53057,37.63598424,123907,WASHINGTON
28067,85.45190163,68454,MISSISSIPPI
55021,6.496392493,56954,WISCONSIN
37019,30.98022147,126860,NORTH CAROLINA
27029,51.33649382,8812,MINNESOTA
51131,0,11957,VIRGINIA
20163,0,5118,KANSAS
18041,0,23259,INDIANA
31079,0,61343,NEBRASKA
31081,0,9178,NEBRASKA
31115,16.04154093,585,NEBRASKA
30091,1.692260603,3574,MONTANA
31063,0.007133358,2609,NEBRASKA
1007,14.36586634,22527,ALABAMA
28075,0,77323,MISSISSIPPI
27011,6.749563653,5016,MINNESOTA
27013,0,66322,MINNESOTA
51091,4.740822262,2214,VIRGINIA
51177,0,131412,VIRGINIA
33017,0,128237,NEW HAMPSHIRE
13153,1.562019098,151682,GEORGIA
26041,0.674483199,36190,MICHIGAN
5131,44.87965278,127461,ARKANSAS
6087,68.58442801,273765,CALIFORNIA
13191,0,14120,GEORGIA
13207,68.02353239,27010,GEORGIA
29069,0,30428,MISSOURI
48483,31.08266425,5482,TEXAS
13117,64.55814715,219880,GEORGIA
48409,6.613943258,67046,TEXAS
28147,0,14601,MISSISSIPPI
29137,0,8654,MISSOURI
26073,0,70775,MICHIGAN
48341,27.08322601,21801,TEXAS
45017,82.75829231,14713,SOUTH CAROLINA
56035,40.93414301,9951,WYOMING
21069,2.423327379,14479,KENTUCKY
55019,0,34491,WISCONSIN
45091,24.10895263,258641,SOUTH CAROLINA
18001,0,35195,INDIANA
22005,0,121176,LOUISIANA
42119,0,45114,PENNSYLVANIA
51041,0,339447,VIRGINIA
22001,0,62568,LOUISIANA
42039,0,86164,PENNSYLVANIA
46123,13.71265342,5468,SOUTH DAKOTA
19077,0,10674,IOWA
19183,0,22143,IOWA
46111,23.25231468,2388,SOUTH DAKOTA
40051,26.84415626,54733,OKLAHOMA
54039,9.565178634,185710,WEST VIRGINIA
55109,0.704336555,87917,WISCONSIN
42121,0,52376,PENNSYLVANIA
39153,0,541810,OHIO
13127,0,83974,GEORGIA
48479,0,272053,TEXAS
37123,87.71063486,27338,NORTH CAROLINA
23003,0,68269,MAINE
28065,24.41042183,11495,MISSISSIPPI
18175,0,27827,INDIANA
48031,71.4849472,11279,TEXAS
51025,0,16665,VIRGINIA
47045,0,37576,TENNESSEE
47053,0,49175,TENNESSEE
51149,0,37894,VIRGINIA
5075,0,16669,ARKANSAS
38027,26.12861827,2313,NORTH DAKOTA
53053,19.11946216,859840,WASHINGTON
16063,29.49649398,5321,IDAHO
42071,0,538347,PENNSYLVANIA
55057,9.822399583,26419,WISCONSIN
47151,30.29563886,21954,TENNESSEE
46031,24.20463795,4168,SOUTH DAKOTA
46053,8.642667017,4201,SOUTH DAKOTA
37181,0,44482,NORTH CAROLINA
21033,0,12727,KENTUCKY
45011,35.43088456,21577,SOUTH CAROLINA
47039,2.046485768,11683,TENNESSEE
18009,0,12129,INDIANA
1055,9.173024666,102939,ALABAMA
16025,65.57738858,886,IDAHO
20155,45.29995282,63101,KANSAS
47119,0,89776,TENNESSEE
56015,0.568465679,13438,WYOMING
55107,0,14183,WISCONSIN
55133,0,398879,WISCONSIN
21079,4.292647712,17328,KENTUCKY
25021,0,698249,MASSACHUSETTS
18063,0,160940,INDIANA
17077,0,58551,ILLINOIS
45043,54.5964762,61605,SOUTH CAROLINA
38041,0.095887195,2576,NORTH DAKOTA
49019,34.50865396,9616,UTAH
49045,0.435381883,65185,UTAH
51650,0,135583,VIRGINIA
55011,0,13167,WISCONSIN
51069,17.65474038,85153,VIRGINIA
54041,0,16276,WEST VIRGINIA
27119,26.87050056,31591,MINNESOTA
27127,0,15331,MINNESOTA
47047,0,39692,TENNESSEE
22089,12.77269842,52724,LOUISIANA
5111,0,24054,ARKANSAS
12045,9.900884613,16055,FLORIDA
47063,0,63740,TENNESSEE
1021,25.28330215,43930,ALABAMA
48351,0.751037202,14057,TEXAS
48219,4.984209838,23162,TEXAS
13009,88.02142524,45286,GEORGIA
37175,24.17807935,33513,NORTH CAROLINA
37171,11.33017354,72099,NORTH CAROLINA
1031,0,51288,ALABAMA
39149,0,48797,OHIO
16027,18.67483753,212230,IDAHO
30019,0.543681399,1753,MONTANA
12073,0,288102,FLORIDA
40119,37.85650316,81512,OKLAHOMA
1039,0,37351,ALABAMA
18093,0,45619,INDIANA
20069,0,6037,KANSAS
21045,0,15796,KENTUCKY
21169,0,10004,KENTUCKY
21207,0,17760,KENTUCKY
22011,0,36769,LOUISIANA
23025,0,50710,MAINE
40025,0.668188405,2189,OKLAHOMA
21163,0,28326,KENTUCKY
21179,0,45388,KENTUCKY
21187,0,10741,KENTUCKY
29155,0,17031,MISSOURI
31125,2.029120199,3554,NEBRASKA
55078,0,4579,WISCONSIN
48365,49.34608311,23440,TEXAS
21011,1.863221141,12268,KENTUCKY
48001,35.51873287,57863,TEXAS
51033,0,30184,VIRGINIA
19167,0.030621151,34825,IOWA
6021,54.96466089,27897,CALIFORNIA
29510,0,311273,MISSOURI
13111,69.12171476,24925,GEORGIA
46051,18.18417349,7217,SOUTH DAKOTA
46091,31.29189934,4895,SOUTH DAKOTA
53067,0,274684,WASHINGTON
31107,14.379409,8460,NEBRASKA
35061,7.000631515,75956,NEW MEXICO
30079,0.96132483,1342,MONTANA
19005,0,13880,IOWA
48061,23.38406058,421750,TEXAS
48339,10.054155,554445,TEXAS
8071,18.27330815,14179,COLORADO
48299,74.65542306,20640,TEXAS
48319,69.69896136,4161,TEXAS
37043,28.65215906,10813,NORTH CAROLINA
36071,80.47010833,378227,NEW YORK
36093,73.45328188,154883,NEW YORK
54059,65.43885767,24741,WEST VIRGINIA
20197,73.57462365,6888,KANSAS
27055,0,18663,MINNESOTA
21181,0,7100,KENTUCKY
25023,0,512135,MASSACHUSETTS
36005,47.34818458,1437872,NEW YORK
37055,0,35741,NORTH CAROLINA
39103,0,177257,OHIO
42005,0,66331,PENNSYLVANIA
34001,3.849325275,268539,NEW JERSEY
55071,0,79407,WISCONSIN
55029,0,27439,WISCONSIN
37047,80.70305072,56293,NORTH CAROLINA
39053,1.370767571,30195,OHIO
48441,55.91775528,136348,TEXAS
51570,0,17593,VIRGINIA
39031,0,36574,OHIO
31135,0,2907,NEBRASKA
48205,5.361682045,5767,TEXAS
8049,22.44563535,15066,COLORADO
48249,0.711729369,41192,TEXAS
19189,0,10571,IOWA
6079,36.53657462,281455,CALIFORNIA
1067,0,17124,ALABAMA
39175,0,22107,OHIO
48505,0,14369,TEXAS
13177,75.5979753,29348,GEORGIA
21019,38.33107956,48091,KENTUCKY
27019,1.456477938,100416,MINNESOTA
31037,0,10760,NEBRASKA
45025,87.73380172,46024,SOUTH CAROLINA
47101,0,11956,TENNESSEE
41067,0,581821,OREGON
51810,1.949617748,450135,VIRGINIA
30057,38.67190671,8218,MONTANA
51103,0,10804,VIRGINIA
29013,0,16374,MISSOURI
33001,0,60640,NEW HAMPSHIRE
51159,0,8878,VIRGINIA
53021,9.545407371,90660,WASHINGTON
19093,0,6916,IOWA
20173,14.2710484,512064,KANSAS
48453,29.89999212,1203166,TEXAS
12057,35.46099783,1378883,FLORIDA
34021,32.89924244,368762,NEW JERSEY
31023,0,8067,NEBRASKA
42129,0,354751,PENNSYLVANIA
12015,16.18687756,176954,FLORIDA
19029,0,13191,IOWA
39107,0,40806,OHIO
21115,64.90950942,22843,KENTUCKY
44003,0,163861,RHODE ISLAND
50025,0,43150,VERMONT
50019,0,26911,VERMONT
20085,14.51926321,13318,KANSAS
22041,0,20322,LOUISIANA
28155,0,9828,MISSISSIPPI
25011,0,70935,MASSACHUSETTS
31031,31.2531284,5790,NEBRASKA
30001,37.13162598,9393,MONTANA
29143,0,17811,MISSOURI
5057,0,22018,ARKANSAS
29029,9.485104505,45096,MISSOURI
51117,0,30847,VIRGINIA
21233,0,13155,KENTUCKY
40047,0.048398855,62190,OKLAHOMA
53059,64.73196148,11620,WASHINGTON
26091,0,98474,MICHIGAN
13123,74.3253989,29922,GEORGIA
27135,19.69736184,15462,MINNESOTA
28089,27.47652864,103498,MISSISSIPPI
48227,46.162507,36667,TEXAS
54099,52.69352615,40708,WEST VIRGINIA
