GEOID,NAME,pop,weighted_wfhp
22023,Cameron,6868,4.645990156
12011,Broward,1909151,4.482660289
12086,Miami-Dade,2715516,4.467160253
41033,Josephine,85481,4.249255319
16049,Idaho,16337,4.217562593
49053,Washington,160537,4.195361885
6009,Calaveras,45235,4.177589551
6105,Trinity,12862,4.143623231
6015,Del Norte,27424,4.055481862
4007,Gila,53400,4.038947472
6033,Lake,64148,3.992416928
6073,San Diego,3302833,3.980521867
41029,Jackson,214267,3.937919498
6091,Sierra,2930,3.909065892
6057,Nevada,99092,3.907354286
6005,Amador,37829,3.900666936
6017,El Dorado,186661,3.900483942
16003,Adams,4019,3.898402068
6043,Mariposa,17540,3.865480149
36061,New York,1632480,3.860215054
6063,Plumas,18699,3.842801866
6111,Ventura,848112,3.839376347
8059,Jefferson,570427,3.833129691
16031,Cassia,23615,3.824917651
36081,Queens,2298513,3.811320755
36047,Kings,2600747,3.797619048
6093,Siskiyou,43540,3.781259687
16045,Gem,17052,3.768831893
16083,Twin Falls,83666,3.768669158
36005,Bronx,1437872,3.747035573
53019,Ferry,7576,3.745439383
6007,Butte,227075,3.732860567
30081,Ravalli,41902,3.726536038
49021,Iron,49691,3.71766206
41061,Union,26028,3.714898711
6085,Santa Clara,1922200,3.707188645
37095,Hyde,5393,3.703654162
16015,Boise,7163,3.70091459
41065,Wasco,25866,3.69919959
34017,Hudson,668631,3.68852459
41023,Grant,7183,3.68484143
16071,Oneida,4326,3.673685371
6115,Yuba,75493,3.671572681
6061,Placer,380077,3.667714674
16001,Ada,446052,3.654209815
16047,Gooding,15169,3.652384676
34029,Ocean,591939,3.650954326
6089,Shasta,179085,3.645001051
16085,Valley,10401,3.636609175
16077,Power,7713,3.635914466
49049,Utah,590440,3.623669177
32011,Eureka,1830,3.619854772
6103,Tehama,63373,3.616454367
12087,Monroe,76325,3.603592746
16063,Lincoln,5321,3.600175817
16087,Washington,10025,3.596664412
6023,Humboldt,135768,3.586152284
6059,Orange,3164182,3.585501859
41027,Hood River,23131,3.583480792
30061,Mineral,4211,3.577029832
16005,Bannock,85065,3.572998856
30053,Lincoln,19358,3.569768361
12083,Marion,348371,3.566273861
6039,Madera,155013,3.561222174
36059,Nassau,1356564,3.560539431
53037,Kittitas,44825,3.553866037
49001,Beaver,6443,3.550078309
27069,Kittson,4337,3.547793709
6035,Lassen,31185,3.54048946
28045,Hancock,46653,3.539328721
37153,Richmond,45189,3.533401291
6069,San Benito,59416,3.533100437
32007,Elko,52252,3.531326087
37055,Dare,35741,3.529152824
6037,Los Angeles,10098052,3.528940189
27089,Marshall,9392,3.526037134
53007,Chelan,75757,3.52025011
12015,Charlotte,176954,3.517944301
30063,Missoula,115983,3.517166631
48033,Borden,665,3.516798561
12001,Alachua,263148,3.515151515
28059,Jackson,142014,3.511823665
6097,Sonoma,501317,3.509317282
13051,Chatham,287049,3.503639816
6045,Mendocino,87422,3.502583271
12127,Volusia,527634,3.499913074
12043,Glades,13363,3.499749691
37093,Hoke,53239,3.497833867
6087,Santa Cruz,273765,3.494147217
48233,Hutchinson,21571,3.492625024
13191,McIntosh,14120,3.488881447
12099,Palm Beach,1446277,3.486700975
16039,Elmore,26433,3.464762001
41063,Wallowa,6924,3.462271118
8119,Teller,24113,3.458541871
49035,Salt Lake,1120805,3.453277798
22071,Orleans,389648,3.438757396
41069,Wheeler,1426,3.437694626
35028,Los Alamos,18356,3.433406714
28091,Marion,25202,3.430481723
16035,Clearwater,8640,3.429722313
6109,Tuolumne,53932,3.410756122
32015,Lander,5746,3.404727084
6055,Napa,140530,3.40252599
53077,Yakima,249325,3.397169408
22087,St. Bernard,45694,3.397101235
41031,Jefferson,23143,3.39623775
6049,Modoc,8938,3.395798945
28047,Harrison,202626,3.391776483
34001,Atlantic,268539,3.389804386
41015,Curry,22507,3.377567753
28065,Jefferson Davis,11495,3.377552498
40059,Harper,3847,3.374987176
12021,Collier,363922,3.363799849
53039,Klickitat,21396,3.36140524
12129,Wakulla,31877,3.359240398
12009,Brevard,576808,3.34984572
13179,Liberty,62108,3.342544013
48459,Upshur,40769,3.336266337
12107,Putnam,72766,3.335090679
28077,Lawrence,12630,3.333055556
37165,Scotland,35262,3.330992979
6053,Monterey,433212,3.3302312
13207,Monroe,27010,3.326702136
12035,Flagler,107139,3.32150963
34005,Burlington,446367,3.310947852
35003,Catron,3539,3.310496776
16073,Owyhee,11455,3.309696459
37125,Moore,95629,3.308489897
28109,Pearl River,55149,3.307965886
35041,Roosevelt,19117,3.293236003
13169,Jones,28548,3.292828987
53047,Okanogan,41638,3.287501501
37105,Lee,60125,3.286726804
16025,Camas,886,3.286389505
37031,Carteret,68920,3.284673098
28073,Lamar,61223,3.284546896
45043,Georgetown,61605,3.278225806
12075,Levy,39961,3.26727485
48235,Irion,1524,3.266829999
13029,Bryan,35885,3.263601168
48183,Gregg,123494,3.262743956
34003,Bergen,929999,3.260004851
6001,Alameda,1643700,3.256760738
28035,Forrest,75517,3.252701524
28131,Stone,18375,3.251158173
6047,Merced,269075,3.250362271
16075,Payette,23041,3.249676943
6083,Santa Barbara,443738,3.246108154
13229,Pierce,19164,3.24540801
6079,San Luis Obispo,281455,3.238062284
48245,Jefferson,255210,3.236824038
13305,Wayne,29767,3.236511889
16041,Franklin,13279,3.22760928
13001,Appling,18454,3.222719642
13005,Bacon,11228,3.219819159
37137,Pamlico,12742,3.218985537
27135,Roseau,15462,3.210887044
13183,Long,18156,3.210884852
36085,Richmond,474101,3.205479452
41001,Baker,15984,3.194877163
48431,Sterling,1141,3.187641319
6003,Alpine,1146,3.185772683
49003,Box Elder,53001,3.183300508
13003,Atkinson,8265,3.182354097
13025,Brantley,18561,3.180549062
13127,Glynn,83974,3.178489363
48169,Garza,6288,3.17734352
13115,Floyd,96824,3.174532667
8103,Rio Blanco,6465,3.173471135
13071,Colquitt,45606,3.17273611
8013,Boulder,321030,3.172544081
45003,Aiken,166926,3.170873843
13019,Berrien,19025,3.164222636
53065,Stevens,44214,3.159379709
1097,Mobile,414659,3.157059992
48063,Camp,12813,3.151892818
41055,Sherman,1605,3.151492778
13017,Ben Hill,17154,3.15059245
48345,Motley,1156,3.149285402
13185,Lowndes,114582,3.147673189
28113,Pike,39737,3.144668545
45089,Williamsburg,31794,3.142467745
37177,Tyrrell,4119,3.142141454
28031,Covington,19091,3.140240788
13069,Coffee,42961,3.137284732
13171,Lamar,18513,3.135460164
13161,Jeff Davis,14991,3.132532659
32017,Lincoln,5174,3.131135008
13143,Haralson,28956,3.129553783
13167,Johnson,9730,3.12581103
28147,Walthall,14601,3.118825002
45025,Chesterfield,46024,3.118139645
45063,Lexington,286316,3.11624093
13173,Lanier,10366,3.114929108
13283,Treutlen,6777,3.113594611
12125,Union,15239,3.110263859
32510,Carson City,54467,3.107353318
28111,Perry,12028,3.107090909
13271,Telfair,16115,3.105225687
30089,Sanders,11521,3.10481308
8035,Douglas,328614,3.104241129
28039,George,23710,3.098493107
13293,Upson,26216,3.098187172
13321,Worth,20656,3.098096207
13091,Dodge,20919,3.097687861
6081,San Mateo,765935,3.096499367
37007,Anson,25306,3.095002444
13309,Wheeler,7939,3.094347337
13055,Chattooga,24817,3.092122959
13233,Polk,41621,3.091325109
30029,Flathead,98082,3.089060096
34013,Essex,793555,3.085069444
45053,Jasper,27900,3.082936562
4011,Greenlee,9504,3.078664575
6107,Tulare,460477,3.076139278
13175,Laurens,47418,3.072305856
46069,Hyde,1331,3.071615855
13279,Toombs,27048,3.069059026
34011,Cumberland,153400,3.066841214
46017,Buffalo,2053,3.066492313
8067,La Plata,55101,3.065101387
13295,Walker,68824,3.059791552
8007,Archuleta,12908,3.05812635
45015,Berkeley,209065,3.054561232
46033,Custer,8573,3.051616132
37085,Harnett,130361,3.046937004
16067,Minidoka,20615,3.046847939
13277,Tift,40510,3.045566705
48211,Hemphill,4061,3.045366857
13075,Cook,17184,3.044349831
34009,Cape May,93705,3.042267051
12071,Lee,718679,3.037253799
12093,Okeechobee,40572,3.035615036
13209,Montgomery,9036,3.028349515
56039,Teton,23059,3.027607153
16053,Jerome,23431,3.026889726
34039,Union,553066,3.026194145
36087,Rockland,323686,3.026173285
37019,Brunswick,126860,3.023168302
13267,Tattnall,25353,3.022290332
45061,Lee,17606,3.020573183
28085,Lincoln,34432,3.020390566
45069,Marlboro,27131,3.014889678
45027,Clarendon,34017,3.013808626
12007,Bradford,26979,3.009086269
48045,Briscoe,1546,3.008782887
41021,Gilliam,1907,3.005179528
6021,Glenn,27897,2.995450939
12041,Gilchrist,17615,2.994352341
48393,Roberts,885,2.99277329
6099,Stanislaus,539301,2.9817791
13023,Bleckley,12775,2.979568106
13109,Evans,10727,2.979019714
20155,Reno,63101,2.973295455
48353,Nolan,14966,2.971541734
48081,Coke,3275,2.969800277
49029,Morgan,11391,2.969045323
12051,Hendry,40127,2.968283633
37051,Cumberland,332106,2.966751918
48129,Donley,3387,2.966324258
48401,Rusk,53595,2.96451266
13079,Crawford,12344,2.963291834
34007,Camden,507367,2.961836863
13315,Wilcox,8846,2.961113229
32005,Douglas,47828,2.960852071
13155,Irwin,9268,2.957012488
6065,Riverside,2383286,2.955928452
32031,Washoe,450486,2.95567756
13103,Effingham,58689,2.954996137
13287,Turner,7962,2.949460043
32013,Humboldt,16904,2.948145514
8047,Gilpin,5924,2.947956132
13087,Decatur,26833,2.944367
13035,Butts,23750,2.943661972
37141,Pender,59020,2.939655793
12077,Liberty,8365,2.934641644
13027,Brooks,15622,2.934008617
13009,Baldwin,45286,2.932693447
48423,Smith,225015,2.931895652
45029,Colleton,37568,2.931383025
30047,Lake,29774,2.931349862
22103,St. Tammany,252093,2.928673428
41017,Deschutes,180640,2.928594278
49039,Sanpete,29366,2.926709436
13015,Bartow,103620,2.925091011
41013,Crook,22337,2.920729344
12109,St. Johns,235503,2.919552828
38079,Rolette,14603,2.919130328
13043,Candler,10827,2.916098807
12115,Sarasota,412144,2.914492661
45041,Florence,138561,2.914299355
12105,Polk,668671,2.914204429
13107,Emanuel,22499,2.913714634
6019,Fresno,978130,2.910226153
16079,Shoshone,12526,2.909160248
12037,Franklin,11736,2.908879668
30039,Granite,3269,2.908829431
6051,Mono,14174,2.903753869
45035,Dorchester,155474,2.901827647
45075,Orangeburg,88454,2.894663738
13131,Grady,24926,2.893210695
40129,Roger Mills,3708,2.891221006
12029,Dixie,16437,2.88790758
40127,Pushmataha,11119,2.885239162
32029,Storey,3941,2.885162095
12113,Santa Rosa,170442,2.884215317
8033,Dolores,1841,2.883117258
48451,Tom Green,117466,2.882380605
22011,Beauregard,36769,2.881817486
41059,Umatilla,76898,2.881474852
1003,Baldwin,208107,2.880928975
13231,Pike,18082,2.880061009
35039,Rio Arriba,39307,2.878124133
36103,Suffolk,1487901,2.877684092
37133,Onslow,193912,2.870524255
40077,Latimer,10495,2.869671807
45017,Calhoun,14713,2.864726998
27113,Pennington,14184,2.860002397
35055,Taos,32888,2.859069542
48165,Gaines,20321,2.858581917
16021,Boundary,11549,2.857263636
12023,Columbia,69105,2.855075253
12069,Lake,335362,2.8522448
12003,Baker,27785,2.852193995
13031,Bulloch,74782,2.851787555
12067,Lafayette,8744,2.850091206
48415,Scurry,17239,2.849540216
46102,Oglala Lakota,14335,2.846769656
45031,Darlington,67253,2.845615328
13073,Columbia,147295,2.845095829
8083,Montezuma,25909,2.845008688
41035,Klamath,66310,2.842971335
22115,Vernon,51007,2.840333084
35017,Grant,28061,2.837522286
12097,Osceola,338619,2.83505398
13289,Twiggs,8284,2.83323427
6013,Contra Costa,1133247,2.832225713
4009,Graham,37879,2.830333912
48191,Hall,3074,2.828900341
12117,Seminole,455086,2.826356778
46081,Lawrence,25234,2.825226471
48065,Carson,6032,2.823207614
49041,Sevier,21118,2.823007706
16011,Bingham,45551,2.82045908
49045,Tooele,65185,2.820065264
30077,Powell,6861,2.814671329
13223,Paulding,155840,2.813495304
12055,Highlands,102101,2.812953368
22003,Allen,25661,2.81009806
48203,Harrison,66645,2.808915233
12121,Suwannee,43924,2.808664773
32027,Pershing,6611,2.804402191
13275,Thomas,44730,2.804123049
13245,Richmond,201463,2.803282532
13299,Ware,35599,2.800837738
13189,McDuffie,21498,2.796902499
41049,Morrow,11215,2.794183638
53013,Columbia,4001,2.793530094
37049,Craven,103082,2.793467583
12019,Clay,207291,2.79241398
13021,Bibb,153490,2.790064103
13235,Pulaski,11295,2.788495433
34025,Monmouth,623387,2.786989681
24019,Dorchester,32261,2.784525205
37103,Jones,9695,2.783402613
16017,Bonner,42711,2.78301527
12073,Leon,288102,2.782145931
48079,Cochran,2904,2.781677499
13083,Dade,16227,2.780504548
8043,Fremont,47002,2.778726959
20159,Rice,9762,2.77700751
37017,Bladen,33778,2.773958492
12095,Orange,1321194,2.773050238
13129,Gordon,56790,2.772772233
28079,Leake,22870,2.769013215
16061,Lewis,3845,2.766796224
13205,Mitchell,22432,2.764333451
13313,Whitfield,103849,2.764005443
48335,Mitchell,8558,2.761067836
37155,Robeson,133442,2.755149813
1029,Cleburne,14938,2.754666386
8019,Clear Creek,9379,2.753591714
6041,Marin,260295,2.750851762
45085,Sumter,106995,2.750744206
13039,Camden,52714,2.749579518
20035,Cowley,35591,2.747632883
48179,Gray,22685,2.746920493
48071,Chambers,40292,2.745152037
41045,Malheur,30431,2.745082061
48305,Lynn,5808,2.744936064
37035,Catawba,156729,2.738307139
12085,Martin,157581,2.727578079
1053,Escambia,37328,2.726830422
45065,McCormick,9606,2.726307996
37109,Lincoln,81441,2.726292575
8077,Mesa,149998,2.725914615
8045,Garfield,58538,2.725035426
48341,Moore,21801,2.722439215
36071,Orange,378227,2.721181379
45049,Hampton,19807,2.720723323
13065,Clinch,6743,2.718408067
1019,Cherokee,25853,2.717395248
16059,Lemhi,7798,2.715967399
37123,Montgomery,27338,2.715407262
13319,Wilkinson,9078,2.714617016
34023,Middlesex,826698,2.71457753
8027,Custer,4640,2.711540729
49023,Juab,10948,2.711021385
49011,Davis,340621,2.704274041
28041,Greene,13714,2.703110855
34031,Passaic,504041,2.698630137
16043,Fremont,12965,2.698363391
40009,Beckham,22621,2.697787541
13101,Echols,3994,2.69436866
4023,Santa Cruz,46584,2.694133173
48263,Kent,749,2.694124653
48087,Collingsworth,2996,2.693457796
45039,Fairfield,22712,2.690506984
35009,Curry,50199,2.69048794
24039,Somerset,25737,2.688853063
22117,Washington,46457,2.684089991
38027,Eddy,2313,2.682238403
48343,Morris,12424,2.681030273
13255,Spalding,64719,2.679967159
45055,Kershaw,64361,2.679104166
41019,Douglas,108323,2.678962069
12017,Citrus,143087,2.678674579
12123,Taylor,22098,2.675592896
45037,Edgefield,26769,2.675190907
12033,Escambia,311522,2.674400661
41005,Clackamas,405788,2.673462307
46059,Hand,3301,2.67109493
40089,McCurtain,32966,2.669245179
27031,Cook,5311,2.667677762
27125,Red Lake,4008,2.663963608
48315,Marion,10083,2.661312741
40061,Haskell,12704,2.658067117
32003,Clark,2141574,2.653369568
49057,Weber,247731,2.653246497
48107,Crosby,5861,2.651647655
49005,Cache,122336,2.647221103
48017,Bailey,7092,2.646357914
13301,Warren,5346,2.643117887
49009,Daggett,612,2.641665276
48125,Dickens,2216,2.638379205
53003,Asotin,22337,2.636158589
22091,St. Helena,10411,2.628068651
20017,Chase,2645,2.627817746
48073,Cherokee,51903,2.625607641
37129,New Hanover,224231,2.624562937
13265,Taliaferro,1665,2.623534785
48441,Taylor,136348,2.622594947
48413,Schleicher,3061,2.621321111
13081,Crisp,22846,2.62007582
13045,Carroll,116022,2.619047619
48243,Jeff Davis,2234,2.616749113
35007,Colfax,12353,2.614229997
28005,Amite,12468,2.608962114
20169,Saline,54977,2.607106678
36093,Schenectady,154883,2.60308841
32033,White Pine,9737,2.599094835
45071,Newberry,38068,2.599031927
48115,Dawson,12964,2.598873896
53059,Skamania,11620,2.594448714
4025,Yavapai,224645,2.59427248
13181,Lincoln,7799,2.592304428
12047,Hamilton,14269,2.591445798
37071,Gaston,216585,2.591377221
12039,Gadsden,46017,2.589599108
40151,Woods,9127,2.579464041
8113,San Miguel,7968,2.572388601
13047,Catoosa,66299,2.568040201
12049,Hardee,27228,2.566641847
13259,Stewart,6042,2.565362626
1129,Washington,16643,2.564350273
13317,Wilkes,9884,2.563203135
53051,Pend Oreille,13219,2.56134184
12005,Bay,182482,2.559675938
45019,Charleston,394708,2.558717641
13239,Quitman,2276,2.558144012
20033,Comanche,1780,2.558006609
48077,Clay,10387,2.557022771
48499,Wood,43815,2.55699801
48435,Sutton,3865,2.556700424
13225,Peach,26966,2.556240018
12089,Nassau,80578,2.554348331
37167,Stanly,61114,2.553469158
27119,Polk,31591,2.551275431
8085,Montrose,41268,2.550855599
20053,Ellsworth,6293,2.548522182
48241,Jasper,35504,2.545181864
12091,Okaloosa,200737,2.544836817
48067,Cass,30087,2.544212244
53063,Spokane,497875,2.544091604
28007,Attala,18581,2.543897832
45023,Chester,32326,2.541505243
48501,Yoakum,8571,2.54117357
38029,Emmons,3352,2.541012496
37047,Columbus,56293,2.539828169
45033,Dillon,30871,2.539398209
37025,Cabarrus,201448,2.538507403
41025,Harney,7228,2.537086737
53005,Benton,194168,2.536681857
13061,Clay,3001,2.535305512
45079,Richland,408263,2.534016128
53017,Douglas,41371,2.532806679
36001,Albany,307426,2.529384544
13153,Houston,151682,2.528252545
49043,Summit,40511,2.527784618
36119,Westchester,968815,2.524161455
12027,DeSoto,36399,2.52366757
16013,Blaine,21994,2.523305732
37023,Burke,89712,2.522717465
20185,Stafford,4214,2.52193632
48351,Newton,14057,2.521247539
48101,Cottle,1623,2.52076607
48009,Archer,8789,2.518305375
45087,Union,27644,2.516942749
6011,Colusa,21464,2.516840727
35011,De Baca,2060,2.516377267
4015,Mohave,206064,2.512863276
12031,Duval,924229,2.505793111
45081,Saluda,20299,2.503439903
37045,Cleveland,97159,2.502974828
12061,Indian River,150984,2.501837406
48011,Armstrong,1916,2.501346218
13133,Greene,16976,2.500428984
16057,Latah,39239,2.500271788
36055,Monroe,744248,2.499851124
13243,Randolph,7087,2.495654947
45047,Greenwood,70264,2.493372109
13237,Putnam,21503,2.491944051
13141,Hancock,8535,2.491380931
4021,Pinal,419721,2.490825036
40001,Adair,22113,2.489565394
30049,Lewis and Clark,67077,2.48929869
1001,Autauga,55200,2.488536522
36079,Putnam,99070,2.487387892
6029,Kern,883053,2.48673765
48433,Stonewall,1385,2.486618261
48227,Howard,36667,2.486086361
45013,Beaufort,182658,2.483334225
20197,Wabaunsee,6888,2.481205525
48483,Wheeler,5482,2.47428689
48295,Lipscomb,3469,2.474239851
1051,Elmore,81212,2.473496432
48269,King,228,2.469382468
36083,Rensselaer,159431,2.465656207
12079,Madison,18474,2.465579871
27007,Beltrami,46117,2.461916492
35049,Santa Fe,148917,2.461882725
49031,Piute,1904,2.46041125
28019,Choctaw,8321,2.457449074
37003,Alexander,37119,2.455482429
37119,Mecklenburg,1054314,2.453677001
1021,Chilton,43930,2.44977258
40079,Le Flore,49909,2.446392955
46065,Hughes,17617,2.44473342
16055,Kootenai,153605,2.443422611
13303,Washington,20461,2.441719731
35005,Chaves,65459,2.439895106
40135,Sequoyah,41359,2.429464367
46103,Pennington,109294,2.428537789
1087,Macon,19054,2.428520842
1007,Bibb,22527,2.427610852
13307,Webster,2613,2.42593469
13159,Jasper,13784,2.42504607
49007,Carbon,20356,2.4241595
28117,Prentiss,25360,2.423963134
37187,Washington,12156,2.423021994
22105,Tangipahoa,130504,2.422743751
1037,Coosa,10855,2.422702457
28161,Yalobusha,12421,2.420477624
56033,Sheridan,30012,2.418899382
1113,Russell,58213,2.414938772
38071,Ramsey,11557,2.409965611
20097,Kiowa,2526,2.409266409
1123,Tallapoosa,40636,2.406443256
28067,Jones,68454,2.40584922
48367,Parker,129802,2.404004158
48059,Callahan,13770,2.402550733
45009,Bamberg,14600,2.400988854
48375,Potter,120899,2.39831659
53023,Garfield,2224,2.394167354
13253,Seminole,8437,2.39404737
48485,Wichita,131818,2.390553264
13269,Taylor,8193,2.389606171
28155,Webster,9828,2.388972131
46107,Potter,2326,2.388810421
45001,Abbeville,24657,2.388482633
22043,Grant,22348,2.388458966
1121,Talladega,80565,2.388157895
28127,Simpson,27073,2.386538852
45011,Barnwell,21577,2.385628335
6067,Sacramento,1510023,2.384151786
28159,Winston,18358,2.380272741
34037,Sussex,142298,2.380214975
35033,Mora,4563,2.379884727
46129,Walworth,5510,2.375882396
34027,Morris,494383,2.374096849
40121,Pittsburg,44382,2.371830098
12131,Walton,65858,2.367832651
12133,Washington,24566,2.366577093
48365,Panola,23440,2.366411932
28003,Alcorn,37180,2.365994712
46121,Todd,10146,2.365325679
45051,Horry,320915,2.364648864
46021,Campbell,1435,2.363457277
12101,Pasco,510593,2.362828301
48143,Erath,41482,2.361911031
48153,Floyd,5872,2.357739652
16069,Nez Perce,40155,2.356729378
34015,Gloucester,290852,2.355619521
37013,Beaufort,47243,2.353768413
45057,Lancaster,89546,2.353725447
48049,Brown,37834,2.352474157
13053,Chattahoochee,10767,2.348929042
48457,Tyler,21496,2.348171141
12053,Hernando,182696,2.347573621
48005,Angelina,87607,2.345466751
40021,Cherokee,48599,2.344858642
8081,Moffat,13060,2.342645171
48361,Orange,84047,2.339515814
47061,Grundy,13331,2.338548602
46047,Fall River,6774,2.336564935
13221,Oglethorpe,14784,2.334153173
28029,Copiah,28721,2.332678757
30003,Big Horn,13376,2.332474658
28153,Wayne,20422,2.329676716
13125,Glascock,3009,2.328245871
13151,Henry,221307,2.327634711
48417,Shackelford,3311,2.326489934
37185,Warren,20033,2.324748607
41043,Linn,122870,2.324384365
48275,Knox,3733,2.323928016
48339,Montgomery,554445,2.323162857
45059,Laurens,66710,2.322235127
20019,Chautauqua,3367,2.32172976
28099,Neshoba,29376,2.321124987
5053,Grant,18086,2.317525096
13049,Charlton,12983,2.316860899
8069,Larimer,338161,2.316138221
37069,Franklin,64902,2.315343203
41039,Lane,368882,2.315010529
28015,Carroll,10129,2.314295977
47153,Sequatchie,14730,2.313192346
1017,Chambers,33826,2.312515576
49025,Kane,7350,2.312134622
38005,Benson,6886,2.310439709
20143,Ottawa,5902,2.308855606
37183,Wake,1046558,2.301827318
13199,Meriwether,21113,2.301313387
13145,Harris,33590,2.300680884
40113,Osage,47311,2.300206036
28139,Tippah,21990,2.300187617
20127,Morris,5566,2.300186517
12013,Calhoun,14444,2.298461704
30067,Park,16246,2.297121842
1035,Conecuh,12514,2.296982072
4005,Coconino,140217,2.296324117
20113,McPherson,28630,2.295439709
16081,Teton,11080,2.293518356
34033,Salem,63336,2.292679669
22019,Calcasieu,200182,2.291988073
28097,Montgomery,10198,2.2904814
48403,Sabine,10458,2.288588641
13105,Elbert,19212,2.287555163
48363,Palo Pinto,28317,2.286917078
13285,Troup,69774,2.285128893
28101,Newton,21524,2.284565834
41047,Marion,335553,2.284215297
41051,Multnomah,798647,2.282901449
1081,Lee,159287,2.281615138
22079,Rapides,131546,2.280953353
28057,Itawamba,23480,2.278658246
4003,Cochise,126279,2.277698676
5103,Ouachita,24106,2.277565446
28037,Franklin,7757,2.277524362
13201,Miller,5836,2.275028121
48471,Walker,71539,2.274862301
48347,Nacogdoches,65558,2.274412663
13263,Talbot,6378,2.27327799
1105,Perry,9486,2.271633287
30043,Jefferson,11778,2.267566294
13149,Heard,11677,2.267418646
20073,Greenwood,6156,2.264196732
46091,Marshall,4895,2.264174414
48407,San Jacinto,27819,2.262690955
13057,Cherokee,241910,2.26092959
48497,Wise,64639,2.259823492
40029,Coal,5618,2.259542832
22113,Vermilion,59867,2.259134057
28071,Lafayette,53459,2.257170637
28023,Clarke,15928,2.255171828
48503,Young,18114,2.253688948
16051,Jefferson,27969,2.25300959
13197,Marion,8484,2.252447609
12065,Jefferson,14105,2.252006104
13067,Cobb,745057,2.251607963
13247,Rockdale,89011,2.250544662
28009,Benton,8253,2.249941089
37097,Iredell,172525,2.248686515
13217,Newton,106497,2.246720074
12081,Manatee,373853,2.242257921
48449,Titus,32730,2.242079733
53043,Lincoln,10435,2.240876299
12119,Sumter,120999,2.240118056
1015,Calhoun,115098,2.237383571
13093,Dooly,13905,2.237158607
28129,Smith,16063,2.236789608
49051,Wasatch,30523,2.235793066
42103,Pike,55498,2.235778117
48237,Jack,8842,2.234375
49013,Duchesne,20219,2.232796963
28093,Marshall,35787,2.2306459
28051,Holmes,18075,2.230499014
37027,Caldwell,81779,2.230356909
48037,Bowie,93858,2.229406488
8053,Hinsdale,878,2.228744474
48083,Coleman,8391,2.228182074
20111,Lyon,33299,2.224991132
20049,Elk,2562,2.22242144
37037,Chatham,69791,2.217160645
13163,Jefferson,15772,2.2164895
28145,Union,28356,2.215418574
28141,Tishomingo,19478,2.213337268
13261,Sumter,30352,2.213234722
48405,San Augustine,8327,2.212109734
5059,Hot Spring,33520,2.211370976
48075,Childress,7226,2.210293059
5091,Miller,43759,2.209732614
37179,Union,226694,2.209134132
12045,Gulf,16055,2.206891126
48429,Stephens,9372,2.206350248
51001,Accomack,32742,2.201943545
13297,Walton,90132,2.199531204
13211,Morgan,18235,2.193469316
16029,Caribou,6918,2.193255035
28061,Jasper,16529,2.192952729
56029,Park,29121,2.190017641
25021,Norfolk,698249,2.189830915
35037,Quay,8373,2.189670068
45067,Marion,31562,2.18804715
6113,Yolo,214977,2.187766973
27029,Clearwater,8812,2.18772735
48155,Foard,1408,2.187264565
34035,Somerset,330176,2.187152251
37159,Rowan,139605,2.187062697
16019,Bonneville,112397,2.185292929
13063,Clayton,278666,2.182134571
13249,Schley,5211,2.180856784
46007,Bennett,3437,2.178049551
8111,San Juan,544,2.177883219
13273,Terrell,8859,2.175784967
30093,Silver Bow,34814,2.174925792
48225,Houston,22955,2.173816156
46119,Sully,1331,2.172332088
40041,Delaware,42112,2.170430129
13099,Early,10348,2.164992272
1027,Clay,13378,2.164319249
1117,Shelby,211261,2.162035162
47115,Marion,28417,2.161136295
13007,Baker,3189,2.160411485
48337,Montague,19409,2.159420778
8091,Ouray,4722,2.155926486
12059,Holmes,19430,2.155850858
1013,Butler,20025,2.153451031
48221,Hood,56901,2.152725699
16009,Benewah,9086,2.148836068
13251,Screven,13990,2.148644517
30031,Gallatin,104729,2.147471859
41037,Lake,7843,2.147007265
30023,Deer Lodge,9100,2.14613692
21125,Laurel,60180,2.145241477
1111,Randolph,22574,2.144721669
28081,Lee,84915,2.143345939
48023,Baylor,3591,2.142949012
6077,San Joaquin,732212,2.142883203
48133,Eastland,18270,2.140618867
36021,Columbia,60919,2.140140448
40067,Jefferson,6223,2.139698304
13077,Coweta,140516,2.137491998
1049,DeKalb,71200,2.137464742
36027,Dutchess,293894,2.137162078
45007,Anderson,195995,2.137144685
13095,Dougherty,91049,2.135949765
49047,Uintah,36323,2.13479206
49019,Grand,9616,2.133305002
48199,Hardin,56379,2.130976782
46089,McPherson,2364,2.129824561
20149,Pottawatomie,23545,2.129684087
27075,Lake,10569,2.129453972
45083,Spartanburg,302195,2.129233548
45005,Allendale,9214,2.127552648
13085,Dawson,23861,2.125566251
47007,Bledsoe,14602,2.12389121
36091,Saratoga,227377,2.123883216
48357,Ochiltree,10348,2.123600415
13135,Gwinnett,902298,2.122807018
48425,Somervell,8743,2.122474747
13177,Lee,29348,2.121634564
1011,Bullock,10352,2.118338596
8055,Huerfano,6583,2.115473525
46049,Faulk,2322,2.113909031
12057,Hillsborough,1378883,2.113750846
32019,Lyon,53155,2.112425574
47109,McNairy,25903,2.111768185
13117,Forsyth,219880,2.108185735
48171,Gillespie,26208,2.104261379
48001,Anderson,57863,2.104174883
13113,Fayette,111369,2.101755643
20015,Butler,66468,2.100385302
40005,Atoka,13874,2.093877673
13165,Jenkins,8827,2.093599922
1127,Walker,64493,2.093247099
40025,Cimarron,2189,2.091703499
48381,Randall,132475,2.091480102
37091,Hertford,24153,2.090396093
48447,Throckmorton,1567,2.089095249
48185,Grimes,27630,2.088201604
48455,Trinity,14569,2.087331031
55047,Green Lake,18757,2.084324155
48373,Polk,47837,2.083992852
22127,Winn,14494,2.07976797
1073,Jefferson,659892,2.075847092
13193,Macon,13480,2.072171254
13219,Oconee,37017,2.069503306
37061,Duplin,59062,2.067855758
35035,Otero,65745,2.066866108
13089,DeKalb,743187,2.066518399
20161,Riley,75296,2.064818926
22059,LaSalle,14949,2.064785542
13033,Burke,22550,2.063135344
48377,Presidio,7123,2.061071568
9005,Litchfield,183031,2.059638703
12111,St. Lucie,305591,2.05929808
49017,Garfield,5017,2.057411595
36111,Ulster,179303,2.056650901
53025,Grant,94860,2.055975246
37063,Durham,306457,2.055632648
35043,Sandoval,140769,2.054409138
5125,Saline,118009,2.050701141
13059,Clarke,124602,2.050473186
48031,Blanco,11279,2.05047306
35025,Lea,70126,2.050294542
13097,Douglas,141840,2.048810792
13213,Murray,39557,2.047931248
13187,Lumpkin,31951,2.047003648
48035,Bosque,18122,2.044162111
48387,Red River,12275,2.044006793
47175,Van Buren,5704,2.043571813
48219,Hockley,23162,2.043528158
20061,Geary,34895,2.043139491
5027,Columbia,23892,2.04301408
48193,Hamilton,8269,2.04274876
12063,Jackson,48472,2.041146991
46093,Meade,27424,2.039757442
41011,Coos,63308,2.038612168
13215,Muscogee,196670,2.038371885
27159,Wadena,13646,2.034500682
48253,Jones,19891,2.034303274
53053,Pierce,859840,2.034052094
48053,Burnet,45750,2.033760153
48159,Franklin,10679,2.033206026
22051,Jefferson,435300,2.033137521
1099,Monroe,21512,2.031548644
13139,Hall,195961,2.028723945
47065,Hamilton,357546,2.027497412
48279,Lamb,13262,2.024360921
27107,Norman,6559,2.023875969
48487,Wilbarger,12906,2.022788722
48093,Comanche,13495,2.022779119
22085,Sabine,24088,2.021941205
48333,Mills,4902,2.021589833
35027,Lincoln,19482,2.018412057
13013,Barrow,76887,2.0182242
25023,Plymouth,512135,2.01808486
13147,Hart,25631,2.015320334
5039,Dallas,7432,2.015251025
55077,Marquette,15207,2.014319164
13195,Madison,28900,2.011965626
13121,Fulton,1021902,2.00910352
1039,Covington,37351,2.007811796
37181,Vance,44482,2.004803947
32001,Churchill,24010,2.004771629
46039,Deuel,4306,2.003821524
48467,Van Zandt,54368,2.002881844
28043,Grenada,21278,2.002524655
8014,Broomfield,66120,2.001814882
48099,Coryell,75389,1.998927869
37163,Sampson,63561,1.997640994
30075,Powder River,1619,1.99567681
5099,Nevada,8440,1.994089835
28089,Madison,103498,1.99347571
48097,Cooke,39571,1.992314491
48445,Terry,12615,1.989984379
21109,Jackson,13373,1.98607928
28075,Lauderdale,77323,1.984822714
40057,Harmon,2721,1.984130744
27087,Mahnomen,5506,1.98318396
13037,Calhoun,6428,1.982987031
5051,Garland,98296,1.982760937
1093,Marion,29965,1.981627513
27141,Sherburne,93231,1.979750024
8093,Park,17392,1.977070386
48213,Henderson,80460,1.973963457
35047,San Miguel,28034,1.972547516
28123,Scott,28415,1.972097165
6101,Sutter,95872,1.971638942
28115,Pontotoc,31315,1.970888213
22017,Caddo,248361,1.969189413
6031,Kings,150075,1.968826161
48021,Bastrop,82577,1.967957186
36105,Sullivan,75211,1.966832706
45021,Cherokee,56711,1.966325728
37077,Granville,58874,1.962532982
48151,Fisher,3883,1.961088577
48317,Martin,5614,1.958025468
37161,Rutherford,66532,1.957930922
8023,Costilla,3687,1.957532012
36015,Chemung,85740,1.957146184
48379,Rains,11473,1.956299213
28107,Panola,34243,1.95412589
5013,Calhoun,5202,1.953907436
36069,Ontario,109472,1.953490039
28069,Kemper,10107,1.949120506
21119,Knott,15513,1.94891722
27097,Morrison,32949,1.948499431
48397,Rockwall,93642,1.94734957
5139,Union,39732,1.946901372
40031,Comanche,122561,1.945330675
47071,Hardin,25771,1.944724771
48167,Galveston,327089,1.944046067
5019,Clark,22385,1.943974121
1115,St. Clair,87306,1.943365619
8029,Delta,30346,1.941244175
51069,Frederick,85153,1.940457898
22063,Livingston,138111,1.93928036
55001,Adams,20073,1.938871843
6071,San Bernardino,2135413,1.938373871
31139,Pierce,7157,1.938333333
40097,Mayes,40980,1.938153185
37015,Bertie,19644,1.935700073
35023,Hidalgo,4371,1.935585279
20025,Clark,2053,1.932040569
22089,St. Charles,52724,1.931846914
48307,McCulloch,8098,1.930636533
16007,Bear Lake,5962,1.930207678
13157,Jackson,65755,1.924530049
40063,Hughes,13460,1.924056255
28121,Rankin,151240,1.923980424
48251,Johnson,163475,1.923192771
55078,Menominee,4579,1.923190064
45091,York,258641,1.922343261
40033,Cotton,5929,1.921281543
36029,Erie,919866,1.921255091
48111,Dallam,7243,1.920418224
16037,Custer,4141,1.920372493
13119,Franklin,22514,1.91945669
1005,Barbour,25782,1.918487973
46109,Roberts,10285,1.916992612
13311,White,28928,1.91691881
16033,Clark,1077,1.916333713
40107,Okfuskee,12115,1.911592954
4019,Pima,1019722,1.910268397
48117,Deaf Smith,18899,1.907505759
48299,Llano,20640,1.906142461
48439,Tarrant,2019977,1.905259609
13227,Pickens,30832,1.903511053
48217,Hill,35399,1.902941437
46073,Jerauld,2029,1.901890831
37127,Nash,94003,1.901320257
27059,Isanti,38974,1.900577356
55137,Waushara,24116,1.900370846
1055,Etowah,102939,1.899601105
48195,Hansford,5547,1.899466509
48121,Denton,807047,1.898630397
40045,Ellis,4072,1.898252905
8041,El Paso,688153,1.891929419
6095,Solano,438530,1.888246195
16023,Butte,2602,1.887531769
27027,Clay,62801,1.885819124
27003,Anoka,347431,1.885463361
37147,Pitt,177372,1.884358625
40071,Kay,44880,1.883899305
40055,Greer,5943,1.87975428
27009,Benton,39779,1.879057428
1057,Fayette,16585,1.877780933
46037,Day,5506,1.874511307
49027,Millard,12733,1.873965686
48197,Hardeman,3952,1.873618986
21193,Perry,26917,1.87175658
47143,Rhea,32628,1.871195285
35001,Bernalillo,677692,1.87030394
53061,Snohomish,786620,1.869531274
48349,Navarro,48583,1.868040071
5131,Sebastian,127461,1.86718888
38063,Nelson,2920,1.865678318
21237,Wolfe,7223,1.865225514
48257,Kaufman,118910,1.865
13257,Stephens,25676,1.863888889
56009,Converse,13997,1.863683362
48281,Lampasas,20640,1.861602925
53071,Walla Walla,60236,1.86050122
48399,Runnels,10310,1.859723181
55125,Vilas,21593,1.855574237
34021,Mercer,368762,1.855258126
8037,Eagle,54357,1.855102702
28105,Oktibbeha,49481,1.854009733
48231,Hunt,92152,1.852530938
27137,St. Louis,200080,1.85203378
35006,Cibola,26978,1.851592663
48259,Kendall,41982,1.84996532
55085,Oneida,35345,1.849285564
37021,Buncombe,254474,1.849190283
31161,Sheridan,5234,1.847219711
53021,Franklin,90660,1.846975227
1125,Tuscaloosa,206213,1.846810496
40123,Pontotoc,38358,1.846548585
4013,Maricopa,4253913,1.840077566
25025,Suffolk,791766,1.83984375
40085,Love,9933,1.839055415
1025,Clarke,24387,1.839001371
36039,Greene,47617,1.838598109
48161,Freestone,19709,1.836637994
37001,Alamance,160576,1.833819715
8079,Mineral,823,1.830180893
37101,Johnston,191172,1.827691998
48003,Andrews,17818,1.82653584
51735,Poquoson,12039,1.825174825
20027,Clay,8142,1.824861503
48411,San Saba,5962,1.824039718
45073,Oconee,76696,1.823830445
1059,Franklin,31542,1.823702206
26135,Oscoda,8277,1.82215556
48139,Ellis,168838,1.821298701
9001,Fairfield,944348,1.820604485
35051,Sierra,11135,1.819119694
37107,Lenoir,57227,1.816864608
21121,Knox,31467,1.816739817
5073,Lafayette,6915,1.815168939
48359,Oldham,2090,1.814703126
4001,Apache,71522,1.814309457
37073,Gates,11563,1.813784382
53045,Mason,62627,1.810212035
46045,Edmunds,3940,1.809620193
53033,King,2163257,1.809409088
48319,Mason,4161,1.808821288
48453,Travis,1203166,1.808105165
38099,Walsh,10802,1.80598215
34041,Warren,106293,1.803180713
21153,Magoffin,12666,1.803174603
55057,Juneau,26419,1.802593177
45045,Greenville,498402,1.802519158
54043,Lincoln,21078,1.801670288
28135,Tallahatchie,14361,1.800741591
8071,Las Animas,14179,1.800373011
13011,Banks,18510,1.800339736
9003,Hartford,894730,1.79851055
22075,Plaquemines,23373,1.796950276
56045,Weston,7100,1.796890293
48137,Edwards,2055,1.794508852
53041,Lewis,76947,1.791263896
20041,Dickinson,19004,1.790632621
16065,Madison,38705,1.788933873
46051,Grant,7217,1.788151399
48265,Kerr,51365,1.787100294
37081,Guilford,523582,1.787068004
55013,Burnett,15258,1.786755115
1133,Winston,23875,1.786207896
37145,Person,39305,1.785986102
35053,Socorro,17000,1.785759577
20151,Pratt,9582,1.785480706
22049,Jackson,15926,1.784865148
55021,Columbia,56954,1.783982366
21235,Whitley,36089,1.783325354
30069,Petroleum,432,1.783172502
40039,Custer,29209,1.782398314
45077,Pickens,122746,1.782320651
38095,Towner,2246,1.782088075
22039,Evangeline,33636,1.781655093
40019,Carter,48406,1.780959066
20201,Washington,5525,1.780297615
38085,Sioux,4413,1.779839372
55083,Oconto,37556,1.77935449
49037,San Juan,15281,1.77847943
48277,Lamar,49532,1.776984244
22069,Natchitoches,38963,1.775983905
1033,Colbert,54495,1.775893757
9009,New Haven,859339,1.773145566
40091,McIntosh,19819,1.773142174
21189,Owsley,4463,1.772996155
8031,Denver,693417,1.772479564
37067,Forsyth,371573,1.772091748
26039,Crawford,13836,1.770435344
48309,McLennan,248429,1.770370665
22013,Bienville,13668,1.770116211
21019,Boyd,48091,1.768318068
13137,Habersham,44289,1.767541874
40069,Johnston,11041,1.766921745
30035,Glacier,13699,1.766787227
40007,Beaver,5415,1.765111689
40117,Pawnee,16428,1.764083516
1075,Lamar,13933,1.763156599
37191,Wayne,124002,1.761272743
36107,Tioga,49045,1.759264821
37033,Caswell,22746,1.758204047
8117,Summit,30429,1.75735336
37149,Polk,20458,1.756258065
37157,Rockingham,91270,1.75569394
37135,Orange,142938,1.753922044
54099,Wayne,40708,1.753001005
36115,Washington,61828,1.752616056
48421,Sherman,3058,1.752396713
51840,Winchester,27789,1.75
5033,Crawford,62472,1.74982883
9013,Tolland,151269,1.747761433
37041,Chowan,14205,1.747598253
48209,Hays,204150,1.746793714
48085,Collin,944350,1.746210381
40075,Kiowa,9001,1.745425064
27167,Wilkin,6343,1.745015445
1023,Choctaw,13075,1.744952787
31045,Dawes,8896,1.744440385
48223,Hopkins,36240,1.744405553
56011,Crook,7410,1.741628313
22027,Claiborne,16153,1.740158724
48047,Brooks,7180,1.739627142
4017,Navajo,108705,1.7391392
1065,Hale,14887,1.738199676
36063,Niagara,211704,1.7377552
37111,McDowell,45109,1.73756328
44003,Kent,163861,1.737106017
48113,Dallas,2586552,1.73648331
48181,Grayson,128560,1.734753714
32023,Nye,43705,1.733277025
53015,Cowlitz,105112,1.732679773
48329,Midland,164194,1.729954373
44007,Providence,634533,1.729273236
47035,Cumberland,58634,1.728207401
5133,Sevier,17193,1.727305984
21051,Clay,20621,1.727135962
38049,McHenry,5927,1.724431046
54011,Cabell,95318,1.723267606
31075,Grant,718,1.723006416
1067,Henry,17124,1.721487044
56035,Sublette,9951,1.719856099
10001,Kent,174822,1.719318796
5113,Polk,20163,1.716453376
48215,Hidalgo,849389,1.71489075
51025,Brunswick,16665,1.713396145
25013,Hampden,469116,1.71334667
46137,Ziebach,2814,1.712282874
21129,Lee,6751,1.712259514
28013,Calhoun,14571,1.711531596
41009,Columbia,50851,1.711475262
48385,Real,3389,1.71049228
38069,Pierce,4210,1.710048202
27077,Lake of the Woods,3809,1.709968384
1009,Blount,57645,1.709785904
33017,Strafford,128237,1.709494324
55097,Portage,70599,1.709290004
24045,Wicomico,102172,1.70801505
49033,Rich,2350,1.707735749
40101,Muskogee,69084,1.707529188
48491,Williamson,527057,1.70650597
27005,Becker,33773,1.706312334
40133,Seminole,25071,1.70592434
48291,Liberty,81862,1.705602452
20047,Edwards,2925,1.705275229
37151,Randolph,142958,1.704783412
37057,Davidson,164664,1.700475726
40023,Choctaw,14886,1.696822937
22119,Webster,39631,1.695287581
40095,Marshall,16376,1.695192773
1047,Dallas,40029,1.694967433
37083,Halifax,51737,1.694185782
56019,Johnson,8515,1.693447406
53067,Thurston,274684,1.693062399
55075,Marinette,40537,1.692293451
36097,Schuyler,17992,1.690473835
36037,Genesee,58112,1.69028531
48465,Val Verde,49027,1.689558258
48419,Shelby,25478,1.688459435
48147,Fannin,34175,1.688065136
32021,Mineral,4448,1.686642837
47011,Bradley,104557,1.685936577
48105,Crockett,3633,1.684467393
1041,Crenshaw,13865,1.682402591
47069,Hardeman,25562,1.682304691
27057,Hubbard,20862,1.681432039
27095,Mille Lacs,25728,1.681299275
40099,Murray,13875,1.680278523
28063,Jefferson,7346,1.680139692
37117,Martin,23054,1.679233399
25017,Middlesex,1595192,1.677118644
5081,Little River,12417,1.676033934
22037,East Feliciana,19499,1.675672182
35061,Valencia,75956,1.675205495
31035,Clay,6232,1.674217655
48207,Haskell,5809,1.673978135
40139,Texas,21121,1.672939306
28137,Tate,28493,1.672560867
56031,Platte,8673,1.670071576
36057,Montgomery,49426,1.669054194
36007,Broome,194402,1.668353756
22111,Union,22475,1.665765859
48369,Parmer,9852,1.665727785
36067,Onondaga,464242,1.664408286
46063,Harding,1311,1.664277367
48027,Bell,342236,1.66309938
38009,Bottineau,6589,1.661844029
30087,Rosebud,9250,1.661523321
53001,Adams,19452,1.658533863
51043,Clarke,14365,1.658274038
21025,Breathitt,13116,1.657696448
1069,Houston,104352,1.657446809
33015,Rockingham,305129,1.65704501
56027,Niobrara,2448,1.657018486
37059,Davie,41991,1.655918207
48327,Menard,2123,1.655240085
51053,Dinwiddie,28308,1.654566152
30009,Carbon,10546,1.653285357
48267,Kimble,4408,1.649373679
21159,Martin,11919,1.648143128
5127,Scott,10442,1.64703602
5011,Bradley,10948,1.646574095
51081,Greensville,11659,1.64640255
27035,Crow Wing,63855,1.645794649
38051,McIntosh,2654,1.645779832
37053,Currituck,25796,1.645435585
21127,Lawrence,15783,1.644924467
40111,Okmulgee,38889,1.643297245
48287,Lee,16952,1.642513458
9007,Middlesex,163368,1.642344389
37197,Yadkin,37665,1.638910858
22061,Lincoln,47356,1.638411879
8105,Rio Grande,11351,1.638407266
1107,Pickens,20298,1.638021279
5025,Cleveland,8226,1.63693179
36051,Livingston,63907,1.636085146
54003,Berkeley,113495,1.635942804
1085,Lowndes,10236,1.635153914
23015,Lincoln,34067,1.634620368
30001,Beaverhead,9393,1.633907346
47129,Morgan,21596,1.633782102
37195,Wilson,81336,1.633718559
30111,Yellowstone,157816,1.632632768
5003,Ashley,20537,1.632630502
23031,York,203102,1.632316468
46071,Jackson,3287,1.63149342
40081,Lincoln,34854,1.631148318
22015,Bossier,126131,1.62946771
9015,Windham,116538,1.629071094
31031,Cherry,5790,1.628843966
8015,Chaffee,19164,1.626692584
25027,Worcester,822280,1.625094281
21063,Elliott,7517,1.625046359
34019,Hunterdon,125051,1.624729688
37079,Greene,21008,1.623996868
48019,Bandera,21763,1.623833712
1131,Wilcox,10809,1.623646299
37169,Stokes,45905,1.622585541
21175,Morgan,13285,1.62245753
54027,Hampshire,23363,1.622452676
47077,Henderson,27859,1.619202287
40141,Tillman,7515,1.619006702
48013,Atascosa,48828,1.618583933
8107,Routt,24874,1.616504319
40037,Creek,71160,1.61535781
20079,Harvey,34555,1.613915416
8097,Pitkin,17909,1.613726892
40137,Stephens,43983,1.613250138
30059,Meagher,1968,1.61256225
23005,Cumberland,290944,1.61141086
36113,Warren,64480,1.61122101
28157,Wilkinson,8990,1.607018763
48261,Kenedy,595,1.603843404
56005,Campbell,47708,1.602647588
21115,Johnson,22843,1.602457617
51117,Mecklenburg,30847,1.602109873
42089,Monroe,167586,1.600560399
30065,Musselshell,4807,1.600548031
48303,Lubbock,301454,1.600046615
30007,Broadwater,5834,1.599268834
22031,De Soto,27216,1.59878065
51131,Northampton,11957,1.597897503
5143,Washington,228529,1.597398862
21043,Carter,27290,1.5971385
36117,Wayne,90856,1.59618706
37171,Surry,72099,1.595522481
1109,Pike,33403,1.594982244
41067,Washington,581821,1.594614388
5069,Jefferson,70424,1.593331256
5105,Perry,10322,1.592789086
53011,Clark,465384,1.590610381
56023,Lincoln,19011,1.59001218
37131,Northampton,20186,1.588121031
27115,Pine,29129,1.588105678
28095,Monroe,35840,1.586246287
48091,Comal,135097,1.586222149
46111,Sanborn,2388,1.583650552
48163,Frio,19394,1.582336086
48293,Limestone,23515,1.581242448
46095,Mellette,2055,1.58074749
40015,Caddo,29342,1.580700549
48043,Brewster,9216,1.579562092
48029,Bexar,1925865,1.579533838
46019,Butte,10177,1.579443972
47049,Fentress,17994,1.578757396
8021,Conejos,8142,1.578126939
35031,McKinley,72849,1.576485904
51171,Shenandoah,43045,1.574018505
48055,Caldwell,41401,1.573988944
20173,Sedgwick,512064,1.573479275
53057,Skagit,123907,1.571641989
28017,Chickasaw,17279,1.571128241
40049,Garvin,27823,1.570061602
27065,Kanabec,16004,1.568368071
6027,Inyo,18085,1.567615348
23009,Hancock,54541,1.567322712
48135,Ector,158342,1.565963105
21071,Floyd,36926,1.565632458
30057,Madison,8218,1.565050902
48427,Starr,63894,1.56488713
12103,Pinellas,957875,1.564792176
55135,Waupaca,51444,1.564661961
28103,Noxubee,10828,1.564569961
56013,Fremont,40076,1.564474682
21147,McCreary,17635,1.562973065
46031,Corson,4168,1.561652653
5043,Drew,18502,1.561536579
48173,Glasscock,1430,1.558255221
26069,Iosco,25247,1.55775795
9011,New London,268881,1.555377769
41071,Yamhill,103820,1.553875828
39087,Lawrence,60622,1.553601396
33011,Hillsborough,411087,1.552483242
30097,Sweet Grass,3653,1.552217919
1101,Montgomery,226941,1.552178995
5047,Franklin,17780,1.550805
21089,Greenup,35765,1.550172399
36035,Fulton,53743,1.549875084
1061,Geneva,26491,1.548588354
48095,Concho,4233,1.548119887
22021,Caldwell,9996,1.547783603
54065,Morgan,17624,1.547475804
37143,Perquimans,13459,1.543579045
1071,Jackson,52094,1.542803527
27153,Todd,24440,1.542575188
16027,Canyon,212230,1.541204437
6075,San Francisco,870044,1.540909091
20007,Barber,4733,1.538654636
27017,Carlton,35540,1.537644263
51183,Sussex,11486,1.53629993
31089,Holt,10245,1.535830987
23027,Waldo,39418,1.535326967
48437,Swisher,7484,1.535297886
31133,Pawnee,2676,1.533925862
31119,Madison,35164,1.533539095
5109,Pike,10808,1.53295366
38021,Dickey,4970,1.532515337
20117,Marshall,9798,1.532366154
51540,Charlottesville,47042,1.532258065
30073,Pondera,6044,1.530964363
27021,Cass,29022,1.530404527
48051,Burleson,17863,1.529602474
27025,Chisago,54727,1.529394031
46013,Brown,38840,1.528942844
46041,Dewey,5779,1.528046684
40065,Jackson,25384,1.526059951
40125,Pottawatomie,72000,1.525768714
36121,Wyoming,40565,1.525664759
51149,Prince George,37894,1.525351406
48325,Medina,49334,1.524543462
28025,Clay,19808,1.524253875
1043,Cullman,82313,1.523970406
1119,Sumter,12985,1.522349978
37193,Wilkes,68460,1.521244739
51530,Buena Vista,6399,1.521126761
25005,Bristol,558905,1.521022849
1091,Marengo,19538,1.519996337
23023,Sagadahoc,35277,1.519246616
41003,Benton,89780,1.51879507
19149,Plymouth,25039,1.518024411
5029,Conway,20906,1.516104998
47023,Chester,17150,1.514942255
31069,Garden,1860,1.512966777
5083,Logan,21757,1.511433817
35059,Union,4175,1.510014393
20115,Marion,12032,1.509927956
1077,Lauderdale,92585,1.507058069
40119,Payne,81512,1.506777144
51003,Albemarle,106355,1.505743243
1063,Greene,8426,1.503624714
51139,Page,23749,1.502077973
30045,Judith Basin,1951,1.500215975
51187,Warren,39449,1.499500214
22081,Red River,8618,1.499241019
36123,Yates,25009,1.498150106
35045,San Juan,127455,1.498055429
35015,Eddy,57437,1.495838967
56001,Albany,38102,1.49519304
26143,Roscommon,23877,1.495062159
23029,Washington,31694,1.494554274
48493,Wilson,48198,1.494094569
21131,Leslie,10472,1.49255909
23013,Knox,39823,1.491399663
47151,Scott,21954,1.490721877
8101,Pueblo,164685,1.49023598
21165,Menifee,6405,1.488882513
37089,Henderson,113625,1.488615221
47121,Meigs,11962,1.487789988
55115,Shawano,41009,1.487490637
54057,Mineral,27278,1.484622468
5061,Howard,13389,1.48332083
30017,Custer,11845,1.483184664
42107,Schuylkill,143555,1.482875148
47017,Carroll,28018,1.480266048
53073,Whatcom,216812,1.479988542
47039,Decatur,11683,1.479940426
51097,King and Queen,7052,1.47980456
51079,Greene,19410,1.479334099
5007,Benton,258980,1.478903968
30103,Treasure,777,1.476545254
30033,Garfield,1141,1.476334035
51111,Lunenburg,12278,1.474240423
31149,Rock,1350,1.474212211
40013,Bryan,45759,1.471475893
36095,Schoharie,31364,1.471095081
36011,Cayuga,77868,1.470897155
48041,Brazos,219193,1.469753374
48469,Victoria,91970,1.469312782
48205,Hartley,5767,1.468521575
54079,Putnam,56652,1.465439018
42025,Carbon,63931,1.464757709
51009,Amherst,31882,1.463052335
38067,Pembina,7016,1.459422904
20139,Osage,15882,1.459225792
30095,Stillwater,9410,1.458788481
24001,Allegany,71977,1.458682199
51105,Lee,24134,1.458467218
31003,Antelope,6372,1.457959019
56003,Big Horn,11901,1.457665951
25015,Hampshire,161159,1.457134202
47177,Warren,40454,1.456667955
5065,Izard,13559,1.456375502
47025,Claiborne,31613,1.455208979
36099,Seneca,34612,1.453490481
47139,Polk,16782,1.452163775
23011,Kennebec,121545,1.451608352
48247,Jim Hogg,5282,1.450121717
1079,Lawrence,33171,1.449930566
5057,Hempstead,22018,1.44843342
47047,Fayette,39692,1.447147556
27073,Lac qui Parle,6773,1.446332874
51595,Emporia,5381,1.44516129
51041,Chesterfield,339447,1.444995203
51007,Amelia,12854,1.443801
48119,Delta,5215,1.443418702
28049,Hinds,241774,1.443015487
21203,Rockcastle,16827,1.442511708
23001,Androscoggin,107444,1.442469037
42033,Clearfield,80216,1.442331323
5149,Yell,21573,1.441613995
31021,Burt,6528,1.44103699
51125,Nelson,14812,1.44033698
48371,Pecos,15797,1.440265022
8051,Gunnison,16537,1.440153514
5079,Lincoln,13695,1.440113899
46025,Clark,3673,1.439217033
54055,Mercer,60486,1.438739272
37139,Pasquotank,39479,1.43852459
54081,Raleigh,76232,1.438359615
22053,Jefferson Davis,31467,1.438211382
41057,Tillamook,26076,1.43792885
51083,Halifax,34779,1.436755843
13291,Union,22775,1.435520881
31005,Arthur,418,1.43548906
40147,Washington,52001,1.434273217
54031,Hardy,13842,1.430929936
41053,Polk,81427,1.430196118
47107,McMinn,52773,1.426657786
48069,Castro,7787,1.424721524
51730,Petersburg,31827,1.424547284
36073,Orleans,41175,1.424229266
21197,Powell,12321,1.423976608
53029,Island,81636,1.423825099
40051,Grady,54733,1.423494604
46029,Codington,27993,1.422316709
55141,Wood,73274,1.421840577
5097,Montgomery,8993,1.421765929
48109,Culberson,2241,1.421472677
42079,Luzerne,317884,1.42063432
46011,Brookings,34239,1.419955475
55051,Iron,5715,1.419559695
38039,Griggs,2266,1.419180723
40149,Washita,11432,1.418547531
47051,Franklin,41512,1.418099661
21065,Estill,14313,1.417334906
37005,Alleghany,10973,1.414450642
41007,Clatsop,38562,1.41443226
51810,Virginia Beach,450135,1.413581553
22067,Morehouse,25992,1.41327269
27151,Swift,9411,1.412863071
51165,Rockingham,79444,1.412158197
51157,Rappahannock,7332,1.411040246
42095,Northampton,301778,1.410404624
47181,Wayne,16649,1.408019627
23019,Penobscot,151748,1.407728605
48489,Willacy,21754,1.407164869
27011,Big Stone,5016,1.405692109
1031,Coffee,51288,1.405264186
54059,Mingo,24741,1.405238717
25009,Essex,781024,1.404819277
38031,Foster,3290,1.40416093
38081,Sargent,3883,1.403488494
35019,Guadalupe,4382,1.403024486
51073,Gloucester,37161,1.402871243
51036,Charles City,6995,1.402571166
55099,Price,13490,1.401025449
8009,Baca,3563,1.400322925
51033,Caroline,30184,1.39916438
31097,Johnson,5197,1.398682043
44009,Washington,126242,1.398140138
37065,Edgecombe,53332,1.39792618
48061,Cameron,421750,1.397507113
48273,Kleberg,31425,1.397281778
35021,Harding,459,1.396775836
47183,Weakley,33626,1.396431483
51135,Nottoway,15500,1.396301317
36109,Tompkins,102962,1.396190476
20119,Meade,4261,1.395830525
40145,Wagoner,77850,1.395610913
55111,Sauk,63596,1.393939394
20029,Cloud,9060,1.392181818
24047,Worcester,51564,1.391144243
51175,Southampton,17939,1.39062201
26129,Ogemaw,20928,1.390407104
22095,St. John the Baptist,43446,1.387977304
20129,Morton,2838,1.387625658
22073,Ouachita,156075,1.387352475
21195,Pike,60483,1.386909821
13123,Gilmer,29922,1.386673085
36075,Oswego,119104,1.385833414
51103,Lancaster,10804,1.384698567
51113,Madison,13139,1.384405724
38019,Cavalier,3824,1.383188635
51089,Henry,51588,1.382001109
42101,Philadelphia,1575522,1.381782946
53031,Jefferson,30856,1.379769857
28021,Claiborne,9120,1.378700785
8049,Grand,15066,1.376637044
51019,Bedford,77908,1.375816347
33001,Belknap,60640,1.375139727
20095,Kingman,7470,1.373836478
51101,King William,16497,1.373333333
51023,Botetourt,33222,1.372697239
1045,Dale,49255,1.371996062
51820,Waynesboro,21926,1.371212121
20009,Barton,26791,1.370174831
36101,Steuben,96927,1.369140159
30013,Cascade,81746,1.368645317
55053,Jackson,20506,1.368366173
36045,Jefferson,114448,1.368097187
48039,Brazoria,353999,1.367872807
51195,Wise,39025,1.367254528
5119,Pulaski,393463,1.367118264
35057,Torrance,15595,1.366928052
36065,Oneida,230782,1.366475144
30099,Teton,6080,1.366338576
37199,Yancey,17667,1.365773698
20177,Shawnee,178284,1.364094092
48189,Hale,34113,1.362912604
51620,Franklin,8211,1.362244898
48463,Uvalde,27009,1.361890306
51775,Salem,25519,1.361290323
51181,Surry,6600,1.359116022
46061,Hanson,3397,1.358388602
51029,Buckingham,17004,1.357677432
29085,Hickory,9368,1.35660588
20131,Nemaha,10104,1.35554438
28033,DeSoto,176132,1.355031668
26153,Schoolcraft,8069,1.354570706
31165,Sioux,1266,1.354541959
56025,Natrona,80610,1.354007197
54037,Jefferson,56179,1.353470186
47005,Benton,16112,1.352987608
33013,Merrimack,149452,1.352401406
38047,Logan,1927,1.352137911
46005,Beadle,18374,1.352033581
36053,Madison,71359,1.351248117
13111,Fannin,24925,1.350922286
51177,Spotsylvania,131412,1.350674982
22057,Lafourche,98214,1.349544839
55139,Winnebago,169926,1.34915527
21205,Rowan,24499,1.348297712
51800,Suffolk,89160,1.346290413
36017,Chenango,48348,1.345204538
48495,Winkler,7802,1.345147921
29105,Laclede,35507,1.343010959
25001,Barnstable,213690,1.342653252
21013,Bell,27188,1.342186329
5115,Pope,63644,1.34011228
27001,Aitkin,15834,1.339794025
5141,Van Buren,16684,1.337798533
51161,Roanoke,93583,1.336411609
38103,Wells,4055,1.334888653
53009,Clallam,74487,1.334035383
26079,Kalkaska,17463,1.333315241
27061,Itasca,45203,1.3320054
51119,Middlesex,10700,1.331857182
51127,New Kent,21103,1.331361844
20085,Jackson,13318,1.330952381
26137,Otsego,24397,1.330134357
28087,Lowndes,59437,1.329936398
31071,Garfield,1975,1.32945136
51037,Charlotte,12095,1.326837346
51049,Cumberland,9786,1.326532633
36019,Clinton,80794,1.326013878
24043,Washington,149811,1.32535461
51680,Lynchburg,80131,1.32460733
48187,Guadalupe,155137,1.324138618
40115,Ottawa,31566,1.322524696
13241,Rabun,16457,1.321950445
31183,Wheeler,822,1.320628071
36003,Allegany,47025,1.320585794
30027,Fergus,11273,1.320447465
37115,Madison,21405,1.320140836
56041,Uinta,20609,1.319984936
46085,Lyman,3869,1.319266394
47013,Campbell,39687,1.318815112
37029,Camden,10447,1.318635456
48007,Aransas,24763,1.318067754
51109,Louisa,35380,1.317340016
24041,Talbot,37211,1.31598513
28163,Yazoo,27974,1.314256852
40143,Tulsa,642781,1.314215025
51770,Roanoke,99621,1.313901345
51760,Richmond,223787,1.313661202
56043,Washakie,8129,1.313265907
46015,Brule,5256,1.313204728
53069,Wahkiakum,4189,1.310627597
5137,Stone,12446,1.310014833
48289,Leon,17098,1.309812695
39053,Gallia,30195,1.309503509
30011,Carter,1318,1.309076153
55129,Washburn,15689,1.307959534
10005,Sussex,219540,1.307622556
30085,Roosevelt,11228,1.307348769
55069,Lincoln,27848,1.306642691
51085,Hanover,104449,1.306221132
47067,Hancock,6585,1.306146887
25003,Berkshire,127328,1.304926852
51143,Pittsylvania,61676,1.301646208
47099,Lawrence,42937,1.301608871
47123,Monroe,45876,1.301097852
29059,Dallas,16499,1.300750662
27023,Chippewa,12010,1.300473653
55031,Douglas,43402,1.299628137
51147,Prince Edward,22956,1.298793351
49055,Wayne,2694,1.297905775
21133,Letcher,22676,1.297549909
37039,Cherokee,27668,1.296734747
49015,Emery,10248,1.296434485
51095,James City,74153,1.29573526
53075,Whitman,48593,1.294919898
55041,Forest,9018,1.294311506
54053,Mason,26939,1.293428243
36031,Essex,37751,1.292092147
27145,Stearns,156819,1.291569278
26085,Lake,11763,1.290576741
31173,Thurston,7140,1.290502793
5049,Fulton,12139,1.290381722
31107,Knox,8460,1.289579201
19193,Woodbury,102398,1.289403384
27171,Wright,132745,1.28848834
28001,Adams,31547,1.287688183
44001,Bristol,48900,1.286863271
48473,Waller,49987,1.2863581
51115,Mathews,8796,1.285220729
54045,Logan,33801,1.285113313
51163,Rockbridge,22509,1.285054471
31095,Jefferson,7188,1.28458929
40043,Dewey,4918,1.283093005
47145,Roane,52897,1.281014631
51087,Henrico,325642,1.280250348
20031,Coffey,8296,1.279844961
48057,Calhoun,21807,1.279196089
10003,New Castle,555133,1.278977472
40087,McClain,38634,1.277874304
1095,Marshall,95145,1.277844175
51670,Hopewell,22408,1.277108434
5071,Johnson,26291,1.276827856
51678,Lexington,7110,1.275862069
27111,Otter Tail,57992,1.274933397
8109,Saguache,6468,1.274807186
51065,Fluvanna,26282,1.274568565
42077,Lehigh,362613,1.274460538
51011,Appomattox,15577,1.274383235
29065,Dent,15504,1.272281401
51075,Goochland,22482,1.272253016
48409,San Patricio,67046,1.269759261
26001,Alcona,10364,1.269677059
38077,Richland,16288,1.269007634
46115,Spink,6543,1.268860648
51145,Powhatan,28574,1.268469505
55081,Monroe,45502,1.26824693
51570,Colonial Heights,17593,1.267716535
55067,Langlade,19164,1.267088901
29029,Camden,45096,1.266569489
56017,Hot Springs,4680,1.26642304
33003,Carroll,47840,1.263436814
51031,Campbell,55170,1.262455028
51057,Essex,11036,1.262316716
51015,Augusta,74701,1.261830788
26119,Montmorency,9261,1.261554858
26033,Chippewa,37834,1.260856505
51159,Richmond,8878,1.260684587
26165,Wexford,33111,1.259356496
26051,Gladwin,25289,1.259065297
48103,Crane,4839,1.258810241
5129,Searcy,7923,1.258637111
51640,Galax,6638,1.258064516
36009,Cattaraugus,77686,1.256728245
21199,Pulaski,64145,1.256200337
51590,Danville,41512,1.255319149
54005,Boone,22817,1.255066345
29203,Shannon,8246,1.254661053
31017,Brown,2988,1.254276232
24011,Caroline,32875,1.253601773
47031,Coffee,54531,1.25338286
5023,Cleburne,25230,1.253230656
51137,Orange,35612,1.252475706
37173,Swain,14254,1.251858736
37087,Haywood,60433,1.251625135
51047,Culpeper,50450,1.250108441
51179,Stafford,144012,1.249970439
5135,Sharp,17043,1.249178744
47079,Henry,32279,1.247862078
46055,Haakon,2082,1.24770296
36023,Cortland,48123,1.2468888
48321,Matagorda,36743,1.245950997
47155,Sevier,96287,1.2451417
8005,Arapahoe,636671,1.244939482
40131,Rogers,90814,1.244833511
39145,Scioto,76377,1.244498905
37121,Mitchell,15040,1.244123932
22025,Catahoula,9893,1.243714466
54109,Wyoming,21711,1.243614114
42037,Columbia,66220,1.24347693
51790,Staunton,24452,1.243176179
26095,Luce,6364,1.243088442
8099,Prowers,12052,1.242536863
46009,Bon Homme,6969,1.242487666
48477,Washington,34796,1.240980596
54089,Summers,13018,1.240931151
23017,Oxford,57325,1.240153043
20207,Woodson,3170,1.240122022
38059,Morton,30544,1.239843963
54023,Grant,11641,1.239234153
29119,McDonald,22827,1.239162602
51720,Norton,3990,1.238888889
51051,Dickenson,14960,1.238640494
8001,Adams,497115,1.237553286
37189,Watauga,54117,1.236388166
38065,Oliver,1837,1.235206251
46127,Union,15177,1.233586731
51660,Harrisonburg,53391,1.233333333
37011,Avery,17501,1.232220086
51061,Fauquier,69115,1.23143149
29145,Newton,58202,1.230996747
48313,Madison,14128,1.230944543
41041,Lincoln,47881,1.230785322
42011,Berks,416642,1.229072861
38025,Dunn,4387,1.227230165
56007,Carbon,15477,1.224790576
26113,Missaukee,15006,1.223793363
55113,Sawyer,16370,1.223431453
48383,Reagan,3752,1.222341596
42097,Northumberland,92325,1.222044277
51141,Patrick,17859,1.221466225
46057,Hamlin,6000,1.221119929
5045,Faulkner,122416,1.218980211
46035,Davison,19901,1.218909376
51830,Williamsburg,14788,1.217592593
29213,Taney,54720,1.21733816
48391,Refugio,7236,1.215927485
42017,Bucks,626370,1.215920848
20167,Russell,6977,1.213591798
31067,Gage,21595,1.213412375
47185,White,26580,1.212662605
51700,Newport News,180145,1.212605042
55119,Taylor,20356,1.211989914
54039,Kanawha,185710,1.211795137
53035,Kitsap,262475,1.210789383
24017,Charles,157671,1.210771658
38073,Ransom,5361,1.210444994
51690,Martinsville,13101,1.208955224
19133,Monona,8796,1.208432888
48201,Harris,4602523,1.207584971
35029,Luna,24264,1.207273158
48355,Nueces,360486,1.207019039
26105,Mason,28884,1.206824461
51199,York,67587,1.206752412
38015,Burleigh,93737,1.205598077
8011,Bent,5809,1.205591572
37009,Ashe,26786,1.20511936
51045,Craig,5113,1.204277416
27121,Pope,10980,1.202490464
48283,La Salle,7409,1.202386833
40103,Noble,11411,1.202149342
30071,Phillips,4124,1.201388277
55037,Florence,4337,1.201357602
36013,Chautauqua,129656,1.201346011
38057,Mercer,8570,1.20129253
38061,Mountrail,10152,1.199747084
38075,Renville,2495,1.199093212
13281,Towns,11417,1.199009376
22033,East Baton Rouge,444094,1.196308871
55107,Rusk,14183,1.195826359
31177,Washington,20219,1.195318399
53027,Grays Harbor,71967,1.195030509
47093,Knox,456185,1.19426457
37043,Clay,10813,1.192744695
38101,Ward,69034,1.192638937
46003,Aurora,2759,1.191936971
48475,Ward,11586,1.19192948
47001,Anderson,75775,1.190959925
31043,Dakota,20317,1.190596138
20045,Douglas,119319,1.189956136
29215,Texas,25671,1.189610645
54063,Monroe,13467,1.18880945
20145,Pawnee,6709,1.188629765
38055,McLean,9608,1.187987322
47101,Lewis,11956,1.186634993
31123,Morrill,4841,1.186512219
42027,Centre,161443,1.186364856
47009,Blount,128443,1.185682451
37113,Macon,34410,1.184946359
27053,Hennepin,1235478,1.184500612
24037,St. Mary's,111531,1.183778858
21095,Harlan,27134,1.18357334
51630,Fredericksburg,28469,1.182795699
36089,St. Lawrence,109558,1.182301626
38013,Burke,2213,1.180712468
46067,Hutchinson,7315,1.180122532
42127,Wayne,51536,1.179511088
46023,Charles Mix,9344,1.17939904
36077,Otsego,60244,1.17910867
26011,Arenac,15165,1.178668478
46105,Perkins,2907,1.178307655
20087,Jefferson,18888,1.177949113
37175,Transylvania,33513,1.177816622
1089,Madison,357560,1.177215872
29179,Reynolds,6315,1.177124929
51550,Chesapeake,237820,1.176908071
20057,Ford,34484,1.176227604
47173,Union,19293,1.175834446
21231,Wayne,20609,1.175794456
47171,Unicoi,17780,1.175374323
24009,Calvert,91082,1.174907293
48271,Kinney,3675,1.174523233
51099,King George,25890,1.174468851
31125,Nance,3554,1.174140008
5005,Baxter,41219,1.174067687
51107,Loudoun,385143,1.17332617
26035,Clare,30616,1.172978921
47105,Loudon,51610,1.172947707
54019,Fayette,44126,1.172758229
27163,Washington,253317,1.171170153
29035,Carter,6197,1.170764873
26123,Newaygo,48142,1.170517928
47113,Madison,97682,1.170391269
5063,Independence,37264,1.17031921
29067,Douglas,13374,1.167957834
55007,Bayfield,14992,1.167853247
32009,Esmeralda,981,1.165793557
27041,Douglas,37203,1.165149046
42069,Lackawanna,211454,1.165046431
38011,Bowman,3195,1.164413492
30083,Richland,11360,1.162794421
29015,Benton,18989,1.161593146
26101,Manistee,24444,1.161561153
21135,Lewis,13490,1.160779688
1103,Morgan,119122,1.160581474
56015,Goshen,13438,1.16057758
56021,Laramie,97692,1.159915274
25011,Franklin,70935,1.159074828
27149,Stevens,9784,1.159028832
46123,Tripp,5468,1.158327285
51121,Montgomery,97997,1.157864382
20105,Lincoln,3097,1.157432574
31015,Boyd,2042,1.156731038
37099,Jackson,42256,1.156468321
46075,Jones,735,1.15633108
31179,Wayne,9367,1.154576857
27081,Lincoln,5707,1.154436291
31011,Boone,5313,1.154308863
27123,Ramsey,541493,1.154257908
30005,Blaine,6727,1.153149296
26055,Grand Traverse,91746,1.15279153
31041,Custer,10830,1.152745361
51027,Buchanan,22138,1.152555391
50013,Grand Isle,6965,1.152006486
48443,Terrell,862,1.151935632
31027,Cedar,8523,1.151173836
31167,Stanton,5992,1.150576923
38053,McKenzie,12536,1.150320783
46135,Yankton,22717,1.15
42115,Susquehanna,41340,1.149856322
4012,La Paz,20701,1.149244994
26133,Osceola,23232,1.147950089
54071,Pendleton,7056,1.147844972
40153,Woodward,20967,1.147361701
42015,Bradford,61304,1.146689802
5089,Marion,16438,1.146380697
51093,Isle of Wight,36372,1.14611029
8065,Lake,7585,1.145354691
47135,Perry,7912,1.145254548
29153,Ozark,9236,1.144645341
29091,Howell,40102,1.143460444
55087,Outagamie,184754,1.143282594
27173,Yellow Medicine,9868,1.142746315
8003,Alamosa,16444,1.142710422
40105,Nowata,10383,1.142080956
55073,Marathon,135264,1.141924817
18127,Porter,168041,1.14103228
31103,Keya Paha,792,1.140969866
22109,Terrebonne,112587,1.140515608
20209,Wyandotte,164345,1.140469417
36049,Lewis,26719,1.140226056
31129,Nuckolls,4275,1.139783593
47057,Grainger,23013,1.139490036
54047,McDowell,19217,1.138476201
27051,Grant,5938,1.138417404
46077,Kingsbury,4967,1.138414259
48389,Reeves,15125,1.137773379
38083,Sheridan,1405,1.136962812
38001,Adams,2351,1.136808784
40035,Craig,14493,1.136571658
29093,Iron,10221,1.136466146
36033,Franklin,50692,1.135358712
6025,Imperial,180216,1.135244869
51067,Franklin,56233,1.134884542
51035,Carroll,29738,1.133484591
27155,Traverse,3337,1.133464567
20059,Franklin,25563,1.132608367
51185,Tazewell,42080,1.132521739
29221,Washington,24931,1.131994645
38037,Grant,2380,1.130703186
38093,Stutsman,21064,1.130089653
8123,Weld,295123,1.126543626
38035,Grand Forks,70400,1.126472769
47015,Cannon,13976,1.125780007
51169,Scott,22009,1.125396999
42131,Wyoming,27588,1.124971717
51520,Bristol,16843,1.124444444
55003,Ashland,15712,1.124280718
8057,Jackson,1296,1.123695734
23025,Somerset,50710,1.123444962
20103,Leavenworth,80042,1.123379305
48175,Goliad,7531,1.123286256
51077,Grayson,15811,1.122461251
26127,Oceana,26417,1.1217962
31175,Valley,4224,1.121556289
42123,Warren,40035,1.121388436
38043,Kidder,2460,1.12131262
29161,Phelps,44789,1.120901639
20091,Johnson,585502,1.12017653
55017,Chippewa,63635,1.119582008
51133,Northumberland,12223,1.119156928
54091,Taylor,16951,1.118635171
29225,Webster,38082,1.118318139
29055,Crawford,24280,1.118069735
24033,Prince George's,906202,1.117952266
21151,Madison,89700,1.117181426
46079,Lake,12574,1.117079588
29169,Pulaski,52591,1.116518611
8039,Elbert,25162,1.115722624
47137,Pickett,5088,1.115020051
29149,Oregon,10699,1.114966753
47081,Hickman,24678,1.114841331
29209,Stone,31527,1.114622217
30041,Hill,16439,1.114417952
39079,Jackson,32524,1.113834862
55035,Eau Claire,102991,1.113420546
38003,Barnes,10836,1.113414717
19171,Tama,17136,1.113076828
51167,Russell,27408,1.112808535
26009,Antrim,23177,1.111641671
27067,Kandiyohi,42658,1.111362352
48249,Jim Wells,41192,1.11103848
47161,Stewart,13301,1.111032939
4027,Yuma,207829,1.111026694
47019,Carter,56391,1.110720253
31117,McPherson,454,1.109884209
42045,Delaware,563527,1.108723459
47073,Hawkins,56402,1.107837106
47103,Lincoln,33711,1.107724426
55095,Polk,43349,1.106630861
42091,Montgomery,821301,1.106149211
29167,Polk,31549,1.106085058
20051,Ellis,28878,1.105836279
23007,Franklin,30019,1.105648943
26097,Mackinac,10817,1.105521543
50003,Bennington,35920,1.103679816
36025,Delaware,45502,1.103663352
24035,Queen Anne's,49355,1.102863726
20191,Sumner,23208,1.102773246
29043,Christian,84275,1.102598162
22125,West Feliciana,15377,1.101303453
31157,Scotts Bluff,36255,1.100891824
30055,McCone,1630,1.100727454
38007,Billings,946,1.100646558
55027,Dodge,87776,1.099856665
48025,Bee,32691,1.097365407
47029,Cocke,35336,1.096525097
31147,Richardson,8009,1.096355258
20163,Rooks,5118,1.095823223
31051,Dixon,5746,1.095541401
29009,Barry,35493,1.095504967
47053,Gibson,49175,1.09543368
18089,Lake,486849,1.095425093
48461,Upton,3634,1.094777377
54067,Nicholas,25324,1.09457567
31121,Merrick,7803,1.094534963
47085,Humphreys,18318,1.094247106
38045,LaMoure,4100,1.094204864
23003,Aroostook,68269,1.093632825
24021,Frederick,248472,1.092761987
31171,Thomas,645,1.092339644
29181,Ripley,13693,1.092331541
47133,Overton,22004,1.091955617
23021,Piscataquis,16887,1.091640113
40011,Blaine,9634,1.091491527
56037,Sweetwater,44117,1.08972238
48239,Jackson,14820,1.089388315
36043,Herkimer,62505,1.089333247
47141,Putnam,76440,1.089124584
31109,Lancaster,310094,1.088981608
21035,Calloway,38776,1.088857711
37075,Graham,8557,1.088827477
27071,Koochiching,12644,1.088812657
1083,Limestone,93052,1.088507369
31113,Logan,886,1.088496066
5145,White,78804,1.088314094
54033,Harrison,68209,1.088213325
20121,Miami,33127,1.087778572
40017,Canadian,136710,1.087357569
46117,Stanley,2997,1.087239488
42057,Fulton,14506,1.08693145
26109,Menominee,23234,1.086751849
29229,Wright,18293,1.085828683
26103,Marquette,66939,1.084844708
31091,Hooker,691,1.084536407
40003,Alfalfa,5857,1.084493806
26043,Dickinson,25570,1.083550914
54025,Greenbrier,35347,1.082603796
31111,Lincoln,35433,1.081763137
48145,Falls,17299,1.081501378
21011,Bath,12268,1.080553117
48149,Fayette,25066,1.08038926
29099,Jefferson,223302,1.080119421
42117,Tioga,41226,1.079981144
51750,Radford,17630,1.079812207
54049,Marion,56497,1.079018528
54001,Barbour,16730,1.078628153
31007,Banner,696,1.078525079
51071,Giles,16814,1.078362478
5101,Newton,7848,1.078036501
54077,Preston,33837,1.077964519
50021,Rutland,59273,1.077813462
40027,Cleveland,276733,1.07772446
31081,Hamilton,9178,1.077068379
31009,Blaine,480,1.076291175
20065,Graham,2545,1.076157986
31039,Cuming,8991,1.07564063
54061,Monongalia,105252,1.075432163
26031,Cheboygan,25458,1.074910015
55039,Fond du Lac,102315,1.074879465
47083,Houston,8176,1.073885905
20165,Rush,3102,1.073843101
31127,Nemaha,7004,1.073752711
31141,Platte,33063,1.073500967
54105,Wirt,5797,1.072894372
42043,Dauphin,274515,1.072786314
21177,Muhlenberg,31081,1.072188835
30025,Fallon,2838,1.071597518
42083,McKean,41806,1.071512967
8089,Otero,18325,1.071373562
55019,Clark,34491,1.071058307
46101,Moody,6506,1.070899209
51063,Floyd,15666,1.070328302
54015,Clay,8785,1.06963001
29223,Wayne,13308,1.06882482
47091,Johnson,17789,1.068629382
42075,Lebanon,138674,1.068422559
5009,Boone,37288,1.068403261
22005,Ascension,121176,1.068231937
19103,Johnson,147001,1.068113451
5015,Carroll,27887,1.068073805
54041,Lewis,16276,1.067614558
42013,Blair,123842,1.06754621
29023,Butler,42733,1.067377077
47055,Giles,29167,1.067298726
31115,Loup,585,1.067246961
48505,Zapata,14369,1.066876008
21137,Lincoln,24458,1.066776667
29187,St. Francois,66342,1.066698395
48331,Milam,24664,1.06603368
29095,Jackson,692003,1.06541555
54097,Upshur,24605,1.06485051
47149,Rutherford,307128,1.063811733
20141,Osborne,3603,1.063762197
47063,Hamblen,63740,1.063541024
30107,Wheatland,2149,1.063529515
29131,Miller,25049,1.063527992
20077,Harper,5673,1.063207707
29165,Platte,98824,1.062925998
31001,Adams,31583,1.062913907
19053,Decatur,8044,1.062855806
47117,Marshall,32269,1.062634631
48507,Zavala,12131,1.0618428
55025,Dane,529843,1.061295681
19159,Ringgold,4984,1.060820896
46125,Turner,8264,1.060661765
30105,Valley,7532,1.060202953
26111,Midland,83389,1.059663167
30015,Chouteau,5789,1.059465961
54035,Jackson,29018,1.059424386
22009,Avoyelles,40882,1.059382545
20125,Montgomery,32970,1.058991148
51153,Prince William,456749,1.058298821
29125,Maries,8884,1.058029015
27139,Scott,143372,1.058012821
19101,Jefferson,18077,1.058006748
40093,Major,7718,1.057848071
47045,Dyer,37576,1.057806691
31159,Seward,17127,1.057249202
54007,Braxton,14282,1.056658845
38087,Slope,704,1.056285611
26013,Baraga,8507,1.055780868
29077,Greene,288429,1.055689103
20123,Mitchell,6222,1.05561277
55005,Barron,45252,1.055073698
29141,Morgan,20137,1.054823762
27117,Pipestone,9185,1.05456234
31101,Keith,8099,1.053706252
20147,Phillips,5408,1.053469128
30079,Prairie,1342,1.053439727
46053,Gregory,4201,1.053372009
19119,Lyon,11769,1.053333333
46043,Douglas,2930,1.052228726
5121,Randolph,17603,1.052037201
39131,Pike,28214,1.052011923
42009,Bedford,48611,1.051858754
51021,Bland,6447,1.051693405
5087,Madison,16076,1.051189443
20189,Stevens,5686,1.051138843
21083,Graves,37294,1.05111605
19139,Muscatine,42950,1.051037768
46099,Minnehaha,186749,1.051035725
42093,Montour,18294,1.050692802
51193,Westmoreland,17638,1.050321925
47087,Jackson,11615,1.049871023
40083,Logan,46044,1.049679487
47131,Obion,30520,1.049559209
38017,Cass,174202,1.049433404
19095,Iowa,16207,1.049318317
51650,Hampton,135583,1.049160671
19085,Harrison,14143,1.049097665
30037,Golden Valley,724,1.048995399
20003,Anderson,7852,1.048849225
20175,Seward,22692,1.048794167
26003,Alger,9194,1.048441463
47089,Jefferson,53247,1.048322911
26107,Mecosta,43264,1.048269846
27093,Meeker,23079,1.047543076
47059,Greene,68669,1.047523098
50007,Chittenden,162052,1.047201263
47163,Sullivan,156734,1.047144439
5075,Lawrence,16669,1.047102877
21173,Montgomery,27759,1.046941679
55049,Iowa,23620,1.046217105
54085,Ritchie,9932,1.046213592
38033,Golden Valley,1882,1.045562613
48123,DeWitt,20435,1.045131896
19115,Louisa,11223,1.045068027
46027,Clay,13925,1.044819079
47179,Washington,127055,1.044795651
26007,Alpena,28612,1.044602536
46087,McCook,5511,1.044525704
31093,Howard,6405,1.044336332
21057,Cumberland,6713,1.044317853
31079,Hall,61343,1.043716881
40109,Oklahoma,782051,1.04359101
21207,Russell,17760,1.043424163
54073,Pleasants,7507,1.04328805
24029,Kent,19593,1.043260038
47127,Moore,6322,1.043224299
31019,Buffalo,49030,1.043174603
27019,Carver,100416,1.042987746
31181,Webster,3571,1.042587964
51580,Covington,5582,1.042553191
42021,Cambria,134550,1.042512315
20157,Republic,4686,1.042261565
31013,Box Butte,11089,1.041244721
33005,Cheshire,76263,1.040690035
31143,Polk,5255,1.040669072
21069,Fleming,14479,1.040541769
48255,Karnes,15387,1.039808441
29047,Clay,239164,1.03976765
20005,Atchison,16363,1.039646979
29123,Madison,12205,1.03957382
38091,Steele,1910,1.039306641
51005,Alleghany,15286,1.039086662
54087,Roane,14205,1.039050675
47027,Clay,7686,1.038700846
47003,Bedford,47558,1.038413879
19183,Washington,22143,1.038270378
54107,Wood,85556,1.038124678
55009,Brown,259786,1.03800918
29185,St. Clair,9383,1.037967174
26121,Muskegon,173043,1.037741808
55103,Richland,17539,1.037361944
29083,Henry,21765,1.036680471
18091,LaPorte,110552,1.036572485
36041,Hamilton,4575,1.036371846
27103,Nicollet,33783,1.036253776
8061,Kiowa,1449,1.036210329
42055,Franklin,153751,1.03596664
21171,Monroe,10634,1.035764442
20205,Wilson,8780,1.03561602
47043,Dickson,51988,1.035020636
47159,Smith,19458,1.034811958
26141,Presque Isle,12797,1.034744733
29135,Moniteau,15958,1.034282875
31047,Dawson,23804,1.033463564
19175,Union,12453,1.033435988
21105,Hickman,4568,1.03331277
47119,Maury,89776,1.033255754
48395,Robertson,16890,1.033202604
29097,Jasper,119238,1.033168224
48127,Dimmit,10663,1.032802063
20021,Cherokee,20331,1.032748864
21079,Garrard,17328,1.03270539
22001,Acadia,62568,1.032699557
54017,Doddridge,8536,1.032495235
47041,DeKalb,19601,1.032367797
20137,Norton,5486,1.032001742
31163,Sherman,3042,1.031937213
38041,Hettinger,2576,1.03169593
48157,Fort Bend,739342,1.031597686
50001,Addison,36939,1.031530439
26053,Gogebic,15414,1.031508074
29051,Cole,76740,1.031186954
48297,Live Oak,12123,1.03099683
42051,Fayette,132289,1.030915824
21053,Clinton,10211,1.030797659
47157,Shelby,937005,1.030713771
21045,Casey,15796,1.030189451
55023,Crawford,16288,1.029968454
31053,Dodge,36683,1.029920692
28119,Quitman,7372,1.02988816
21075,Fulton,6210,1.02966987
46097,Miner,2229,1.029310345
30109,Wibaux,1175,1.029020692
39105,Meigs,23160,1.028818033
40073,Kingfisher,15618,1.02880872
19039,Clarke,9282,1.028766977
51191,Washington,54406,1.028731383
51155,Pulaski,34234,1.028653295
26029,Charlevoix,26219,1.028610562
29039,Cedar,13938,1.028433613
20195,Trego,2858,1.028339695
26061,Houghton,36360,1.028298345
26017,Bay,104786,1.028145695
31077,Greeley,2410,1.027816737
19011,Benton,25626,1.027069784
48301,Loving,102,1.026648143
46083,Lincoln,54914,1.026244344
40053,Grant,4418,1.025955706
38089,Stark,30876,1.025817166
31131,Otoe,15896,1.025579423
31055,Douglas,554992,1.02538787
19167,Sioux,34825,1.025140412
54101,Webster,8518,1.024933967
51197,Wythe,28940,1.024775513
20013,Brown,9664,1.024768824
5067,Jackson,17225,1.024736048
21001,Adair,19241,1.024348767
8025,Crowley,5630,1.024337277
27083,Lyon,25839,1.02395087
24023,Garrett,29376,1.023762283
48131,Duval,11355,1.023711765
54013,Calhoun,7396,1.02351357
54095,Tyler,8909,1.023474711
38023,Divide,2369,1.023414634
38097,Traill,8019,1.023328847
51091,Highland,2214,1.023267087
19087,Henry,19926,1.023234344
19181,Warren,49361,1.022568512
29227,Worth,2040,1.02243228
5085,Lonoke,72206,1.022346369
35013,Doa Ana,215338,1.022220439
19121,Madison,15890,1.022183603
27131,Rice,65765,1.021968737
47097,Lauderdale,26297,1.021702638
26071,Iron,11212,1.021672673
53049,Pacific,21281,1.021645424
20083,Hodgeman,1842,1.021582386
19173,Taylor,6201,1.021581852
29109,Lawrence,38133,1.02152378
19185,Wayne,6413,1.021357892
42029,Chester,517156,1.021187278
24015,Cecil,102517,1.020910351
29071,Franklin,102781,1.020310633
28083,Leflore,29804,1.020277481
20089,Jewell,2916,1.020066427
39001,Adams,27878,1.019836378
27079,Le Sueur,27983,1.01937609
54103,Wetzel,15614,1.019366486
55043,Grant,51828,1.01926031
29087,Holt,4456,1.019006744
21049,Clark,35872,1.018939394
42059,Greene,37144,1.018623058
48229,Hudspeth,4098,1.018563955
54021,Gilmer,8205,1.018294758
21169,Metcalfe,10004,1.017624933
27143,Sibley,14912,1.01754386
19157,Poweshiek,18605,1.017258222
51173,Smyth,31059,1.01695692
31061,Franklin,3006,1.016876089
38105,Williams,34061,1.01665975
22097,St. Landry,83449,1.016601013
55055,Jefferson,84652,1.01654368
29037,Cass,102678,1.016358209
51059,Fairfax,1143529,1.016274467
51017,Bath,4393,1.016050129
26073,Isabella,70775,1.015970269
51740,Portsmouth,95311,1.015957447
26131,Ontonagon,5968,1.015236709
20107,Linn,9635,1.015103595
55121,Trempealeau,29438,1.014706784
27037,Dakota,418201,1.014530147
48177,Gonzales,20667,1.014357966
47187,Williamson,218648,1.014295848
31063,Frontier,2609,1.014222782
18111,Newton,14018,1.014143362
21183,Ohio,24071,1.014117216
29159,Pettis,42371,1.0140826
48141,El Paso,837654,1.013795634
26041,Delta,36190,1.013794912
29073,Gasconade,14746,1.013725374
19035,Cherokee,11468,1.013708343
29081,Harrison,8554,1.01366614
19117,Lucas,8597,1.013363879
19071,Fremont,6968,1.013338076
19107,Keokuk,10200,1.013284215
48285,Lavaca,19941,1.01315667
55063,La Crosse,117850,1.012916444
39071,Highland,43007,1.012821704
26083,Keweenaw,2130,1.012664367
48311,McMullen,662,1.012631846
47125,Montgomery,196387,1.012436515
31083,Harlan,3438,1.012428509
29057,Dade,7590,1.012395543
19093,Ida,6916,1.012335177
20183,Smith,3663,1.012155809
30021,Dawson,9191,1.01202486
48481,Wharton,41551,1.011990089
17063,Grundy,50509,1.01191766
31073,Gosper,2015,1.011778563
48015,Austin,29565,1.011776947
27129,Renville,14721,1.011690437
19125,Marion,33207,1.01149789
30091,Sheridan,3574,1.011266675
51710,Norfolk,245592,1.011135857
42061,Huntingdon,45421,1.011022815
20135,Ness,2955,1.010965998
19003,Adams,3726,1.010649087
39141,Ross,77051,1.01038806
29005,Atchison,5270,1.01037672
40047,Garfield,62190,1.010349197
22123,West Carroll,11180,1.010046593
20063,Gove,2619,1.009805586
29186,Ste. Genevieve,17871,1.009752056
55109,St. Croix,87917,1.009729029
42065,Jefferson,44084,1.00965781
31137,Phelps,9120,1.009526645
19127,Marshall,40271,1.009299161
19129,Mills,14957,1.009259259
39015,Brown,43679,1.009143407
30019,Daniels,1753,1.009028943
17031,Cook,5223719,1.008927197
20069,Gray,6037,1.008913649
19153,Polk,474274,1.008900452
19031,Cedar,18445,1.008723236
28149,Warren,47075,1.008690184
31037,Colfax,10760,1.008662175
31099,Kearney,6552,1.008632138
28053,Humphreys,8539,1.008564815
31155,Saunders,21024,1.008562691
17197,Will,688697,1.008550906
42047,Elk,30608,1.008328334
29129,Mercer,3664,1.008284486
47021,Cheatham,39929,1.008155958
29063,DeKalb,12564,1.008108677
54083,Randolph,29065,1.008077315
27133,Rock,9413,1.008033531
39163,Vinton,13111,1.008030095
19147,Palo Alto,9055,1.007898894
47189,Wilson,132663,1.007842501
22041,Franklin,20322,1.007155172
27161,Waseca,18809,1.007062147
42023,Cameron,4686,1.006896552
29151,Osage,13619,1.006879458
19113,Linn,222121,1.006847046
31085,Hayes,943,1.00673247
26117,Montcalm,63209,1.006626647
19145,Page,15363,1.006619309
50011,Franklin,49025,1.006419978
29075,Gentry,6665,1.006172279
31023,Butler,8067,1.006044579
48479,Webb,272053,1.005940681
29061,Daviess,8302,1.005890782
19047,Crawford,17132,1.005816286
29053,Cooper,17622,1.005772006
21107,Hopkins,45664,1.005702473
31065,Furnas,4786,1.005643093
29147,Nodaway,22547,1.005576976
48323,Maverick,57970,1.005566516
24003,Anne Arundel,567696,1.005485516
24025,Harford,251025,1.005446809
19099,Jasper,36891,1.005437738
20001,Allen,12630,1.005407801
27085,McLeod,35825,1.005392289
39167,Washington,60671,1.005318091
19057,Des Moines,39600,1.005299768
20099,Labette,20367,1.005262457
55131,Washington,134535,1.005251741
20101,Lane,1642,1.005092929
17151,Pope,4249,1.005068729
8017,Cheyenne,2039,1.00501399
31185,York,13799,1.004942339
20133,Neosho,16125,1.004889083
20037,Crawford,39108,1.004868031
21157,Marshall,31166,1.004861276
48089,Colorado,21022,1.004841079
29049,Clinton,20475,1.004787416
17127,Massac,14430,1.004767828
8073,Lincoln,5548,1.004707465
42105,Potter,16937,1.004497029
47075,Haywood,17779,1.004470558
19063,Emmet,9551,1.00443459
26047,Emmet,33039,1.00437144
28143,Tunica,10170,1.004277857
19177,Van Buren,7223,1.004273504
29207,Stoddard,29512,1.004197822
31169,Thayer,5098,1.004070796
31151,Saline,14288,1.004051565
47033,Crockett,14499,1.004033737
55133,Waukesha,398879,1.003882125
19123,Mahaska,22208,1.003860452
54075,Pocahontas,8531,1.003774285
29025,Caldwell,9049,1.003725284
29021,Buchanan,89076,1.003718496
19059,Dickinson,17056,1.003659652
44005,Newport,83075,1.003389831
11001,District of Columbia,684498,1.003355705
42035,Clinton,39074,1.003266306
54093,Tucker,7027,1.003191263
27015,Brown,25211,1.003143133
55123,Vernon,30516,1.003093132
31105,Kimball,3667,1.003067599
20179,Sheridan,2506,1.00302656
47111,Macon,23487,1.003011746
29003,Andrew,17403,1.002987789
55045,Green,36864,1.002958243
29177,Ray,22825,1.002952442
27063,Jackson,10047,1.002935682
20043,Doniphan,7736,1.002840333
20011,Bourbon,14702,1.002799612
42111,Somerset,74949,1.002789152
27127,Redwood,15331,1.002752925
27013,Blue Earth,66322,1.002722817
19141,O'Brien,13911,1.002710027
39009,Athens,65936,1.002691871
55117,Sheboygan,115205,1.002642643
17177,Stephenson,45433,1.002554028
27169,Winona,50847,1.002537549
31033,Cheyenne,9852,1.002491663
17133,Monroe,33936,1.002453558
29079,Grundy,10039,1.002412016
31153,Sarpy,178351,1.002254791
20067,Grant,7616,1.002166959
17069,Hardin,4009,1.002133333
22083,Richland,20474,1.002091851
18173,Warrick,61928,1.002088965
17131,Mercer,15693,1.002082544
19165,Shelby,11694,1.002046385
29033,Carroll,8843,1.002006106
29217,Vernon,20691,1.001982455
5147,Woodruff,6660,1.00194742
20109,Logan,2810,1.001927711
22055,Lafayette,240091,1.001853912
19049,Dallas,84002,1.001851229
29011,Barton,11850,1.001810551
29115,Linn,12186,1.001803969
19041,Clay,16313,1.001789824
19163,Scott,172288,1.001760951
29041,Chariton,7546,1.001719626
27101,Murray,8353,1.001714163
19155,Pottawattamie,93503,1.001680672
31145,Red Willow,10806,1.001668446
21145,McCracken,65284,1.001663894
50025,Windham,43150,1.001663453
55105,Rock,161769,1.00163332
29101,Johnson,53689,1.001617226
29117,Livingston,15076,1.001613717
17043,DuPage,931743,1.001572327
31087,Hitchcock,2843,1.001561468
31059,Fillmore,5574,1.001498689
20187,Stanton,2063,1.001493586
22101,St. Mary,51734,1.001413547
18081,Johnson,151564,1.001408451
31049,Deuel,1894,1.001368301
8087,Morgan,28257,1.001363205
21031,Butler,12745,1.001343236
19105,Jones,20568,1.001331026
22029,Concordia,20021,1.001308901
27055,Houston,18663,1.001221664
17111,McHenry,307789,1.001213003
17201,Winnebago,286174,1.001188253
17087,Johnson,12602,1.001170618
27147,Steele,36676,1.001164822
22093,St. James,21357,1.001149614
26019,Benzie,17552,1.001141987
19111,Lee,34541,1.001124101
29211,Sullivan,6317,1.001115845
29163,Pike,18489,1.001105907
20039,Decatur,2881,1.001103631
20075,Hamilton,2616,1.001041893
19013,Black Hawk,133009,1.001028383
31025,Cass,25702,1.001011327
24005,Baltimore,827625,1.001000067
21161,Mason,17153,1.000964586
55065,Lafayette,16735,1.000922888
19135,Monroe,7863,1.000915667
27105,Nobles,21839,1.000882872
55015,Calumet,49807,1.000827586
20081,Haskell,4047,1.000805802
22107,Tensas,4666,1.000781589
29183,St. Charles,389985,1.000780107
5017,Chicot,10826,1.000757098
29031,Cape Girardeau,78324,1.000751597
19045,Clinton,47218,1.000727061
29171,Putnam,4815,1.000724304
55093,Pierce,41603,1.000723916
20153,Rawlins,2509,1.000714318
42081,Lycoming,114859,1.000709148
21139,Livingston,9263,1.000696541
19109,Kossuth,15075,1.000693001
21087,Green,11023,1.000692761
29219,Warren,33908,1.00067539
42113,Sullivan,6177,1.00064813
29107,Lafayette,32589,1.000646691
17091,Kankakee,111061,1.000642261
21221,Trigg,14344,1.000639642
8075,Logan,21689,1.000586854
5117,Prairie,8244,1.00058434
26081,Kent,643140,1.000583567
29017,Bollinger,12281,1.000577216
19143,Osceola,6115,1.000571755
55059,Kenosha,168330,1.000566412
27157,Wabasha,21500,1.000565025
42063,Indiana,85755,1.000538503
27165,Watonwan,10973,1.000537057
19169,Story,96922,1.000530645
29113,Lincoln,55563,1.000529451
19075,Grundy,12341,1.000523286
18073,Jasper,33449,1.000514271
17161,Rock Island,145275,1.000513171
17071,Henderson,6884,1.000494071
26089,Leelanau,21639,1.000476417
55089,Ozaukee,88284,1.000472255
8115,Sedgwick,2350,1.000464943
19151,Pocahontas,6898,1.000454545
18149,Starke,22941,1.000448732
55071,Manitowoc,79407,1.000441306
5031,Craighead,105701,1.0004363
22121,West Baton Rouge,25860,1.00042983
17073,Henry,49464,1.000419815
39025,Clermont,203216,1.000417397
55033,Dunn,44498,1.000409429
19015,Boone,26399,1.000403714
17097,Lake,703619,1.000398936
29189,St. Louis,998684,1.000394115
21217,Taylor,25500,1.000392106
19189,Winnebago,10571,1.00039185
8125,Yuma,10069,1.000380531
20055,Finney,36957,1.000359728
31135,Perkins,2907,1.000354673
27045,Fillmore,20888,1.000342841
19195,Worth,7489,1.000339674
30101,Toole,4976,1.000334246
29175,Randolph,24945,1.000325256
18005,Bartholomew,81893,1.000322581
31057,Dundy,2023,1.000309625
19005,Allamakee,13880,1.000307673
21039,Carlisle,4841,1.000307503
27043,Faribault,13896,1.000306373
18041,Fayette,23259,1.000304692
29195,Saline,23102,1.000300391
21149,McLean,9331,1.000299581
17149,Pike,15754,1.000296604
29121,Macon,15254,1.000289422
5021,Clay,15061,1.000272814
29013,Bates,16374,1.000269847
29027,Callaway,44840,1.000256981
42109,Snyder,40466,1.000234962
19137,Montgomery,10155,1.000232721
17077,Jackson,58551,1.000228206
29173,Ralls,10217,1.000213493
21155,Marion,19232,1.000196271
19023,Butler,14735,1.000194024
17199,Williamson,67299,1.000183891
55011,Buffalo,13167,1.00018216
21021,Boyle,29913,1.000179404
27049,Goodhue,46217,1.000170184
29157,Perry,19146,1.000166334
20023,Cheyenne,2677,1.000164582
47037,Davidson,684017,1.000156055
21143,Lyon,8186,1.000155909
21181,Nicholas,7100,1.000152929
17013,Calhoun,4858,1.000151837
26063,Huron,31543,1.000147973
18147,Spencer,20526,1.000143926
55127,Walworth,103013,1.000139334
22045,Iberia,72691,1.000137334
18079,Jennings,27727,1.000122971
42119,Union,45114,1.000121773
21033,Caldwell,12727,1.00012025
20181,Sherman,5966,1.000117723
29197,Schuyler,4502,1.000115035
22047,Iberville,32956,1.000111464
18047,Franklin,22842,1.000107933
26021,Berrien,154807,1.00010007
21055,Crittenden,9083,1.000097905
20199,Wallace,1575,1.000094286
20171,Scott,4949,1.000090884
21141,Logan,26849,1.000089791
47147,Robertson,69344,1.000089775
29089,Howard,10113,1.000086738
42087,Mifflin,46362,1.00008515
42041,Cumberland,247433,1.000084846
19007,Appanoose,12510,1.000083626
19191,Winneshiek,20401,1.000081599
17001,Adams,66427,1.000077095
17085,Jo Daviess,21834,1.000076734
42001,Adams,102023,1.000075832
21099,Hart,18627,1.000075375
21009,Barren,43680,1.000073551
21085,Grayson,26178,1.000063877
8063,Kit Carson,7635,1.000063421
29001,Adair,25325,1.000062559
42099,Perry,45924,1.000061966
5001,Arkansas,18124,1
5035,Crittenden,49013,1
5037,Cross,16998,1
5041,Desha,11887,1
5055,Greene,44623,1
5077,Lee,9398,1
5093,Mississippi,42831,1
5095,Monroe,7249,1
5107,Phillips,19034,1
5111,Poinsett,24054,1
5123,St. Francis,26294,1
8095,Phillips,4318,1
8121,Washington,4840,1
17003,Alexander,6532,1
17005,Bond,16712,1
17007,Boone,53606,1
17009,Brown,6675,1
17011,Bureau,33381,1
17015,Carroll,14562,1
17017,Cass,12665,1
17019,Champaign,209448,1
17021,Christian,33231,1
17023,Clark,15836,1
17025,Clay,13338,1
17027,Clinton,37628,1
17029,Coles,51736,1
17033,Crawford,19088,1
17035,Cumberland,10865,1
17037,DeKalb,104200,1
17039,De Witt,16042,1
17041,Douglas,19714,1
17045,Edgar,17539,1
17047,Edwards,6507,1
17049,Effingham,34174,1
17051,Fayette,21724,1
17053,Ford,13398,1
17055,Franklin,39127,1
17057,Fulton,35418,1
17059,Gallatin,5157,1
17061,Greene,13218,1
17065,Hamilton,8221,1
17067,Hancock,18112,1
17075,Iroquois,28169,1
17079,Jasper,9598,1
17081,Jefferson,38169,1
17083,Jersey,22069,1
17089,Kane,530839,1
17093,Kendall,124626,1
17095,Knox,50999,1
17099,LaSalle,110401,1
17101,Lawrence,16189,1
17103,Lee,34527,1
17105,Livingston,36324,1
17107,Logan,29207,1
17109,McDonough,30875,1
17113,McLean,173219,1
17115,Macon,106512,1
17117,Macoupin,45719,1
17119,Madison,265670,1
17121,Marion,38084,1
17123,Marshall,11794,1
17125,Mason,13778,1
17129,Menard,12367,1
17135,Montgomery,29009,1
17137,Morgan,34426,1
17139,Moultrie,14703,1
17141,Ogle,51328,1
17143,Peoria,184463,1
17145,Perry,21384,1
17147,Piatt,16427,1
17153,Pulaski,5611,1
17155,Putnam,5746,1
17157,Randolph,32546,1
17159,Richland,15881,1
17163,St. Clair,263463,1
17165,Saline,24231,1
17167,Sangamon,197661,1
17169,Schuyler,7064,1
17171,Scott,5047,1
17173,Shelby,21832,1
17175,Stark,5500,1
17179,Tazewell,133852,1
17181,Union,17127,1
17183,Vermilion,78407,1
17185,Wabash,11573,1
17187,Warren,17338,1
17189,Washington,14155,1
17191,Wayne,16487,1
17193,White,14025,1
17195,Whiteside,56396,1
17203,Woodford,38817,1
18001,Adams,35195,1
18003,Allen,370016,1
18007,Benton,8667,1
18009,Blackford,12129,1
18011,Boone,64321,1
18013,Brown,15034,1
18015,Carroll,19994,1
18017,Cass,38084,1
18019,Clark,115702,1
18021,Clay,26268,1
18023,Clinton,32301,1
18025,Crawford,10581,1
18027,Daviess,32937,1
18029,Dearborn,49501,1
18031,Decatur,26552,1
18033,DeKalb,42704,1
18035,Delaware,115616,1
18037,Dubois,42418,1
18039,Elkhart,203604,1
18043,Floyd,76809,1
18045,Fountain,16486,1
18049,Fulton,20212,1
18051,Gibson,33596,1
18053,Grant,66944,1
18055,Greene,32295,1
18057,Hamilton,316095,1
18059,Hancock,73830,1
18061,Harrison,39712,1
18063,Hendricks,160940,1
18065,Henry,48483,1
18067,Howard,82387,1
18069,Huntington,36378,1
18071,Jackson,43938,1
18075,Jay,20993,1
18077,Jefferson,32237,1
18083,Knox,37409,1
18085,Kosciusko,78806,1
18087,LaGrange,38942,1
18093,Lawrence,45619,1
18095,Madison,129505,1
18097,Marion,944523,1
18099,Marshall,46595,1
18101,Martin,10210,1
18103,Miami,35901,1
18105,Monroe,145403,1
18107,Montgomery,38276,1
18109,Morgan,69727,1
18113,Noble,47451,1
18115,Ohio,5887,1
18117,Orange,19547,1
18119,Owen,20878,1
18121,Parke,16996,1
18123,Perry,19141,1
18125,Pike,12411,1
18129,Posey,25589,1
18131,Pulaski,12660,1
18133,Putnam,37559,1
18135,Randolph,25076,1
18137,Ripley,28425,1
18139,Rush,16704,1
18141,St. Joseph,269240,1
18143,Scott,23743,1
18145,Shelby,44399,1
18151,Steuben,34474,1
18153,Sullivan,20792,1
18155,Switzerland,10628,1
18157,Tippecanoe,189294,1
18159,Tipton,15218,1
18161,Union,7153,1
18163,Vanderburgh,181313,1
18165,Vermillion,15560,1
18167,Vigo,107693,1
18169,Wabash,31631,1
18171,Warren,8247,1
18175,Washington,27827,1
18177,Wayne,66613,1
18179,Wells,27947,1
18181,White,24217,1
18183,Whitley,33649,1
19001,Adair,7124,1
19009,Audubon,5637,1
19017,Bremer,24782,1
19019,Buchanan,21125,1
19021,Buena Vista,20260,1
19025,Calhoun,9780,1
19027,Carroll,20344,1
19029,Cass,13191,1
19033,Cerro Gordo,42984,1
19037,Chickasaw,12099,1
19043,Clayton,17672,1
19051,Davis,8885,1
19055,Delaware,17258,1
19061,Dubuque,96802,1
19065,Fayette,19929,1
19067,Floyd,15858,1
19069,Franklin,10245,1
19073,Greene,9003,1
19077,Guthrie,10674,1
19079,Hamilton,15110,1
19081,Hancock,10888,1
19083,Hardin,17127,1
19089,Howard,9264,1
19091,Humboldt,9566,1
19097,Jackson,19395,1
19131,Mitchell,10631,1
19161,Sac,9868,1
19179,Wapello,35315,1
19187,Webster,36757,1
19197,Wright,12804,1
20071,Greeley,1200,1
20093,Kearny,3932,1
20193,Thomas,7824,1
20203,Wichita,2143,1
21003,Allen,20794,1
21005,Anderson,22214,1
21007,Ballard,8090,1
21015,Boone,129095,1
21017,Bourbon,20144,1
21023,Bracken,8306,1
21027,Breckinridge,20080,1
21029,Bullitt,79466,1
21037,Campbell,92267,1
21041,Carroll,10711,1
21047,Christian,72263,1
21059,Daviess,99937,1
21061,Edmonson,12122,1
21067,Fayette,318734,1
21073,Franklin,50296,1
21077,Gallatin,8703,1
21081,Grant,24915,1
21091,Hancock,8719,1
21093,Hardin,108095,1
21097,Harrison,18668,1
21101,Henderson,46137,1
21103,Henry,15814,1
21111,Jefferson,767154,1
21113,Jessamine,52422,1
21117,Kenton,164688,1
21123,Larue,14156,1
21163,Meade,28326,1
21167,Mercer,21516,1
21179,Nelson,45388,1
21185,Oldham,65374,1
21187,Owen,10741,1
21191,Pendleton,14520,1
21201,Robertson,2143,1
21209,Scott,53517,1
21211,Shelby,46786,1
21213,Simpson,18063,1
21215,Spencer,18246,1
21219,Todd,12350,1
21223,Trimble,8637,1
21225,Union,14802,1
21227,Warren,126427,1
21229,Washington,12019,1
21233,Webster,13155,1
21239,Woodford,26097,1
22007,Assumption,22714,1
22035,East Carroll,7225,1
22065,Madison,11472,1
22077,Pointe Coupee,22158,1
22099,St. Martin,53752,1
24013,Carroll,167522,1
24027,Howard,315327,1
24031,Montgomery,1040133,1
24510,Baltimore,614700,1
25007,Dukes,17313,1
25019,Nantucket,11101,1
26005,Allegan,115250,1
26015,Barry,60057,1
26023,Branch,43584,1
26025,Calhoun,134473,1
26027,Cass,51460,1
26037,Clinton,77896,1
26045,Eaton,109155,1
26049,Genesee,409361,1
26057,Gratiot,41067,1
26059,Hillsdale,45830,1
26065,Ingham,289564,1
26067,Ionia,64176,1
26075,Jackson,158913,1
26077,Kalamazoo,261573,1
26087,Lapeer,88202,1
26091,Lenawee,98474,1
26093,Livingston,188482,1
26099,Macomb,868704,1
26115,Monroe,149699,1
26125,Oakland,1250843,1
26139,Ottawa,284034,1
26145,Saginaw,192778,1
26147,St. Clair,159566,1
26149,St. Joseph,60897,1
26151,Sanilac,41376,1
26155,Shiawassee,68493,1
26157,Tuscola,53250,1
26159,Van Buren,75272,1
26161,Washtenaw,365961,1
26163,Wayne,1761382,1
27033,Cottonwood,11372,1
27039,Dodge,20582,1
27047,Freeborn,30526,1
27091,Martin,19964,1
27099,Mower,39602,1
27109,Olmsted,153065,1
28011,Bolivar,32592,1
28027,Coahoma,23802,1
28055,Issaquena,1328,1
28125,Sharkey,4511,1
28133,Sunflower,26532,1
28151,Washington,47086,1
29007,Audrain,25735,1
29019,Boone,176515,1
29045,Clark,6800,1
29069,Dunklin,30428,1
29103,Knox,3951,1
29111,Lewis,10027,1
29127,Marion,28672,1
29133,Mississippi,13748,1
29137,Monroe,8654,1
29139,Montgomery,11545,1
29143,New Madrid,17811,1
29155,Pemiscot,17031,1
29199,Scotland,4898,1
29201,Scott,38729,1
29205,Shelby,6061,1
29510,St. Louis,311273,1
30051,Liberty,2280,1
31029,Chase,3734,1
33007,Coos,32038,1
33009,Grafton,89811,1
33019,Sullivan,43125,1
39003,Allen,103642,1
39005,Ashland,53477,1
39007,Ashtabula,98136,1
39011,Auglaize,45784,1
39013,Belmont,68472,1
39017,Butler,378294,1
39019,Carroll,27578,1
39021,Champaign,38864,1
39023,Clark,135198,1
39027,Clinton,41896,1
39029,Columbiana,104003,1
39031,Coshocton,36574,1
39033,Crawford,42021,1
39035,Cuyahoga,1253783,1
39037,Darke,51734,1
39039,Defiance,38279,1
39041,Delaware,197008,1
39043,Erie,75136,1
39045,Fairfield,152910,1
39047,Fayette,28645,1
39049,Franklin,1275333,1
39051,Fulton,42305,1
39055,Geauga,93961,1
39057,Greene,165811,1
39059,Guernsey,39274,1
39061,Hamilton,812037,1
39063,Hancock,75690,1
39065,Hardin,31542,1
39067,Harrison,15307,1
39069,Henry,27316,1
39073,Hocking,28495,1
39075,Holmes,43859,1
39077,Huron,58457,1
39081,Jefferson,66886,1
39083,Knox,61215,1
39085,Lake,230052,1
39089,Licking,172293,1
39091,Logan,45307,1
39093,Lorain,306713,1
39095,Lucas,432379,1
39097,Madison,43988,1
39099,Mahoning,231064,1
39101,Marion,65344,1
39103,Medina,177257,1
39107,Mercer,40806,1
39109,Miami,104800,1
39111,Monroe,14090,1
39113,Montgomery,532034,1
39115,Morgan,14702,1
39117,Morrow,34976,1
39119,Muskingum,86076,1
39121,Noble,14443,1
39123,Ottawa,40709,1
39125,Paulding,18872,1
39127,Perry,35985,1
39129,Pickaway,57420,1
39133,Portage,162644,1
39135,Preble,41207,1
39137,Putnam,33969,1
39139,Richland,121324,1
39143,Sandusky,59299,1
39147,Seneca,55475,1
39149,Shelby,48797,1
39151,Stark,373475,1
39153,Summit,541810,1
39155,Trumbull,201794,1
39157,Tuscarawas,92526,1
39159,Union,55654,1
39161,Van Wert,28281,1
39165,Warren,226564,1
39169,Wayne,116208,1
39171,Williams,36936,1
39173,Wood,129936,1
39175,Wyandot,22107,1
42003,Allegheny,1225561,1
42005,Armstrong,66331,1
42007,Beaver,166896,1
42019,Butler,186566,1
42031,Clarion,38827,1
42039,Crawford,86164,1
42049,Erie,275972,1
42053,Forest,7351,1
42067,Juniata,24562,1
42071,Lancaster,538347,1
42073,Lawrence,87382,1
42085,Mercer,112630,1
42121,Venango,52376,1
42125,Washington,207547,1
42129,Westmoreland,354751,1
42133,York,444014,1
47095,Lake,7526,1
47165,Sumner,179473,1
47167,Tipton,61446,1
47169,Trousdale,9573,1
50005,Caledonia,30425,1
50009,Essex,6208,1
50015,Lamoille,25268,1
50017,Orange,28937,1
50019,Orleans,26911,1
50023,Washington,58477,1
50027,Windsor,55427,1
51013,Arlington,231803,1
51510,Alexandria,156505,1
51600,Fairfax,23865,1
51610,Falls Church,14067,1
51683,Manassas,41457,1
51685,Manassas Park,16423,1
53055,San Juan,16473,1
54009,Brooke,22772,1
54029,Hancock,29680,1
54051,Marshall,31645,1
54069,Ohio,42547,1
55029,Door,27439,1
55061,Kewaunee,20360,1
55079,Milwaukee,954209,1
55091,Pepin,7262,1
55101,Racine,195398,1
