"","geoid_text","weighted_im"
"1","01001",54.859886268295
"2","01003",17.5903223105902
"3","01005",0
"4","01007",48.4445893089961
"5","01009",71.1030785195434
"6","01011",38.9158150632513
"7","01013",11.5690509786895
"8","01015",78.1583252906843
"9","01017",91.9914625612316
"10","01019",86.2726206119767
"11","01021",69.4015662650602
"12","01023",72.7685326651592
"13","01025",82.9427448337826
"14","01027",83.2190692922162
"15","01029",79.303772070626
"16","01031",0
"17","01033",75.4271082434689
"18","01035",0.0340661517132105
"19","01037",80.6082639739744
"20","01039",0
"21","01041",1.8088262391745
"22","01043",95.6869639794168
"23","01045",0
"24","01047",62.9394977492143
"25","01049",89.7168480815825
"26","01051",88.5333933084865
"27","01053",5.05673360897815
"28","01055",78.3409417316373
"29","01057",61.0332856120258
"30","01059",65.8882504026816
"31","01061",0.528802683389237
"32","01063",50.2126262841553
"33","01065",48.6014570387829
"34","01067",0
"35","01069",19.5161352750496
"36","01071",96.1896043560795
"37","01073",81.6562773813994
"38","01075",32.8990983454174
"39","01077",84.7783077885518
"40","01079",91.2464376840039
"41","01081",84.5439919557567
"42","01083",94.9422426180874
"43","01085",50.0251135349144
"44","01087",89.7759206538709
"45","01089",96.200789719788
"46","01091",65.6365719523373
"47","01093",54.4827259999243
"48","01095",92.8941973357417
"49","01097",21.3126746816911
"50","01099",73.1946387263573
"51","01101",58.4584784214414
"52","01103",94.8832542181699
"53","01105",56.1109641787562
"54","01107",42.8582405767771
"55","01109",0
"56","01111",85.0759816911588
"57","01113",10.7351457155285
"58","01115",76.4151227919
"59","01117",83.4276029897445
"60","01119",57.8433924441018
"61","01121",82.0270660545024
"62","01123",93.1372404923755
"63","01125",53.8421063594892
"64","01127",87.1511835250516
"65","01129",63.1626144534685
"66","01131",70.9889264555352
"67","01133",92.6171662732172
"68","04001",7.99308552275054
"69","04003",1.43457412849271
"70","04005",12.7680118490275
"71","04007",53.0024596563525
"72","04009",8.50075219896876
"73","04011",11.9777859036475
"74","04012",14.1990415455079
"75","04013",35.069403258283
"76","04015",18.6884065698544
"77","04017",8.36000712230582
"78","04019",2.98504024798148
"79","04021",13.7151842057029
"80","04023",0.22353422974541
"81","04025",40.1251783562137
"82","04027",15.2725997776486
"83","05001",75.7384727982435
"84","05003",71.3300104774734
"85","05005",66.0689986085121
"86","05007",76.3169442409961
"87","05009",63.5523204187503
"88","05011",72.6215086206897
"89","05013",69.1832591273375
"90","05015",65.7594763751763
"91","05017",33.2713430769857
"92","05019",72.2244716068246
"93","05021",48.5612872069541
"94","05023",82.9039566807581
"95","05025",54.1244064130895
"96","05027",47.8560366972477
"97","05029",62.2467222884386
"98","05031",51.4596462133776
"99","05033",75.983575372338
"100","05035",67.4277103171137
"101","05037",61.7862636865442
"102","05039",65.5947255339765
"103","05041",48.9095193540562
"104","05043",66.1990237333782
"105","05045",76.4160336120188
"106","05047",60.6622008265589
"107","05049",37.1556625192989
"108","05051",88.9097011776439
"109","05053",43.2809752198241
"110","05055",47.5333430472582
"111","05057",67.4857077608191
"112","05059",72.6161405733436
"113","05061",81.2862535982257
"114","05063",63.2021299875994
"115","05065",59.1767316226124
"116","05067",49.4251370914674
"117","05069",64.5360432273118
"118","05071",60.5284058209323
"119","05073",58.3038313191052
"120","05075",41.7704147071398
"121","05077",74.179938467107
"122","05079",48.8254705330238
"123","05081",78.853575709149
"124","05083",60.6647147204993
"125","05085",63.5970201577564
"126","05087",60.0495352909483
"127","05089",63.4073618553984
"128","05091",82.9345130400247
"129","05093",58.1672114278797
"130","05095",69.5206050176614
"131","05097",79.0492975104757
"132","05099",61.1505843979342
"133","05101",55.366667805528
"134","05103",71.4920749828545
"135","05105",64.837768756578
"136","05107",75.8061619445735
"137","05109",66.3325241606742
"138","05111",55.6341049837806
"139","05113",73.2198857142857
"140","05115",69.4682582745524
"141","05117",63.660500770737
"142","05119",74.5184036249564
"143","05121",53.6125364681654
"144","05123",69.3312595837897
"145","05125",79.1781476344583
"146","05127",53.5191133652672
"147","05129",58.4492417860152
"148","05131",67.7030497592295
"149","05133",81.5926786751888
"150","05135",37.6479461592017
"151","05137",75.9159780250219
"152","05139",72.4114807010056
"153","05141",76.1564152410575
"154","05143",75.2086347931371
"155","05145",67.1312028958103
"156","05147",56.8092822603584
"157","05149",61.9975941546869
"158","06001",65.2354882255887
"159","06003",78.7617027723072
"160","06005",87.3433827286663
"161","06007",93.8650063771229
"162","06009",88.2825278810409
"163","06011",72.5934967264585
"164","06013",79.4573775344088
"165","06015",25.4324459234609
"166","06017",93.4515361588152
"167","06019",44.4797362789674
"168","06021",77.8009032504294
"169","06023",49.880881286691
"170","06025",11.4872727501162
"171","06027",12.0289233225078
"172","06029",12.8052411862648
"173","06031",8.79102063918818
"174","06033",57.3168293767603
"175","06035",14.9843897203506
"176","06037",65.7525656426978
"177","06039",49.436353893006
"178","06041",59.0792894505153
"179","06043",54.4619588223975
"180","06045",55.760008008008
"181","06047",39.9831429506238
"182","06049",17.5867888138862
"183","06051",33.2383228797872
"184","06053",27.3324250218589
"185","06055",65.1371247010103
"186","06057",94.4096991416433
"187","06059",88.1730735351115
"188","06061",95.5852758207165
"189","06063",78.2186365643749
"190","06065",26.767366571085
"191","06067",77.3062652240412
"192","06069",21.0910379172824
"193","06071",8.36092444504178
"194","06073",49.3135304807533
"195","06075",32.6739130434783
"196","06077",73.0453137637845
"197","06079",20.3282694848085
"198","06081",48.152362228912
"199","06083",32.7654748134424
"200","06085",42.9307933759065
"201","06087",54.1379071379071
"202","06089",77.1279852493561
"203","06091",79.9435309263269
"204","06093",34.6237518400936
"205","06095",51.9524005313429
"206","06097",67.0356037425494
"207","06099",54.4312114226221
"208","06101",81.9253088990698
"209","06103",81.5639227758142
"210","06105",56.5748468841584
"211","06107",38.3724488608596
"212","06109",83.0395469736354
"213","06111",45.6016196051075
"214","06113",38.9829003436426
"215","06115",93.8534923339012
"216","08001",39.4555941394729
"217","08003",5.603478463873
"218","08005",42.952848311271
"219","08007",55.7849297149146
"220","08009",0.29961149448058
"221","08011",2.64648715794089
"222","08013",77.2375484754011
"223","08014",81.7098662207358
"224","08015",58.4622722608913
"225","08017",2.67049009384776
"226","08019",91.1098019731706
"227","08021",31.0577845617095
"228","08023",28.6274554643372
"229","08025",12.796525531017
"230","08027",69.8577678027998
"231","08029",44.1161611211839
"232","08031",82.1247041689423
"233","08033",29.8293942507839
"234","08035",87.9140919870403
"235","08037",61.1899144844109
"236","08039",21.0154662692378
"237","08041",42.5465265384361
"238","08043",65.5897703931925
"239","08045",51.1234228143182
"240","08047",90.0073020033702
"241","08049",50.700976924119
"242","08051",41.0239372036994
"243","08053",41.625535647162
"244","08055",33.781226263447
"245","08057",44.6619608251719
"246","08059",92.7378944307111
"247","08061",2.41342956647809
"248","08063",0.897895668932469
"249","08065",56.4772760592288
"250","08067",62.2969955944218
"251","08069",74.5895353310819
"252","08071",12.506624780451
"253","08073",2.09647089549802
"254","08075",12.0799676528479
"255","08077",43.1072141671651
"256","08079",44.9917911883538
"257","08081",15.8584403734951
"258","08083",23.5718701273613
"259","08085",32.8310451282566
"260","08087",28.4730361765538
"261","08089",13.7389280489427
"262","08091",48.7202510633883
"263","08093",79.4021218605125
"264","08095",1.65877106856488
"265","08097",72.695850802371
"266","08099",3.06783867985895
"267","08101",37.8205989036143
"268","08103",30.4942359085431
"269","08105",25.9239596508005
"270","08107",55.1455010103411
"271","08109",11.8313280826844
"272","08111",64.9110547299746
"273","08113",33.9468487165483
"274","08115",1.46616464320475
"275","08117",62.6585920101804
"276","08119",82.1097628518202
"277","08121",11.874195742593
"278","08123",25.7961221515262
"279","08125",1.23031037596844
"280","09001",84.6458933253105
"281","09003",85.8505906619164
"282","09005",88.2966318926975
"283","09007",72.4327421356105
"284","09009",81.9599745870394
"285","09011",68.132395047788
"286","09013",74.8142249814427
"287","09015",73.902807775378
"288","10001",0
"289","10003",32.1250646328852
"290","10005",0
"291","11001",99.2708505367465
"292","12001",0
"293","12003",0
"294","12005",26.0872851356954
"295","12007",0
"296","12009",26.6044990219517
"297","12011",16.1886419526097
"298","12013",42.0140127388535
"299","12015",16.3880214226446
"300","12017",57.2592182104949
"301","12019",0
"302","12021",25.2804503035003
"303","12023",0
"304","12027",63.8834874504624
"305","12029",0
"306","12031",0
"307","12033",3.82546154717409
"308","12035",0
"309","12037",0
"310","12039",0
"311","12041",0
"312","12043",46.9197981410732
"313","12045",14.0681784569879
"314","12047",0
"315","12049",50.0432749569897
"316","12051",13.5761039329831
"317","12053",41.169895509743
"318","12055",61.8188199389624
"319","12057",37.6742229492872
"320","12059",0
"321","12061",51.0330832551839
"322","12063",32.7081626035433
"323","12065",0
"324","12067",0
"325","12069",7.69937455890584
"326","12071",0
"327","12073",0
"328","12075",1.30065661478599
"329","12077",0
"330","12079",0
"331","12081",33.750636672326
"332","12083",7.03106010595982
"333","12085",15.1212612163509
"334","12086",14.9394011208074
"335","12087",12.6946450860428
"336","12089",0
"337","12091",0
"338","12093",62.7832028784244
"339","12095",15.7552451475373
"340","12097",58.0316490008038
"341","12099",26.3684090794196
"342","12101",67.1798690132084
"343","12103",34.4404078485134
"344","12105",43.0276751217873
"345","12107",0
"346","12109",0
"347","12111",0.851712076583211
"348","12113",0
"349","12115",18.7248640356993
"350","12117",0
"351","12119",43.2004952898903
"352","12121",0
"353","12123",0
"354","12125",0
"355","12127",0
"356","12129",0
"357","12131",0
"358","12133",8.21797331871345
"359","13001",0
"360","13003",0
"361","13005",0
"362","13007",0
"363","13009",70.6395300041964
"364","13011",79.5046268477346
"365","13013",83.1221281741233
"366","13015",76.8328538894882
"367","13017",0
"368","13019",0
"369","13021",11.6004641909814
"370","13023",0
"371","13025",0
"372","13027",0
"373","13029",0
"374","13031",0
"375","13033",49.4236991102723
"376","13035",88.9826399281652
"377","13037",0
"378","13039",0
"379","13043",0
"380","13045",82.5028766128582
"381","13047",96.3296379698597
"382","13049",0
"383","13051",16.4281972440497
"384","13053",1.58351069788283
"385","13055",79.3533638731699
"386","13057",85.5822095435685
"387","13059",82.4123663412366
"388","13061",0
"389","13063",95.5473170731707
"390","13065",0
"391","13067",91.4546345447121
"392","13069",0
"393","13071",0
"394","13073",94.7662943976565
"395","13075",0
"396","13077",84.7977287066246
"397","13079",28.3300594468855
"398","13081",52.1647459665297
"399","13083",96.0127604587304
"400","13085",96.1523822023888
"401","13087",0
"402","13089",83.4722308730406
"403","13091",0
"404","13093",48.8174282678002
"405","13095",40.7810765349033
"406","13097",90.7155256894862
"407","13099",0
"408","13101",0
"409","13103",61.2197949434929
"410","13105",91.9132169200662
"411","13107",0
"412","13109",0
"413","13111",86.7843559382849
"414","13113",87.1798530658378
"415","13115",80.9095005428882
"416","13117",98.0351735913489
"417","13119",82.1170459334176
"418","13121",89.6648762506582
"419","13123",79.9797557630771
"420","13125",5.48549737200701
"421","13127",0
"422","13129",77.5576470588235
"423","13131",0
"424","13133",64.545101842871
"425","13135",89.7222580229411
"426","13137",96.3150090780714
"427","13139",94.2472631923959
"428","13141",48.3105256954267
"429","13143",76.0545888435915
"430","13145",88.9405810907359
"431","13147",91.5479587357331
"432","13149",90.3891068759342
"433","13151",90.5902317167715
"434","13153",1.31999703637845
"435","13155",0
"436","13157",86.1455171848085
"437","13159",73.9197195838987
"438","13161",0
"439","13163",12.7971946230275
"440","13165",4.54645593869732
"441","13167",12.1063751607569
"442","13169",56.4479641230068
"443","13171",69.8098410295231
"444","13173",0
"445","13175",25.4715813361758
"446","13177",83.278067377266
"447","13179",0
"448","13181",94.9608357947708
"449","13183",0
"450","13185",0
"451","13187",96.9731390623451
"452","13189",81.7445324881141
"453","13191",0
"454","13193",57.8291735995563
"455","13195",86.0777416494236
"456","13197",43.8211220110362
"457","13199",63.6995985727029
"458","13201",0
"459","13205",0
"460","13207",64.6078750176728
"461","13209",0
"462","13211",65.1444903143855
"463","13213",74.3357687936353
"464","13215",20.3726138966658
"465","13217",82.1780600927606
"466","13219",74.2885632270736
"467","13221",83.7612073357107
"468","13223",83.2514782297079
"469","13225",3.22985296854644
"470","13227",83.4857868634329
"471","13229",0
"472","13231",59.9342054636399
"473","13233",76.9633101956189
"474","13235",0
"475","13237",69.474567015135
"476","13239",0
"477","13241",86.7449794699515
"478","13243",0
"479","13245",79.6606148839599
"480","13247",87.7249253094324
"481","13249",61.6357538151937
"482","13251",50.1511597938144
"483","13253",0
"484","13255",80.5993517474634
"485","13257",86.66391184573
"486","13259",4.744669218152
"487","13261",74.8600079995429
"488","13263",38.8706988672793
"489","13265",56.1302781380602
"490","13267",0
"491","13269",55.3576193299733
"492","13271",0
"493","13273",24.1559426571095
"494","13275",0
"495","13277",0
"496","13279",0
"497","13281",84.2123647097409
"498","13283",0
"499","13285",92.0138292498106
"500","13287",7.91753177452217
"501","13289",13.8413905486149
"502","13291",85.4914500683995
"503","13293",53.7105874258192
"504","13295",86.4302808918
"505","13297",76.4050989085948
"506","13299",0
"507","13301",41.8325969563083
"508","13303",27.8848210612916
"509","13305",0
"510","13307",60.3683999465312
"511","13309",0
"512","13311",98.3435974901232
"513","13313",81.6019924557501
"514","13315",0
"515","13317",90.2082294264339
"516","13319",61.5889933387288
"517","13321",37.8318475705329
"518","16001",41.7301220806794
"519","16003",35.2993218249075
"520","16005",8.64317234616328
"521","16007",0.179965133431675
"522","16009",40.9664848571839
"523","16011",5.53245098169364
"524","16013",16.5323326124751
"525","16015",64.3802037201063
"526","16017",57.8752843452355
"527","16019",5.86996578436746
"528","16021",39.1552149400987
"529","16023",0.0283275077325421
"530","16025",38.5301456386699
"531","16027",33.7092638351438
"532","16029",5.86116719094793
"533","16031",14.1114055751865
"534","16033",0.18459722067106
"535","16035",62.1701152806218
"536","16037",16.9062845484904
"537","16039",50.7598333726608
"538","16041",6.51116729877792
"539","16043",5.13591959142467
"540","16045",47.1492395911244
"541","16047",25.072603843056
"542","16049",44.7008113019559
"543","16051",1.31042382588774
"544","16053",12.2718650719492
"545","16055",42.8439059005677
"546","16057",59.6865179995294
"547","16059",12.038426710198
"548","16061",56.1506070025218
"549","16063",10.2131036575403
"550","16065",5.33985257401022
"551","16067",5.55642540620384
"552","16069",53.2420070318404
"553","16071",1.00926121310169
"554","16073",19.3669883456873
"555","16075",38.9600823045268
"556","16077",9.48544939982434
"557","16079",57.1421178174383
"558","16081",5.54727829510656
"559","16083",19.7003969412177
"560","16085",27.4425656064592
"561","16087",37.678275987238
"562","17001",75.1739130434783
"563","17003",46.6071905609973
"564","17005",69.97801955451
"565","17007",67.7947079380929
"566","17009",72.3904090784296
"567","17011",72.8293964100416
"568","17013",89.9624441132638
"569","17015",84.9884260654651
"570","17017",72.2055156227079
"571","17019",59.6731972712409
"572","17021",66.149600723811
"573","17023",44.712962962963
"574","17025",60.8127659574468
"575","17027",72.1033458499131
"576","17029",70.4400485570822
"577","17031",98.7791645815549
"578","17033",51.3084059068535
"579","17035",55.4111823419622
"580","17037",60.2811266356177
"581","17039",52.9856874869728
"582","17041",67.2364053434084
"583","17043",94.4865701614928
"584","17045",44.8750845851942
"585","17047",43.4204272531918
"586","17049",66.1919784214847
"587","17051",71.6968227489622
"588","17053",60.0753242241779
"589","17055",79.4926628839757
"590","17057",58.2738315373334
"591","17059",48.0674957118353
"592","17061",82.7298509771567
"593","17063",55.4621821272145
"594","17065",50.3068629349861
"595","17067",67.2806386949609
"596","17069",54.7047146401985
"597","17071",73.7897549159305
"598","17073",79.9840777361064
"599","17075",83.8585116817142
"600","17077",78.6341930660686
"601","17079",57.5518955873213
"602","17081",74.4657890930132
"603","17083",89.4883045292014
"604","17085",80.0345784612585
"605","17087",61.7132714804357
"606","17089",71.7318081735675
"607","17091",81.7918853034748
"608","17093",52.5356331877729
"609","17095",49.2170394119487
"610","17097",96.9290291669162
"611","17099",66.4882090503505
"612","17101",58.3439662955161
"613","17103",77.0349250502241
"614","17105",68.4547485131462
"615","17107",52.9279770836175
"616","17109",59.9472227524337
"617","17111",76.6122242181383
"618","17113",62.0998481397115
"619","17115",75.6992502883506
"620","17117",79.4452012584736
"621","17119",87.1966377605355
"622","17121",69.8308008012899
"623","17123",80.0688462081627
"624","17125",61.8562222111205
"625","17127",59.7001046146693
"626","17129",60.3682848474032
"627","17131",70.3735273735274
"628","17133",65.5535373524631
"629","17135",68.3734036646308
"630","17137",77.0528463277947
"631","17139",65.4671240708977
"632","17141",76.1844191276776
"633","17143",58.8184090706187
"634","17145",75.6997102909686
"635","17147",71.4185450819672
"636","17149",79.270521151041
"637","17151",54.8607832819665
"638","17153",51.7948113207547
"639","17155",77.8566525008173
"640","17157",68.8486863827178
"641","17159",59.2760149323378
"642","17161",84.5857187402557
"643","17163",77.357838018462
"644","17165",45.8793830932635
"645","17167",72.4473008537133
"646","17169",66.5847625119541
"647","17171",82.5339946500223
"648","17173",68.1748992304874
"649","17175",39.3220736112467
"650","17177",55.9069883361579
"651","17179",61.0428791509757
"652","17181",51.6220992264604
"653","17183",54.0197058180569
"654","17185",47.8570721445366
"655","17187",58.902734617775
"656","17189",68.7052841475573
"657","17191",59.2337294404659
"658","17193",41.9136432456681
"659","17195",90.4814096346589
"660","17197",73.0985980843801
"661","17199",76.3234958834706
"662","17201",67.7443221854843
"663","17203",76.0930691014733
"664","18001",41.284211398277
"665","18003",57.3971177624286
"666","18005",49.9681055815232
"667","18007",45.5702513676338
"668","18009",6.86464886923993
"669","18011",44.4030981982581
"670","18013",80.8408282971916
"671","18015",17.021996996997
"672","18017",14.6059825001696
"673","18019",83.7701398758321
"674","18021",55.9404092471103
"675","18023",18.06
"676","18025",79.2242385555353
"677","18027",51.7895211703293
"678","18029",79.7213670514935
"679","18031",59.0705616283453
"680","18033",88.8096232691266
"681","18035",63.841091606851
"682","18037",72.7109976078102
"683","18039",61.560139523695
"684","18041",60.270086364826
"685","18043",74.8093714715845
"686","18045",28.7967169037006
"687","18047",69.0557754587981
"688","18049",9.12360658224008
"689","18051",65.1482838302429
"690","18053",15.9807992401113
"691","18055",44.626572489173
"692","18057",91.355993845293
"693","18059",45.0552653285675
"694","18061",77.7332252648642
"695","18063",43.5725795344994
"696","18065",54.2658300057045
"697","18067",38.3135114430719
"698","18069",8.66078559500472
"699","18071",67.5101303252656
"700","18073",70.4820757081975
"701","18075",5.2913033921899
"702","18077",86.7375765563222
"703","18079",65.8685854529228
"704","18081",36.2806051066807
"705","18083",58.3447757185066
"706","18085",19.1516905269571
"707","18087",51.9468511103021
"708","18089",89.3365943649374
"709","18091",69.8177622377622
"710","18093",62.1065645241654
"711","18095",91.1758965752999
"712","18097",48.2563403898554
"713","18099",46.3315183377144
"714","18101",46.6738878782868
"715","18103",13.2040420613021
"716","18105",69.0835671754158
"717","18107",27.3010860484545
"718","18109",33.1311250085905
"719","18111",80.3795437103188
"720","18113",55.9126213592233
"721","18115",83.1128254580521
"722","18117",55.5277892704455
"723","18119",43.5312386619258
"724","18121",33.3604156234352
"725","18123",86.871094603452
"726","18125",59.5742574257426
"727","18127",87.8029246042393
"728","18129",47.3912343110276
"729","18131",15.4197498866066
"730","18133",51.3853152154896
"731","18135",44.885632683472
"732","18137",74.5737890305962
"733","18139",55.9427488804685
"734","18141",65.4795607077486
"735","18143",80.6903093987157
"736","18145",43.2142174921545
"737","18147",91.5405045550105
"738","18149",61.2695150531819
"739","18151",52.1923009776536
"740","18153",47.3042319846335
"741","18155",90.9675349188373
"742","18157",19.5780673302763
"743","18159",78.2636697644262
"744","18161",68.1959413369713
"745","18163",79.7897112985624
"746","18165",34.0159004867496
"747","18167",42.0180384087791
"748","18169",10.931737647924
"749","18171",33.2937245564175
"750","18173",92.7139050910924
"751","18175",65.6500681013348
"752","18177",51.4607085682467
"753","18179",9.63264685766396
"754","18181",17.7674598782512
"755","18183",6.95135360266556
"756","19001",54.7415597235933
"757","19003",62.742877916584
"758","19005",48.3208183837348
"759","19007",69.1405210945165
"760","19009",45.4940525411869
"761","19011",85.6759785291698
"762","19013",75.7788537160834
"763","19015",74.1537593246957
"764","19017",60.644051508745
"765","19019",66.2552282768778
"766","19021",62.6914723420759
"767","19023",68.1196072741343
"768","19025",69.3813459268005
"769","19027",72.763475859348
"770","19029",51.8708890989601
"771","19031",57.8366942308622
"772","19033",56.5823417070663
"773","19035",74.9098312688969
"774","19037",48.3542965271594
"775","19039",63.0236512900704
"776","19041",55.9220715408805
"777","19043",56.0146322406506
"778","19045",84.8930241775664
"779","19047",81.4333622662353
"780","19049",90.356762158561
"781","19051",62.6053409154262
"782","19053",54.0131426158556
"783","19055",61.6020715814044
"784","19057",76.5022585924714
"785","19059",54.007610137541
"786","19061",65.5082161767391
"787","19063",50.950479121494
"788","19065",49.9418398768283
"789","19067",62.6368332397529
"790","19069",60.9286784247403
"791","19071",53.6994756390649
"792","19073",81.1670033006552
"793","19075",67.1473772791024
"794","19077",79.2772559066325
"795","19079",59.3828688364841
"796","19081",49.2871870397644
"797","19083",58.6596858638743
"798","19085",91.840242142399
"799","19087",65.4775849835516
"800","19089",37.9419351004398
"801","19091",65.6597311966917
"802","19093",80.8301972784686
"803","19095",65.5083592814371
"804","19097",75.7900688937996
"805","19099",55.3789514115614
"806","19101",60.2622253720765
"807","19103",73.8657842428623
"808","19105",70.270900399961
"809","19107",53.8767169829636
"810","19109",56.8681109185442
"811","19111",75.4241696260706
"812","19113",69.8001942879347
"813","19115",66.4401052205585
"814","19117",67.246743990151
"815","19119",73.8323824135782
"816","19121",61.8932845911162
"817","19123",63.4480557737628
"818","19125",68.9765239692247
"819","19127",61.1552206568161
"820","19129",51.938197589132
"821","19131",56.0215762661073
"822","19133",91.7605565832864
"823","19135",70.8030980620909
"824","19137",54.0531695984069
"825","19139",59.6890587792956
"826","19141",67.0254216452771
"827","19143",56.9947949637758
"828","19145",56.3806400839454
"829","19147",58.5082218162066
"830","19149",84.7902088772846
"831","19151",60.1740167445483
"832","19153",77.424617140683
"833","19155",55.0592775185609
"834","19157",59.8742316557818
"835","19159",49.1932013994047
"836","19161",73.4583394205016
"837","19163",85.9413956843181
"838","19165",48.6920916059611
"839","19167",80.4157496435491
"840","19169",53.8951759336507
"841","19171",72.7001988536671
"842","19173",69.4461635617303
"843","19175",57.4860715939919
"844","19177",65.9084806059215
"845","19179",67.1945000322768
"846","19181",68.3803467072632
"847","19183",57.831985801617
"848","19185",65.1234587670136
"849","19187",73.3613537545536
"850","19189",51.5681435782389
"851","19191",41.0340213755405
"852","19193",85.6482288130165
"853","19195",53.4733342665174
"854","19197",59.1295982984483
"855","20001",62.3947221912927
"856","20003",61.6488457451946
"857","20005",86.2746392286287
"858","20007",18.6575668243863
"859","20009",40.1640046260119
"860","20011",21.1611278062577
"861","20013",66.9630229817325
"862","20015",64.0889338442685
"863","20017",46.3688702444669
"864","20019",73.0119485294118
"865","20021",66.9958600999286
"866","20023",2.31493479639381
"867","20025",6.33527276916873
"868","20027",52.0920458940312
"869","20029",44.6097627916095
"870","20031",65.0145526565056
"871","20033",11.246265730277
"872","20035",67.4349868283712
"873","20037",50.5176587395395
"874","20039",16.5137406742846
"875","20041",57.2423562041868
"876","20043",76.6244167962675
"877","20045",90.037593538425
"878","20047",31.8625056535504
"879","20049",67.0601627423823
"880","20051",32.6399562294826
"881","20053",56.7236237639181
"882","20055",12.9017845568855
"883","20057",23.3880749923164
"884","20059",69.3138661202186
"885","20061",64.2997842277441
"886","20063",13.6963760504202
"887","20065",19.2630112106219
"888","20067",1.17156838757035
"889","20069",13.7222240212428
"890","20071",2.27695812540681
"891","20073",60.6071315101303
"892","20075",4.27507688834965
"893","20077",38.0505489879679
"894","20079",86.0847854356307
"895","20081",1.61527595109358
"896","20083",25.3229405221488
"897","20085",83.304522871338
"898","20087",91.027540120488
"899","20089",35.3931034482759
"900","20091",91.482904228491
"901","20093",7.77849226096229
"902","20095",40.4478334307802
"903","20097",19.0530966561563
"904","20099",69.0152645422793
"905","20101",15.1965014119862
"906","20103",94.7896253602305
"907","20105",54.5973828125
"908","20107",51.6467391304348
"909","20109",6.79247658770756
"910","20111",63.1393074019366
"911","20113",77.7034814675917
"912","20115",48.7949558489117
"913","20117",56.1029164852932
"914","20119",4.10096858563504
"915","20121",68.560391314722
"916","20123",39.7277136710346
"917","20125",81.8961487040152
"918","20127",64.567811210385
"919","20129",0.840074025523384
"920","20131",60.3516965755035
"921","20133",62.1615024846536
"922","20135",21.8232829724281
"923","20137",19.0956532847881
"924","20139",68.7781337918099
"925","20141",40.7996474550663
"926","20143",53.3127024390244
"927","20145",35.6146470676019
"928","20147",24.9131187262028
"929","20149",74.1588339107131
"930","20151",25.929853430791
"931","20153",3.96647368421053
"932","20155",48.7889786433551
"933","20157",40.2582675318583
"934","20159",55.7494488493522
"935","20161",66.44167118828
"936","20163",29.853091000566
"937","20165",31.1768256830387
"938","20167",44.6978469049258
"939","20169",70.2842823712949
"940","20171",6.56147782092011
"941","20173",66.6985437705741
"942","20175",2.76052747252747
"943","20177",90.3645579886456
"944","20179",14.5038163143512
"945","20181",3.1301497628311
"946","20183",32.7889568627451
"947","20185",37.5718280940244
"948","20187",0.559720326010508
"949","20189",2.17310222084655
"950","20191",56.7847016077323
"951","20193",10.422118053737
"952","20195",22.2283292145025
"953","20197",75.389625461579
"954","20199",4.55115054061547
"955","20201",48.2765970765908
"956","20203",2.53282155726148
"957","20205",74.1875734430082
"958","20207",66.4402694277444
"959","20209",96.9023732470334
"960","21001",71.4173776534025
"961","21003",88.5424962021268
"962","21005",70.3611302549966
"963","21007",54.4176343644024
"964","21009",85.4106881405564
"965","21011",77.7463071279865
"966","21013",82.9617541673158
"967","21015",87.3767416346681
"968","21017",77.0872502654184
"969","21019",89.6226546212648
"970","21021",76.4892141756549
"971","21023",92.4069830142896
"972","21025",84.5683342808414
"973","21027",79.7090079269757
"974","21029",74.6602924634421
"975","21031",84.1664710485133
"976","21033",70.7845581094205
"977","21035",46.4265159301131
"978","21037",95.4955018521785
"979","21039",48.2953323903819
"980","21041",95.8016834325601
"981","21043",81.9925587110868
"982","21045",64.641242581134
"983","21047",80.9445351368159
"984","21049",88.071664829107
"985","21051",78.4796461234981
"986","21053",86.8832967635765
"987","21055",62.4375662979239
"988","21057",86.786613531383
"989","21059",91.6204676981221
"990","21061",85.4839564859676
"991","21063",73.3456022944551
"992","21065",95.1077989220108
"993","21067",88.8339570612567
"994","21069",75.9622988873769
"995","21071",83.089097637347
"996","21073",89.9654989384289
"997","21075",56.2350860070758
"998","21077",91.2935162765671
"999","21079",91.4360884190293
"1000","21081",86.6922080725232
"1001","21083",46.272304503867
"1002","21085",75.9936112793964
"1003","21087",80.6468238503507
"1004","21089",90.6683604605002
"1005","21091",89.5447845804989
"1006","21093",82.3587636233697
"1007","21095",80.3981230824761
"1008","21097",79.7485693523481
"1009","21099",82.100269541779
"1010","21101",75.7467658082457
"1011","21103",89.5381118204682
"1012","21105",53.390414767041
"1013","21107",76.0496446700508
"1014","21109",83.3413465443028
"1015","21111",77.7688605803256
"1016","21113",89.3480716475714
"1017","21115",77.3925373134328
"1018","21117",92.0015408320493
"1019","21119",80.714103484015
"1020","21121",78.798940647221
"1021","21123",75.5637934713036
"1022","21125",84.8698022312373
"1023","21127",80.196823482107
"1024","21129",92.5583100093296
"1025","21131",76.6186930196952
"1026","21133",79.6959083741389
"1027","21135",88.1424671557755
"1028","21137",83.4045846231072
"1029","21139",62.4732422196608
"1030","21141",84.3483225545675
"1031","21143",74.3209781774317
"1032","21145",60.5884207208154
"1033","21147",84.9211729362591
"1034","21149",87.1240667545015
"1035","21151",93.4550193909339
"1036","21153",70.4824888565451
"1037","21155",73.8621305618707
"1038","21157",52.7829290504181
"1039","21159",81.2123061897204
"1040","21161",84.3797078292627
"1041","21163",80.4312380621636
"1042","21165",81.352016404648
"1043","21167",71.3210438645197
"1044","21169",77.5237773052387
"1045","21171",84.4362342174392
"1046","21173",78.8325779036827
"1047","21175",73.0764265806073
"1048","21177",79.6957491780178
"1049","21179",72.8219551069199
"1050","21181",80.3619061247853
"1051","21183",82.1666587957497
"1052","21185",87.4016910289481
"1053","21187",90.0404353352399
"1054","21189",87.7471264367816
"1055","21191",89.2261381789137
"1056","21193",82.2299728863692
"1057","21195",82.0665239878723
"1058","21197",93.02515625
"1059","21199",86.3997004742491
"1060","21201",83.7272727272727
"1061","21203",78.4452509515801
"1062","21205",78.4469696969697
"1063","21207",75.6873570078584
"1064","21209",82.9103550295858
"1065","21211",67.1523246478359
"1066","21213",90.6620640399952
"1067","21215",65.2881505439577
"1068","21217",75.6032520325203
"1069","21219",87.0627052851598
"1070","21221",83.5035112359551
"1071","21223",96.9704024544306
"1072","21225",48.9884531928084
"1073","21227",88.9485861182519
"1074","21229",83.0153185129834
"1075","21231",78.9837313346116
"1076","21233",66.4974432056333
"1077","21235",81.3975080640061
"1078","21237",86.2449341438703
"1079","21239",89.8054822632659
"1080","22001",0
"1081","22003",0.286370653532309
"1082","22005",16.9494695700726
"1083","22007",70.9467802022352
"1084","22009",52.0945335111053
"1085","22011",0
"1086","22013",38.7439425051335
"1087","22015",58.5312652265714
"1088","22017",81.0389629896659
"1089","22019",0
"1090","22021",31.668053677312
"1091","22023",0
"1092","22025",41.5850472273004
"1093","22027",60.4399633027523
"1094","22029",52.9524257593436
"1095","22031",56.0360626848763
"1096","22033",22.8298916621775
"1097","22035",46.5267175572519
"1098","22037",18.2055919022343
"1099","22039",19.2439125393407
"1100","22041",35.6525303554019
"1101","22043",49.2316840902357
"1102","22045",33.4348241068994
"1103","22047",79.4865272688079
"1104","22049",28.6632707514675
"1105","22051",18.502175709171
"1106","22053",0
"1107","22055",0
"1108","22057",22.8470209339775
"1109","22059",37.1435069075452
"1110","22061",68.5104532729763
"1111","22063",0
"1112","22065",44.898814673819
"1113","22067",48.4048325709697
"1114","22069",42.1347745093792
"1115","22071",21.9526770572559
"1116","22073",66.5560949539037
"1117","22075",7.65608265905499
"1118","22077",77.4664759179781
"1119","22079",39.7417067978422
"1120","22081",49.6928081712607
"1121","22083",31.4777622656562
"1122","22085",47.2801034741732
"1123","22087",5.61491108071135
"1124","22089",11.0172267120374
"1125","22091",0
"1126","22093",20.6611772560365
"1127","22095",17.1261842647261
"1128","22097",46.325953443782
"1129","22099",61.1538408519144
"1130","22101",49.1687433114203
"1131","22103",0
"1132","22105",0
"1133","22107",54.1359108263484
"1134","22109",16.1622655806024
"1135","22111",81.442395596878
"1136","22113",0
"1137","22115",0.178445452254976
"1138","22117",0
"1139","22119",38.4001921581187
"1140","22121",97.4570717544587
"1141","22123",26.5473717097555
"1142","22125",97.6693537729615
"1143","22127",34.1264780281193
"1144","23001",10.7833210499461
"1145","23003",20.3513597097087
"1146","23005",51.0829145728643
"1147","23007",54.7324214334162
"1148","23009",17.2477592316449
"1149","23011",13.0203882345979
"1150","23013",26.2220922229869
"1151","23015",22.545518701482
"1152","23017",51.3659947210434
"1153","23019",40.615709673335
"1154","23021",31.951566969882
"1155","23023",9.11832970676614
"1156","23025",30.8398277332893
"1157","23027",25.6325545400943
"1158","23029",3.34753968253968
"1159","23031",56.5364800967671
"1160","24001",87.8286239978972
"1161","24003",17.7118240491259
"1162","24005",61.2382031639545
"1163","24009",0
"1164","24011",0
"1165","24013",85.4355641248912
"1166","24015",36.2686935086278
"1167","24017",3.4265218401487
"1168","24019",0
"1169","24021",99.2179908906883
"1170","24023",90.471305687508
"1171","24025",72.7507947391386
"1172","24027",83.4936680737614
"1173","24029",0
"1174","24031",99.5581408262994
"1175","24033",46.8007111412123
"1176","24035",0
"1177","24037",0
"1178","24039",0
"1179","24041",0
"1180","24043",98.1385106639354
"1181","24045",0
"1182","24047",0
"1183","24510",33.2539941310727
"1184","25001",54.4296439967465
"1185","25003",86.7713351174547
"1186","25005",73.0970494303828
"1187","25007",0
"1188","25009",85.1908768587606
"1189","25011",84.0147595743028
"1190","25013",88.9215912622652
"1191","25015",89.3386863575338
"1192","25017",88.1262461783863
"1193","25019",0
"1194","25021",39.2129370867698
"1195","25023",63.3598317981578
"1196","25025",7.11986446421008
"1197","25027",91.0934837628774
"1198","26001",33.4145079830564
"1199","26003",8.71951980043655
"1200","26005",84.9240561309723
"1201","26007",62.9299509945229
"1202","26009",47.8760720411664
"1203","26011",46.6846498686041
"1204","26013",9.84740017415101
"1205","26015",87.6499878078517
"1206","26017",0.772023019034971
"1207","26019",0
"1208","26021",85.1577336119345
"1209","26023",44.3649805025996
"1210","26025",55.5251733730361
"1211","26027",69.8767024692725
"1212","26029",2.88625381012564
"1213","26031",5.87740119034891
"1214","26033",41.0941454221633
"1215","26035",32.1270912826534
"1216","26037",86.3946904388715
"1217","26039",5.98555649957519
"1218","26041",3.55636136592863
"1219","26043",36.4146005509642
"1220","26045",78.2758938981733
"1221","26047",10.9964314964315
"1222","26049",2.34689368338965
"1223","26051",0.00632669757294791
"1224","26053",31.1163158414863
"1225","26055",18.9109435265673
"1226","26057",32.0343248300995
"1227","26059",57.8287423483584
"1228","26061",8.34018625422067
"1229","26063",50.6982149561418
"1230","26065",75.432859796195
"1231","26067",94.4702999126468
"1232","26069",49.8370997644937
"1233","26071",43.4604801413001
"1234","26073",32.4009254749148
"1235","26075",66.3215327757246
"1236","26077",65.7940619997089
"1237","26079",13.8929787339024
"1238","26081",97.5561007101356
"1239","26083",9.22878956849961
"1240","26085",36.3722799451088
"1241","26087",61.8908990529579
"1242","26089",28.388521710031
"1243","26091",80.2175439893538
"1244","26093",47.7955955185844
"1245","26095",0
"1246","26097",28.5779540404467
"1247","26099",85.0666317504655
"1248","26101",1.39686868686869
"1249","26103",26.67476743129
"1250","26105",64.862795960042
"1251","26107",79.4593702261864
"1252","26109",39.5403243069678
"1253","26111",0
"1254","26113",46.776938545294
"1255","26115",90.2735396576968
"1256","26117",81.6918961140402
"1257","26119",37.2726317369764
"1258","26121",92.2614194236926
"1259","26123",74.85949441505
"1260","26125",72.452528699969
"1261","26127",70.9536707424031
"1262","26129",35.9196533490012
"1263","26131",44.3547788629675
"1264","26133",58.2352507736896
"1265","26135",15.8265708095332
"1266","26137",3.25413123696454
"1267","26139",98.923054403513
"1268","26141",19.6461796809404
"1269","26143",34.9868963843727
"1270","26145",0
"1271","26147",33.1673524829212
"1272","26149",52.4230602982494
"1273","26151",26.2489953949491
"1274","26153",9.42338170928357
"1275","26155",33.6990321573525
"1276","26157",7.12858579902182
"1277","26159",72.8142760334312
"1278","26161",87.7623685235684
"1279","26163",90.8590600910188
"1280","26165",11.515723578031
"1281","27001",55.9470967377967
"1282","27003",84.7909469171605
"1283","27005",47.7983208010286
"1284","27007",46.0681005566
"1285","27009",91.2282579062159
"1286","27011",36.5612119921189
"1287","27013",73.1999705871539
"1288","27015",67.4185644015303
"1289","27017",50.4618353758564
"1290","27019",77.971629612995
"1291","27021",50.4929754812233
"1292","27023",41.7244550898204
"1293","27025",19.4884903980669
"1294","27027",48.235893186496
"1295","27029",46.1944489974321
"1296","27031",37.1343088165042
"1297","27033",55.8063492063492
"1298","27035",72.8098077391093
"1299","27037",31.0284014584533
"1300","27039",29.718465872711
"1301","27041",45.5933885589247
"1302","27043",67.0422288076113
"1303","27045",36.864324889005
"1304","27047",51.9934143870314
"1305","27049",28.5438729471215
"1306","27051",48.1282963685108
"1307","27053",62.0224583546007
"1308","27055",42.6224388795407
"1309","27057",38.257221535349
"1310","27059",80.8017978650353
"1311","27061",33.1586716931777
"1312","27063",47.3077253386423
"1313","27065",15.6504035022944
"1314","27067",61.2546190507279
"1315","27069",26.8846684025119
"1316","27071",25.9017814112061
"1317","27073",36.6063683677895
"1318","27075",47.649320345198
"1319","27077",25.5882669111719
"1320","27079",54.3992756634804
"1321","27081",45.1664950046349
"1322","27083",47.5146274005687
"1323","27085",85.1051840302912
"1324","27087",43.0458968772694
"1325","27089",42.574866185711
"1326","27091",62.4130787037037
"1327","27093",86.4126207228073
"1328","27095",74.1672997522708
"1329","27097",84.710541727672
"1330","27099",44.0301807681658
"1331","27101",41.8557241163591
"1332","27103",68.964664737096
"1333","27105",54.9592880284164
"1334","27107",50.0335451977401
"1335","27109",30.2282421740626
"1336","27111",57.8370631320171
"1337","27113",63.3799144521296
"1338","27115",16.8859895230434
"1339","27117",63.0543484802889
"1340","27119",58.6222697891876
"1341","27121",39.0787330316742
"1342","27123",60.5782853359815
"1343","27125",67.7276995305164
"1344","27127",57.5729090271356
"1345","27129",60.7092413006275
"1346","27131",29.2213790467871
"1347","27133",68.2191548966966
"1348","27135",12.2109999328453
"1349","27137",53.4407090592262
"1350","27139",75.903255387437
"1351","27141",95.4012615538346
"1352","27143",68.527760858361
"1353","27145",86.6570468031675
"1354","27147",25.9714955095666
"1355","27149",37.9752259956022
"1356","27151",36.9227517581924
"1357","27153",71.8167197955257
"1358","27155",56.2399037304452
"1359","27157",32.4325790928637
"1360","27159",65.8260305937257
"1361","27161",60.9618409933043
"1362","27163",37.0508339424546
"1363","27165",66.9956482785102
"1364","27167",66.6898998954131
"1365","27169",37.0120196525706
"1366","27171",94.8036930587818
"1367","27173",42.3511797068272
"1368","28001",96.3465889414752
"1369","28003",50.2891414141414
"1370","28005",12.7679224227498
"1371","28007",61.9556115822446
"1372","28009",47.7050557928089
"1373","28011",53.9798537069179
"1374","28013",45.0585926280517
"1375","28015",57.6330584375277
"1376","28017",30.8258345428157
"1377","28019",50.4078497148608
"1378","28021",91.5780723432936
"1379","28023",31.770245585549
"1380","28025",31.9315522489009
"1381","28027",50.8199159704448
"1382","28029",50.7627283888207
"1383","28031",33.6355868990303
"1384","28033",51.8544400886313
"1385","28035",46.0955715140634
"1386","28037",87.0912657033616
"1387","28039",43.9635125698324
"1388","28041",43.2627868724054
"1389","28043",54.3825242718447
"1390","28045",0
"1391","28047",0
"1392","28049",69.0896398998652
"1393","28051",65.9475079143047
"1394","28053",72.1178543461237
"1395","28055",87.5156887755102
"1396","28057",33.6541365127297
"1397","28059",27.4591671377426
"1398","28061",32.1056086414624
"1399","28063",90.810848326304
"1400","28065",9.55030278007157
"1401","28067",38.5899746550268
"1402","28069",47.7670996624101
"1403","28071",40.489188069594
"1404","28073",30.6971010413735
"1405","28075",34.3176702085793
"1406","28077",0
"1407","28079",83.7374344668366
"1408","28081",38.0973533797217
"1409","28083",60.865483766083
"1410","28085",32.1337448559671
"1411","28087",39.3822135033513
"1412","28089",69.0919195751138
"1413","28091",0.386123370625064
"1414","28093",42.4317217308531
"1415","28095",33.8982018455703
"1416","28097",46.3999585892746
"1417","28099",71.3950258557006
"1418","28101",39.3960963293843
"1419","28103",42.5778108412418
"1420","28105",33.3814426708907
"1421","28107",48.3980202762034
"1422","28109",2.85420888140949
"1423","28111",49.464542384622
"1424","28113",2.94427690198766
"1425","28115",33.7494103111311
"1426","28117",32.2881663974152
"1427","28119",53.1969382100305
"1428","28121",40.830982473291
"1429","28123",64.4466270115738
"1430","28125",78.461742448742
"1431","28127",6.05520858164482
"1432","28129",26.7794215058512
"1433","28131",33.3623853211009
"1434","28133",52.2055672812712
"1435","28135",53.8004745470233
"1436","28137",45.8617902883364
"1437","28139",42.9436249005325
"1438","28141",57.3201090056404
"1439","28143",58.8447634237108
"1440","28145",33.3582613390929
"1441","28147",0
"1442","28149",90.8724111247667
"1443","28151",68.7845373421706
"1444","28153",38.0018685121107
"1445","28155",40.8327903729805
"1446","28157",93.574316582092
"1447","28159",57.8322033116554
"1448","28161",48.7895604708023
"1449","28163",77.7339537965724
"1450","29001",62.668297988037
"1451","29003",81.659488039203
"1452","29005",57.5214322250639
"1453","29007",64.5379953944976
"1454","29009",63.8993929496965
"1455","29011",45.3926429617037
"1456","29013",51.7820957668286
"1457","29015",42.9036428171119
"1458","29017",70.8770506661833
"1459","29019",66.6208735295315
"1460","29021",90.5657537960954
"1461","29023",64.2695484026911
"1462","29025",42.2677098337043
"1463","29027",81.4535188813976
"1464","29029",52.4176269570055
"1465","29031",77.6759494886445
"1466","29033",48.5465083630821
"1467","29035",51.5230361286046
"1468","29037",68.3890646905668
"1469","29039",28.6571799649896
"1470","29041",55.9114774563078
"1471","29043",50.7957950459449
"1472","29045",75.3120738948757
"1473","29047",80.0413109336271
"1474","29049",80.9185111332669
"1475","29051",78.2123582047488
"1476","29053",66.7302426728612
"1477","29055",72.7456293044729
"1478","29057",29.3923599509968
"1479","29059",39.9218685192866
"1480","29061",38.2636246531906
"1481","29063",57.31088664422
"1482","29065",53.5655465632342
"1483","29067",44.5004143074161
"1484","29069",55.6911371581328
"1485","29071",89.6824835178129
"1486","29073",83.5758532149353
"1487","29075",42.2122600973933
"1488","29077",47.7622302307278
"1489","29079",59.5081272084806
"1490","29081",47.6657118525974
"1491","29083",52.6394029161697
"1492","29085",39.7104993510486
"1493","29087",70.6992710325048
"1494","29089",65.9840635072222
"1495","29091",37.3245693837943
"1496","29093",48.9871441689624
"1497","29095",74.0491293816553
"1498","29097",65.6042627993848
"1499","29099",82.9033036848793
"1500","29101",60.4787524892834
"1501","29103",64.8631041562621
"1502","29105",45.1451654270326
"1503","29107",62.7424643046007
"1504","29109",51.1616796695732
"1505","29111",74.943605292172
"1506","29113",85.111472670507
"1507","29115",54.7209903414501
"1508","29117",45.2546765597241
"1509","29119",65.5947610102275
"1510","29121",57.1164651678387
"1511","29123",48.3053733031674
"1512","29125",69.7386152292896
"1513","29127",78.2125300899531
"1514","29129",57.1684190994557
"1515","29131",65.7897655185377
"1516","29133",50.4971766250821
"1517","29135",70.6637066935755
"1518","29137",62.9581094694426
"1519","29139",83.120099953147
"1520","29141",55.217195815746
"1521","29143",52.9492765338291
"1522","29145",74.7300690521029
"1523","29147",69.3503464647761
"1524","29149",27.3787011694451
"1525","29151",81.8090954981414
"1526","29153",53.3416352857835
"1527","29155",52.7699901283317
"1528","29157",70.7733457378765
"1529","29159",54.6877612919092
"1530","29161",64.4974333291599
"1531","29163",79.007643940328
"1532","29165",96.5666997026759
"1533","29167",29.6784994302743
"1534","29169",57.9803021024699
"1535","29171",58.5809265781631
"1536","29173",73.2712772150425
"1537","29175",62.477616245529
"1538","29177",59.8214969325153
"1539","29179",57.733623699402
"1540","29181",57.7394677009496
"1541","29183",94.5329028582281
"1542","29185",35.1471956992698
"1543","29186",67.2080302104737
"1544","29187",58.8431384691603
"1545","29189",93.4125215331611
"1546","29195",58.2616932227036
"1547","29197",64.7003379304046
"1548","29199",68.4416100499936
"1549","29201",51.0920565688607
"1550","29203",37.3200919514451
"1551","29205",65.0289928218932
"1552","29207",48.0113397161676
"1553","29209",64.405496571555
"1554","29211",53.9362308822259
"1555","29213",54.2084413340245
"1556","29215",53.5174421379146
"1557","29217",24.1678871346994
"1558","29219",91.5212300566135
"1559","29221",77.8541582075228
"1560","29223",52.5915170458676
"1561","29225",50.3894846730568
"1562","29227",47.8876475548061
"1563","29229",41.1176494845361
"1564","29510",87.028025477707
"1565","30001",23.7966280614384
"1566","30003",32.0436717241998
"1567","30005",20.5781843538319
"1568","30007",33.5437890669394
"1569","30009",58.5040146384094
"1570","30011",11.0251107580305
"1571","30013",55.1957065595383
"1572","30015",16.1966797439022
"1573","30017",25.3663104778866
"1574","30019",20.7685355120084
"1575","30021",29.4074607654429
"1576","30023",28.8904078377763
"1577","30025",24.1357407985569
"1578","30027",16.1248479594213
"1579","30029",33.668847964271
"1580","30031",33.4292920656635
"1581","30033",23.6679572538935
"1582","30035",30.1338902435632
"1583","30037",9.93275540016284
"1584","30039",13.4242842751763
"1585","30041",31.9537772544326
"1586","30043",25.1698042807232
"1587","30045",16.54685666135
"1588","30047",33.3045586808923
"1589","30049",45.6804986599921
"1590","30051",20.58117912509
"1591","30053",39.4198725314458
"1592","30055",24.6102803051769
"1593","30057",20.2080667963228
"1594","30059",40.3437830594541
"1595","30061",33.3435019670095
"1596","30063",25.4814181560101
"1597","30065",12.5549841355769
"1598","30067",49.9247031045212
"1599","30069",18.292572235389
"1600","30071",17.8808821782285
"1601","30073",27.6594420343284
"1602","30075",17.5628370077128
"1603","30077",17.9656179476968
"1604","30079",28.1186799340936
"1605","30081",19.3819552751621
"1606","30083",33.3414438287963
"1607","30085",32.799646063946
"1608","30087",28.8267600979124
"1609","30089",42.0009281491495
"1610","30091",27.4062695924765
"1611","30093",42.2189983946122
"1612","30095",49.9938121512516
"1613","30097",53.695520087059
"1614","30099",25.850916727045
"1615","30101",16.7802763909992
"1616","30103",33.1659758154427
"1617","30105",24.9197991224119
"1618","30107",8.78217236144246
"1619","30109",26.5724717857933
"1620","30111",38.18715662625
"1621","31001",37.5468827930175
"1622","31003",48.5209125475285
"1623","31005",18.6669410150892
"1624","31007",6.49751056125528
"1625","31009",23.7158280468104
"1626","31011",59.8347198885292
"1627","31013",3.12763401833042
"1628","31015",59.5787324234905
"1629","31017",27.0936573935816
"1630","31019",50.3738673746176
"1631","31021",89.1717451523546
"1632","31023",53.9813182099795
"1633","31025",60.7773150902241
"1634","31027",73.3463948659872
"1635","31029",2.37736795885083
"1636","31031",15.998103080036
"1637","31033",4.89172528997953
"1638","31035",33.9562101129111
"1639","31037",78.9489223701101
"1640","31039",79.0856751199452
"1641","31041",31.8286166958042
"1642","31043",90.7526780088217
"1643","31045",13.1628523779863
"1644","31047",49.2511247895333
"1645","31049",1.69177207103616
"1646","31051",80.7543276796643
"1647","31053",86.808311338819
"1648","31055",70.5784273021672
"1649","31057",2.36383642031909
"1650","31059",33.9431124566629
"1651","31061",18.041061739258
"1652","31063",8.31456963152302
"1653","31065",9.68246278860804
"1654","31067",43.944020439582
"1655","31069",14.9543044849904
"1656","31071",40.095960591133
"1657","31073",21.8571080965995
"1658","31075",10.5425172512938
"1659","31077",50.4395837443283
"1660","31079",52.5799265980222
"1661","31081",25.0333281661758
"1662","31083",12.1519415571681
"1663","31085",3.50280189423836
"1664","31087",4.05720554815453
"1665","31089",42.6770336042477
"1666","31091",15.816788235753
"1667","31093",52.3753970969161
"1668","31095",44.045536717643
"1669","31097",49.7594086021505
"1670","31099",39.1728724854168
"1671","31101",16.2471468425057
"1672","31103",35.2452164423427
"1673","31105",0.27320014186074
"1674","31107",67.8659882931166
"1675","31109",81.0191233204736
"1676","31111",22.581202654103
"1677","31113",22.8969051843091
"1678","31115",30.457439992114
"1679","31117",26.092818583347
"1680","31119",56.946683623557
"1681","31121",63.2558113164758
"1682","31123",10.4505944413826
"1683","31125",63.8493340035185
"1684","31127",55.7986618843978
"1685","31129",40.4134897360704
"1686","31131",52.6288941519402
"1687","31133",49.0437727983325
"1688","31135",2.47086714399364
"1689","31137",40.8831371732111
"1690","31139",51.1561336468744
"1691","31141",72.0199129577927
"1692","31143",42.5533248081841
"1693","31145",5.81729827174041
"1694","31147",58.1052312050997
"1695","31149",25.8157770298462
"1696","31151",36.1866790370624
"1697","31153",54.0399226569609
"1698","31155",88.9161853990819
"1699","31157",6.6681768414694
"1700","31159",39.546334784097
"1701","31161",7.14519345831671
"1702","31163",43.5388139099596
"1703","31165",7.28036377993492
"1704","31167",68.9671349232277
"1705","31169",49.2420995988651
"1706","31171",18.2043087121212
"1707","31173",84.5102607952116
"1708","31175",40.2245411486086
"1709","31177",83.0208094144661
"1710","31179",60.0206984126984
"1711","31181",27.0267227877839
"1712","31183",46.8370739817124
"1713","31185",24.3419149975574
"1714","32001",0.459330760051764
"1715","32003",22.8446435492488
"1716","32005",49.3595578425767
"1717","32007",4.65219888280588
"1718","32009",0.153976457302393
"1719","32011",0
"1720","32013",0.624076124970856
"1721","32015",0
"1722","32017",6.98603885622351
"1723","32019",5.2402256370356
"1724","32021",4.04065310824582
"1725","32023",0.19092052208854
"1726","32027",0
"1727","32029",4.5536170212766
"1728","32031",7.27075515543774
"1729","32033",0.306539388838616
"1730","32510",71.6523920444365
"1731","33001",90.6498562529947
"1732","33003",73.0988185964813
"1733","33005",75.6124387136625
"1734","33007",53.4294177386594
"1735","33009",75.672474540277
"1736","33011",94.7140785117452
"1737","33013",93.8059609091713
"1738","33015",75.3108804276252
"1739","33017",58.9572636998897
"1740","33019",71.5655720987151
"1741","34001",4.14869476985518
"1742","34003",50.4471340488696
"1743","34005",55.7090540911587
"1744","34007",2.41314031180401
"1745","34009",0
"1746","34011",0
"1747","34013",46.8293745914143
"1748","34015",0
"1749","34017",0
"1750","34019",98.3226076324088
"1751","34021",99.5145177165354
"1752","34023",78.8039041703638
"1753","34025",63.2340450086555
"1754","34027",96.074193171188
"1755","34029",17.2313327383609
"1756","34031",78.4039688164422
"1757","34033",8.91113983358914
"1758","34035",98.8626510469514
"1759","34037",93.7066057070787
"1760","34039",60.5153784434341
"1761","34041",97.26341956032
"1762","35001",22.7474684154692
"1763","35003",1.30587575853581
"1764","35005",1.04240660862958
"1765","35006",3.94244604316547
"1766","35007",25.0259265898803
"1767","35009",5.67816964731741
"1768","35011",0
"1769","35013",17.1889907850761
"1770","35015",2.3338540444504
"1771","35017",0.646644388156914
"1772","35019",2.28471932023959
"1773","35021",12.5767168447392
"1774","35023",0.162210047600774
"1775","35025",9.46715725832277
"1776","35027",1.09194083067763
"1777","35028",60.0182707153886
"1778","35029",0
"1779","35031",5.90679054698906
"1780","35033",25.3318590529573
"1781","35035",4.16814050288821
"1782","35037",16.9114018034212
"1783","35039",42.6490758244066
"1784","35041",0.916858830952791
"1785","35043",36.9964689212024
"1786","35045",21.8015368430682
"1787","35047",14.0294739216641
"1788","35049",43.9487137955914
"1789","35051",18.8847660919693
"1790","35053",9.33109369641701
"1791","35055",42.6431855920296
"1792","35057",0.633649623984253
"1793","35059",13.3351922469343
"1794","35061",7.67729094168512
"1795","36001",88.9624841705361
"1796","36003",55.1424645607161
"1797","36005",47.6858974358974
"1798","36007",74.140884412621
"1799","36009",77.7255932744493
"1800","36011",88.8609738344252
"1801","36013",79.3875388269688
"1802","36015",71.4629248903509
"1803","36017",70.6138306868364
"1804","36019",72.6137646110439
"1805","36021",91.5029524140326
"1806","36023",70.2433342688745
"1807","36025",85.2513768157657
"1808","36027",94.2586342095394
"1809","36029",95.3958495739362
"1810","36031",78.3034691419675
"1811","36033",24.6535846929301
"1812","36035",83.373283329812
"1813","36037",48.5878040463742
"1814","36039",96.5688195038494
"1815","36041",65.427152266322
"1816","36043",74.273032601772
"1817","36045",60.9183726075656
"1818","36047",0
"1819","36049",72.2004754012561
"1820","36051",36.2666842521762
"1821","36053",77.0224245776775
"1822","36055",39.3763413387839
"1823","36057",86.0037746208222
"1824","36059",12.2797714693805
"1825","36061",0.0858143607705779
"1826","36063",50.8488790925219
"1827","36065",77.8060961680589
"1828","36067",91.6549832261672
"1829","36069",71.3259123932532
"1830","36071",94.2063630566836
"1831","36073",62.6925580386201
"1832","36075",80.8583585109627
"1833","36077",71.0733627116765
"1834","36079",94.1743853630646
"1835","36081",19.2234950584007
"1836","36083",85.9102640040616
"1837","36085",0
"1838","36087",79.3129943502825
"1839","36089",40.069457887227
"1840","36091",82.1650378573096
"1841","36093",92.0049744554988
"1842","36095",79.8644349584363
"1843","36097",71.4426997698126
"1844","36099",81.3432857348911
"1845","36101",75.4069967923015
"1846","36103",5.99814543679844
"1847","36105",85.8086266312638
"1848","36107",54.6688011192424
"1849","36109",76.891433806688
"1850","36111",95.4023414776033
"1851","36113",78.0400012084957
"1852","36115",79.3166772015037
"1853","36117",80.16364309515
"1854","36119",81.74670605613
"1855","36121",57.2187765505522
"1856","36123",76.1403640176766
"1857","37001",86.4543805080353
"1858","37003",95.5801771044489
"1859","37005",70.602998928954
"1860","37007",79.9614316407274
"1861","37009",61.9935754556182
"1862","37011",89.3090392268334
"1863","37013",1.31630218037985
"1864","37015",12.4952003173344
"1865","37017",59.9510037103986
"1866","37019",26.0932727502209
"1867","37021",81.3644544911712
"1868","37023",95.0096364432764
"1869","37025",77.7823229198886
"1870","37027",93.511694170723
"1871","37029",4.31575931232092
"1872","37031",0
"1873","37033",65.8597781133066
"1874","37035",94.1359394021372
"1875","37037",91.976655550262
"1876","37039",89.2581947457219
"1877","37041",0
"1878","37043",86.4859729660801
"1879","37045",83.6862073112073
"1880","37047",71.1318658651579
"1881","37049",0
"1882","37051",75.508611479123
"1883","37053",3.43897278060979
"1884","37055",0
"1885","37057",91.043659249715
"1886","37059",92.5374458645822
"1887","37061",0.131417401145444
"1888","37063",96.0466654071415
"1889","37065",85.2914676147095
"1890","37067",92.2806825938567
"1891","37069",82.7208746156474
"1892","37071",90.6085778431524
"1893","37073",0
"1894","37075",93.5966763140697
"1895","37077",77.6268914602859
"1896","37079",50.6609776654024
"1897","37081",86.8576626712329
"1898","37083",74.7899240642948
"1899","37085",82.380923393894
"1900","37087",87.1428136264406
"1901","37089",80.7570345914309
"1902","37091",0
"1903","37093",79.6586417535034
"1904","37095",0
"1905","37097",90.6213605954961
"1906","37099",88.6972247497725
"1907","37101",88.9247266164136
"1908","37103",1.01052131011116
"1909","37105",92.3669814392706
"1910","37107",37.5996915311273
"1911","37109",89.1646819902151
"1912","37111",94.4337357011945
"1913","37113",85.9303043431171
"1914","37115",84.4426576913488
"1915","37117",52.2726263871763
"1916","37119",85.3813305827746
"1917","37121",83.5896232398833
"1918","37123",83.0812706965258
"1919","37125",85.8439843625339
"1920","37127",84.9144811858609
"1921","37129",20.7541298501729
"1922","37131",25.4248262469338
"1923","37133",0
"1924","37135",92.177886977887
"1925","37137",0
"1926","37139",0
"1927","37141",0.447217258105693
"1928","37143",0
"1929","37145",75.7820548517333
"1930","37147",30.4729677502469
"1931","37149",85.9505488020772
"1932","37151",84.2026015680684
"1933","37153",78.3089917297202
"1934","37155",70.0905693950178
"1935","37157",81.409608960503
"1936","37159",88.5043796012682
"1937","37161",82.2429386944651
"1938","37163",0.866817155756208
"1939","37165",61.1401139850943
"1940","37167",79.9298574904414
"1941","37169",80.884116993706
"1942","37171",91.7530546961036
"1943","37173",90.6642518371814
"1944","37175",80.1701072881983
"1945","37177",0
"1946","37179",80.7961293160325
"1947","37181",75.0963009535785
"1948","37183",92.9753062095688
"1949","37185",76.5895210339584
"1950","37187",0
"1951","37189",84.8713040352296
"1952","37191",79.2073958228231
"1953","37193",84.1797305344648
"1954","37195",80.3611446692842
"1955","37197",94.6588862954318
"1956","37199",82.6767903675083
"1957","38001",19.693183759467
"1958","38003",30.9835592999684
"1959","38005",7.07120936687582
"1960","38007",24.3436081417484
"1961","38009",0
"1962","38011",16.7575435972889
"1963","38013",19.0490662943479
"1964","38015",39.2942724588781
"1965","38017",42.0094737680121
"1966","38019",12.8829955815731
"1967","38021",35.9346803006037
"1968","38023",5.97251217814892
"1969","38025",37.4929307128761
"1970","38027",19.7959085544433
"1971","38029",42.0687058823529
"1972","38031",19.5051564335756
"1973","38033",20.4421262495788
"1974","38035",44.1374872878041
"1975","38037",38.4257141409193
"1976","38039",40.9603863216992
"1977","38041",22.2332439678284
"1978","38043",9.91800251453717
"1979","38045",22.5865349343376
"1980","38047",9.88218918768443
"1981","38049",0.328852241772804
"1982","38051",15.2060787865067
"1983","38053",30.2622002224037
"1984","38055",41.7516049084205
"1985","38057",49.9216654011643
"1986","38059",51.9874254789605
"1987","38061",24.3445596230518
"1988","38063",21.4714839501353
"1989","38065",60.8996458541843
"1990","38067",32.5695713281799
"1991","38069",4.28447715392817
"1992","38071",0.00805247093967141
"1993","38073",46.7732472865943
"1994","38075",22.612259691144
"1995","38077",64.2292989907649
"1996","38079",2.67868164794008
"1997","38081",46.1436038961039
"1998","38083",4.99406578026592
"1999","38085",37.5532822675216
"2000","38087",17.5901820951326
"2001","38089",38.5404372388013
"2002","38091",37.4666351904312
"2003","38093",12.3606344540388
"2004","38095",0
"2005","38097",50.3157963489109
"2006","38099",35.9929954318034
"2007","38101",20.651303538175
"2008","38103",8.04772603337332
"2009","38105",24.4833270004324
"2010","39001",88.7157258064516
"2011","39003",70.315003112679
"2012","39005",45.0449690096268
"2013","39007",86.7114771095869
"2014","39009",69.3107113202325
"2015","39011",61.4082090074946
"2016","39013",64.5989182442272
"2017","39015",96.2168626555543
"2018","39017",90.2084879683946
"2019","39019",47.4798222096797
"2020","39021",81.7687119376596
"2021","39023",88.8097837497376
"2022","39025",98.0099712485471
"2023","39027",86.2843786255374
"2024","39029",82.0825963360708
"2025","39031",43.6409900302564
"2026","39033",80.0880050328533
"2027","39035",64.523056001978
"2028","39037",75.7543769068294
"2029","39039",76.5766512639304
"2030","39041",96.7596136097951
"2031","39043",98.1350790171877
"2032","39045",56.1825225524379
"2033","39047",64.4224680262703
"2034","39049",78.4295183842569
"2035","39051",75.4237417035398
"2036","39053",90.2095647501343
"2037","39055",95.822994210091
"2038","39057",89.0175082809437
"2039","39059",60.760856823147
"2040","39061",86.4798662298662
"2041","39063",77.6791666666667
"2042","39065",83.037674919268
"2043","39067",52.4642318761135
"2044","39069",79.6325777896996
"2045","39071",78.9376041193397
"2046","39073",64.566757493188
"2047","39075",35.7540493892724
"2048","39077",96.6095622054398
"2049","39079",81.3844561661214
"2050","39081",87.7470886422798
"2051","39083",44.6354017121285
"2052","39085",98.5607267297163
"2053","39087",90.4949215143121
"2054","39089",68.0260388945752
"2055","39091",85.8787294316195
"2056","39093",97.6877074510702
"2057","39095",80.000245740498
"2058","39097",58.6864294330519
"2059","39099",91.9776233035419
"2060","39101",89.4820930880714
"2061","39103",78.7867740003992
"2062","39105",82.4788997984264
"2063","39107",38.3358501783591
"2064","39109",93.2158560043968
"2065","39111",63.9101082144614
"2066","39113",92.1970174587779
"2067","39115",60.8882513843485
"2068","39117",77.7791364421416
"2069","39119",53.3055997321503
"2070","39121",69.5917913043478
"2071","39123",92.4452108132161
"2072","39125",76.7088148347218
"2073","39127",60.1121877985533
"2074","39129",65.4782777777778
"2075","39131",81.6078878955044
"2076","39133",93.252890254119
"2077","39135",81.6777301220719
"2078","39137",72.2192584844259
"2079","39139",53.5295541544697
"2080","39141",73.2383834281072
"2081","39143",84.8870106761566
"2082","39145",88.6391729048749
"2083","39147",79.7971789387921
"2084","39149",86.2693494207171
"2085","39151",41.1009792515028
"2086","39153",42.3379102478232
"2087","39155",92.1836752741422
"2088","39157",39.0546717233906
"2089","39159",80.8031836050783
"2090","39161",70.3112482853224
"2091","39163",79.0312584757255
"2092","39165",95.0610665929815
"2093","39167",68.89543374978
"2094","39169",34.1077856420627
"2095","39171",74.069309564986
"2096","39173",87.0906492445896
"2097","39175",74.6847120563458
"2098","40001",74.6139888791337
"2099","40003",22.7602759413625
"2100","40005",43.6543455974485
"2101","40007",15.661577292928
"2102","40009",12.981185558982
"2103","40011",40.148662428023
"2104","40013",48.3021992778491
"2105","40015",47.6286836078089
"2106","40017",53.3986629353234
"2107","40019",65.0078001013
"2108","40021",77.9387999564412
"2109","40023",51.4612075045846
"2110","40025",4.0186530081798
"2111","40027",62.5442073939577
"2112","40029",30.7821728820867
"2113","40031",46.2924694884446
"2114","40033",40.2057869355546
"2115","40035",76.6242524916943
"2116","40037",56.9257376858736
"2117","40039",22.1218683294012
"2118","40041",83.5899048025007
"2119","40043",23.8612529649784
"2120","40045",18.2469093485067
"2121","40047",30.6896304555591
"2122","40049",59.8132434301521
"2123","40051",46.3433128646776
"2124","40053",33.2453925776319
"2125","40055",16.7844295654457
"2126","40057",16.2546480050136
"2127","40059",12.3335768200633
"2128","40061",63.6069036810643
"2129","40063",52.3240683336778
"2130","40065",21.1551404484556
"2131","40067",44.9890913057707
"2132","40069",67.9311392621758
"2133","40071",52.6769372748653
"2134","40073",29.7826167992048
"2135","40075",31.8504124105533
"2136","40077",60.0395377599134
"2137","40079",64.7709580314327
"2138","40081",49.6524628388225
"2139","40083",43.6092105263158
"2140","40085",65.0279539209469
"2141","40087",46.6628640776699
"2142","40089",70.4076857083691
"2143","40091",67.4654130288784
"2144","40093",23.3128452227054
"2145","40095",82.0224534141042
"2146","40097",79.8751958439845
"2147","40099",71.3174266993183
"2148","40101",57.2695189670168
"2149","40103",45.8381884387802
"2150","40105",91.0948559272868
"2151","40107",60.3037192856823
"2152","40109",57.0356960934133
"2153","40111",61.293154103111
"2154","40113",67.9444050211662
"2155","40115",73.936170212766
"2156","40117",54.5878346419449
"2157","40119",52.6829248596923
"2158","40121",66.1977393046215
"2159","40123",40.1415314125961
"2160","40125",49.2328995425694
"2161","40127",61.3066695641867
"2162","40129",19.3020401148946
"2163","40131",89.1921297211786
"2164","40133",55.2814218468171
"2165","40135",71.4412193296837
"2166","40137",54.8044967947706
"2167","40139",10.3166941467436
"2168","40141",25.6514375360184
"2169","40143",64.065469099919
"2170","40145",68.4023989718692
"2171","40147",81.1489572989076
"2172","40149",29.7723860814242
"2173","40151",15.5469281787241
"2174","40153",30.4351172606821
"2175","41001",13.8824296118053
"2176","41003",71.7765648347999
"2177","41005",87.1259528293427
"2178","41007",53.6974473979289
"2179","41009",64.1357565856647
"2180","41011",69.7045458478257
"2181","41013",26.0738447911955
"2182","41015",28.7318214666713
"2183","41017",29.2919458448154
"2184","41019",56.6090176722391
"2185","41021",14.4578518484416
"2186","41023",14.0722064070211
"2187","41025",2.31557598106665
"2188","41027",45.334864565183
"2189","41029",74.9005124083191
"2190","41031",34.2744423499843
"2191","41033",52.3735208369062
"2192","41035",32.1156712482057
"2193","41037",2.02658786286792
"2194","41039",78.5469981844103
"2195","41041",58.5897072576303
"2196","41043",84.7210762441177
"2197","41045",21.3269688113858
"2198","41047",87.267093512262
"2199","41049",13.1366541585914
"2200","41051",70.9385099558192
"2201","41053",81.5120105920182
"2202","41055",15.0432029795158
"2203","41057",55.5142878590732
"2204","41059",35.4358183734441
"2205","41061",30.2495755049076
"2206","41063",37.6148480274381
"2207","41065",22.7315092321615
"2208","41067",87.7730776680225
"2209","41069",11.6160670361746
"2210","41071",80.1922880990634
"2211","42001",97.3209104147565
"2212","42003",97.8199114876877
"2213","42005",98.6671610797983
"2214","42007",92.3555217446431
"2215","42009",80.5229185119575
"2216","42011",98.6128822592701
"2217","42013",86.069679144385
"2218","42015",66.9951758745243
"2219","42017",99.2638367199167
"2220","42019",94.0967091295117
"2221","42021",85.6384724761324
"2222","42023",74.1251148004239
"2223","42025",97.2563897763578
"2224","42027",82.3932365439094
"2225","42029",90.5111193476649
"2226","42031",97.2490191553196
"2227","42033",72.4203739365722
"2228","42035",82.0426827354612
"2229","42037",93.173698409965
"2230","42039",91.1785946825827
"2231","42041",97.4208749040675
"2232","42043",98.4325769036813
"2233","42045",38.4543169722058
"2234","42047",86.5456852791878
"2235","42049",92.4119669632413
"2236","42051",98.164916854566
"2237","42053",93.6086274509804
"2238","42055",96.313554074236
"2239","42057",91.3904303147078
"2240","42059",89.0657869107908
"2241","42061",89.33313294944
"2242","42063",95.4174086065021
"2243","42065",96.7130062138419
"2244","42067",96.6047809905525
"2245","42069",89.0557168784029
"2246","42071",98.225341231007
"2247","42073",93.5983976353454
"2248","42075",97.9229813664596
"2249","42077",98.5881591717891
"2250","42079",91.2981208262153
"2251","42081",88.5835200398307
"2252","42083",71.0676193198057
"2253","42085",92.8036369634242
"2254","42087",95.2691550729555
"2255","42089",95.6897479144824
"2256","42091",96.7718527933445
"2257","42093",94.1210055389859
"2258","42095",98.2327161415559
"2259","42097",95.6821801451071
"2260","42099",97.6146756469337
"2261","42101",57.6763485477178
"2262","42103",91.1002980625931
"2263","42105",67.4135085892764
"2264","42107",96.5486098622451
"2265","42109",94.8585369993211
"2266","42111",93.2459993234628
"2267","42113",86.7544023396179
"2268","42115",77.7340414735631
"2269","42117",77.2649141046586
"2270","42119",94.5189347018227
"2271","42121",95.5537370655893
"2272","42123",87.5192295646727
"2273","42125",91.0658862766897
"2274","42127",84.3747890967718
"2275","42129",98.1107849532507
"2276","42131",79.9580118178658
"2277","42133",97.6798801211147
"2278","44001",83.3323383084577
"2279","44003",70.1073771803489
"2280","44005",64.804076433121
"2281","44007",87.8082378969287
"2282","44009",36.6341201716738
"2283","45001",91.1573682185456
"2284","45003",82.1145247029393
"2285","45005",52.100497715961
"2286","45007",92.5233606557377
"2287","45009",21.9238102013232
"2288","45011",47.8965395301844
"2289","45013",25.0658956321291
"2290","45015",49.6078337439547
"2291","45017",63.7212268883474
"2292","45019",30.8690849134378
"2293","45021",77.8608061202805
"2294","45023",81.578631452581
"2295","45025",67.9826761202892
"2296","45027",49.9367288320725
"2297","45029",8.56232498495198
"2298","45031",70.5772539658859
"2299","45033",69.0676629306766
"2300","45035",82.7133287360851
"2301","45037",91.7100499722376
"2302","45039",80.9560252190809
"2303","45041",73.5150486456219
"2304","45043",36.6476630382118
"2305","45045",89.8850155719139
"2306","45047",85.5720009713453
"2307","45049",39.2577675489068
"2308","45051",84.3317938387461
"2309","45053",41.661002727082
"2310","45055",63.3875237732978
"2311","45057",73.8976932826363
"2312","45059",82.0260524163714
"2313","45061",53.4946994049655
"2314","45063",74.0646060110711
"2315","45065",93.6124053165642
"2316","45067",77.8589414914829
"2317","45069",80.6483242491012
"2318","45071",78.3738529117557
"2319","45073",91.0086088010364
"2320","45075",84.7316312269142
"2321","45077",93.6371074017132
"2322","45079",67.8579191130885
"2323","45081",79.1828160253674
"2324","45083",82.0264648336938
"2325","45085",51.1236070986381
"2326","45087",78.5094731094731
"2327","45089",54.0214165565301
"2328","45091",83.1588841722256
"2329","46003",51.2286921163791
"2330","46005",45.6812061867141
"2331","46007",15.2296469698045
"2332","46009",73.0623580026103
"2333","46011",70.3676064703211
"2334","46013",36.4106387822806
"2335","46015",47.0446416699907
"2336","46017",45.7550077931074
"2337","46019",18.2502856149414
"2338","46021",36.8596830728786
"2339","46023",57.9639904104897
"2340","46025",19.5139616055846
"2341","46027",85.5556228548354
"2342","46029",35.7375530076959
"2343","46031",38.1578859527121
"2344","46033",14.4113526395609
"2345","46035",60.4700193423598
"2346","46037",22.7780901049591
"2347","46039",47.5586897982607
"2348","46041",43.6851476715545
"2349","46043",52.9116940458412
"2350","46045",27.1388399843505
"2351","46047",10.0873777033986
"2352","46049",32.1938101634206
"2353","46051",35.8149936571592
"2354","46053",52.4192858670088
"2355","46055",34.9820515190732
"2356","46057",55.9397464109819
"2357","46059",40.9914586713054
"2358","46061",62.9837156704362
"2359","46063",10.9329661782944
"2360","46065",37.42287140547
"2361","46067",67.4606640638496
"2362","46069",35.956756229897
"2363","46071",20.9910340885158
"2364","46073",46.9016072750344
"2365","46075",34.0969547563805
"2366","46077",48.6606206649516
"2367","46079",68.5982243586599
"2368","46081",29.1016144349478
"2369","46083",77.5630575732462
"2370","46085",40.1304519895124
"2371","46087",64.0372285923396
"2372","46089",29.6058080129067
"2373","46091",30.4418538165878
"2374","46093",25.5315452187194
"2375","46095",25.3879693437238
"2376","46097",55.934412517221
"2377","46099",79.9698582786035
"2378","46101",78.3393310639218
"2379","46102",10.2578605375507
"2380","46103",29.5987243118663
"2381","46105",20.4247173063999
"2382","46107",35.7148093611955
"2383","46109",37.1587478622946
"2384","46111",54.1697173022843
"2385","46115",37.1755824790308
"2386","46117",42.4194984419053
"2387","46119",40.7883234714004
"2388","46121",25.7251608725566
"2389","46123",33.9248703761701
"2390","46125",76.350690802973
"2391","46127",87.6384095571377
"2392","46129",36.577865134563
"2393","46135",80.4843915343915
"2394","46137",33.7524246189884
"2395","47001",92.8913007997389
"2396","47003",93.1365523786926
"2397","47005",60.1442481299974
"2398","47007",90.9897641607303
"2399","47009",96.1863261452847
"2400","47011",90.8387425658454
"2401","47013",85.5773056057866
"2402","47015",96.221386180585
"2403","47017",48.2950004689992
"2404","47019",95.0985824220332
"2405","47021",96.1462722110277
"2406","47023",50.6813932893831
"2407","47025",89.7231004589495
"2408","47027",90.3091876629018
"2409","47029",92.4316505595117
"2410","47031",90.5758497895759
"2411","47033",56.78208386277
"2412","47035",90.0994779463148
"2413","47037",98.379290035873
"2414","47039",71.5725589362917
"2415","47041",96.5543003851091
"2416","47043",90.6941466490856
"2417","47045",61.1959336543606
"2418","47047",67.3012240341294
"2419","47049",82.385174746336
"2420","47051",92.0266438523588
"2421","47053",54.5936479805988
"2422","47055",92.6852969635534
"2423","47057",93.8135293570299
"2424","47059",87.7342080346273
"2425","47061",92.7131269011778
"2426","47063",92.763744189774
"2427","47065",97.8103971048513
"2428","47067",87.9945871097684
"2429","47069",55.0213703921404
"2430","47071",66.7885269121813
"2431","47073",90.0763685514756
"2432","47075",59.7684404636459
"2433","47077",58.3130686075136
"2434","47079",48.5812253808552
"2435","47081",72.9012169919633
"2436","47083",64.4388489208633
"2437","47085",66.6903411967197
"2438","47087",95.7748810991721
"2439","47089",95.8957680951955
"2440","47091",92.6170430257411
"2441","47093",94.1041789287816
"2442","47095",61.129153968945
"2443","47097",65.939263322884
"2444","47099",84.5110837998999
"2445","47101",70.7331006979063
"2446","47103",91.9264647859538
"2447","47105",93.8722582111604
"2448","47107",92.9360427250228
"2449","47109",54.1660507391131
"2450","47111",88.0249244020893
"2451","47113",52.029226505417
"2452","47115",95.7931337544631
"2453","47117",91.5713965478592
"2454","47119",74.2737256337513
"2455","47121",94.8769810340348
"2456","47123",93.6218617893193
"2457","47125",90.663249987058
"2458","47127",89.0220254804578
"2459","47129",88.7319648725823
"2460","47131",58.8460641694967
"2461","47133",90.3984344675896
"2462","47135",74.2152639276692
"2463","47137",88.1005487411233
"2464","47139",92.3680290297937
"2465","47141",94.0994475138122
"2466","47143",95.4269465585013
"2467","47145",93.412893104186
"2468","47147",93.7289747224191
"2469","47149",98.5638158784545
"2470","47151",80.2535768966792
"2471","47153",94.190949460774
"2472","47155",97.1552040672221
"2473","47157",76.6507484220018
"2474","47159",98.3803182289865
"2475","47161",73.0098687963491
"2476","47163",94.0129716981132
"2477","47165",96.3842883069743
"2478","47167",69.209802390534
"2479","47169",99.3152697495183
"2480","47171",90.8344910903051
"2481","47173",95.6167084568042
"2482","47175",92.1744209879074
"2483","47177",92.9478052259612
"2484","47179",90.1488744884038
"2485","47181",73.910680131589
"2486","47183",54.6498500532069
"2487","47185",94.168484308925
"2488","47187",91.6229808573219
"2489","47189",99.0866438190858
"2490","48001",53.8414293544935
"2491","48003",14.7716117662498
"2492","48005",54.1126476425992
"2493","48007",5.69534501112939
"2494","48009",67.1718046941506
"2495","48011",4.81556089447422
"2496","48013",46.5721099564506
"2497","48015",56.5987736374941
"2498","48017",7.89549396361163
"2499","48019",20.4503086964191
"2500","48021",49.7796008172246
"2501","48023",42.4350067164412
"2502","48025",7.56883374372422
"2503","48027",68.6927505550679
"2504","48029",8.7261480535198
"2505","48031",83.795636564485
"2506","48033",52.5652903346071
"2507","48035",66.6795519622705
"2508","48037",74.3954445664105
"2509","48039",28.5280103399051
"2510","48041",62.4661711454164
"2511","48043",14.2872737026833
"2512","48045",6.34092895492571
"2513","48047",0
"2514","48049",56.2517132856849
"2515","48051",52.1162462075558
"2516","48053",78.8273553719008
"2517","48055",58.5829125012883
"2518","48057",38.3615978895798
"2519","48059",45.0267366316842
"2520","48061",77.2588639602135
"2521","48063",74.8137119113573
"2522","48065",3.67296153026103
"2523","48067",83.3829612702877
"2524","48069",13.6598435054773
"2525","48071",46.5665930181175
"2526","48073",42.2974462223164
"2527","48075",13.4720612011515
"2528","48077",49.9546382399637
"2529","48079",2.80461147421932
"2530","48081",55.6654028148508
"2531","48083",50.1795237886043
"2532","48085",94.0514236739358
"2533","48087",12.3472536893026
"2534","48089",58.4419881520012
"2535","48091",78.0444727433022
"2536","48093",50.2301980933147
"2537","48095",49.2262258859522
"2538","48097",83.1334816114279
"2539","48099",77.2174156255827
"2540","48101",17.0572186670829
"2541","48103",8.55974504959358
"2542","48105",27.2334736842105
"2543","48107",17.5371913724756
"2544","48109",2.47136476060394
"2545","48111",14.4884238479952
"2546","48113",70.3185550082102
"2547","48115",33.9646834929648
"2548","48117",3.87891652265384
"2549","48119",58.7864657090836
"2550","48121",94.0843833185448
"2551","48123",34.2378493692802
"2552","48125",18.9097241658115
"2553","48127",24.563205298572
"2554","48129",9.22662000724026
"2555","48131",22.9679720323572
"2556","48133",48.4479685848059
"2557","48135",10.851563963289
"2558","48137",32.5375892928274
"2559","48139",72.4294502114571
"2560","48141",38.6215347083611
"2561","48143",55.9978565156758
"2562","48145",44.8733675288297
"2563","48147",47.4015642108556
"2564","48149",54.2691890306497
"2565","48151",40.114305334457
"2566","48153",14.2260068065797
"2567","48155",28.1221616892671
"2568","48157",43.3407847875859
"2569","48159",65.4323756800611
"2570","48161",50.0635571825297
"2571","48163",36.6842353408273
"2572","48165",23.5184484566976
"2573","48167",62.8363550899812
"2574","48169",36.2388997048295
"2575","48171",71.7877952442807
"2576","48173",30.4740854134775
"2577","48175",0
"2578","48177",63.2216639924244
"2579","48179",5.18096449775839
"2580","48181",69.1526871207982
"2581","48183",82.2387465550679
"2582","48185",76.0098321511342
"2583","48187",54.7093256701964
"2584","48189",13.2421975682187
"2585","48191",8.57330095576103
"2586","48193",63.267934051144
"2587","48195",9.5582497553816
"2588","48197",19.2981215915977
"2589","48199",83.5151001975727
"2590","48201",97.6792317956538
"2591","48203",75.8335125833513
"2592","48205",31.5027125817622
"2593","48207",37.7071428571429
"2594","48209",73.467888386749
"2595","48211",12.8904249081988
"2596","48213",72.2246458419774
"2597","48215",61.7125091180814
"2598","48217",59.6267169250978
"2599","48219",10.9865538928649
"2600","48221",57.4679602888087
"2601","48223",65.3824940474075
"2602","48225",61.5554265683329
"2603","48227",51.7795623618763
"2604","48229",0.627577160873956
"2605","48231",82.1773298462716
"2606","48233",5.30790276423787
"2607","48235",49.1266358016432
"2608","48237",73.8146256422804
"2609","48239",42.1968871084258
"2610","48241",52.3178982795137
"2611","48243",4.8784756317353
"2612","48245",79.2261758574407
"2613","48247",11.7764122893954
"2614","48249",32.8275258500535
"2615","48251",67.5591595736523
"2616","48253",44.6404734012196
"2617","48255",9.63619723571162
"2618","48257",79.4495950851717
"2619","48259",69.6042630886162
"2620","48261",0.163053980639163
"2621","48263",21.7132435465769
"2622","48265",55.875686254575
"2623","48267",37.570583472041
"2624","48269",26.8942079467341
"2625","48271",33.7470982372951
"2626","48273",4.12178036760376
"2627","48275",32.5635980785681
"2628","48277",54.2901784366414
"2629","48279",16.6784104421891
"2630","48281",56.3969851229233
"2631","48283",33.1765071590053
"2632","48285",29.1829020654444
"2633","48287",55.7379028677972
"2634","48289",60.927473558068
"2635","48291",87.9527010861764
"2636","48293",50.6459357562962
"2637","48295",19.4700501177465
"2638","48297",66.1081891941249
"2639","48299",73.1338812146646
"2640","48301",3.76301660631789
"2641","48303",20.3923180298153
"2642","48305",15.7261244802822
"2643","48307",41.8128638103729
"2644","48309",70.559956462874
"2645","48311",49.1141744737803
"2646","48313",68.6296870342772
"2647","48315",88.4719785738199
"2648","48317",37.3340198579816
"2649","48319",49.1833912124415
"2650","48321",4.6865160988127
"2651","48323",40.3181312812016
"2652","48325",28.8044922492882
"2653","48327",39.5879343689563
"2654","48329",27.9327613104524
"2655","48331",50.6435640834781
"2656","48333",53.2986072005106
"2657","48335",54.1859535884432
"2658","48337",59.7765539181848
"2659","48339",98.4868465738394
"2660","48341",38.6987344122289
"2661","48343",74.9009696045321
"2662","48345",7.98510093829969
"2663","48347",47.1409388270401
"2664","48349",66.4067238653153
"2665","48351",0.583887989446543
"2666","48353",57.1310773778366
"2667","48355",23.0632363859389
"2668","48357",12.8924892703863
"2669","48359",36.5918302307707
"2670","48361",36.6420732611597
"2671","48363",66.6518795703839
"2672","48365",65.3192954802453
"2673","48367",82.0238419197229
"2674","48369",11.9687092568448
"2675","48371",11.8886184529225
"2676","48373",78.049980962051
"2677","48375",60.0063194529247
"2678","48377",4.96644956848085
"2679","48379",78.2357493188011
"2680","48381",4.75203711050752
"2681","48383",27.3018380241241
"2682","48385",44.9077238550923
"2683","48387",57.7400063873955
"2684","48389",6.33527926622706
"2685","48391",0
"2686","48393",2.53727616031185
"2687","48395",46.5505168714648
"2688","48397",93.3708848715509
"2689","48399",66.5416899683098
"2690","48401",48.3611811307166
"2691","48403",49.3113705187067
"2692","48405",53.3114372565783
"2693","48407",94.2605441262158
"2694","48409",21.9489059822247
"2695","48411",57.5291398912506
"2696","48413",40.1253919168492
"2697","48415",42.3628496991502
"2698","48417",38.1303385296559
"2699","48419",57.6829836043452
"2700","48421",8.05802536894743
"2701","48423",65.321082426865
"2702","48425",44.2423353381253
"2703","48427",44.4768970096625
"2704","48429",50.8054673182651
"2705","48431",42.7858274916184
"2706","48433",30.2273630775817
"2707","48435",30.3335784645753
"2708","48437",12.4394100368727
"2709","48439",87.4231751370204
"2710","48441",64.9144344099189
"2711","48443",26.0472353531013
"2712","48445",13.1306834339158
"2713","48447",38.793525378916
"2714","48449",69.5244958677686
"2715","48451",57.1735301640662
"2716","48453",82.8951413670052
"2717","48455",65.0436067123611
"2718","48457",77.6874736778774
"2719","48459",75.4554864441385
"2720","48461",15.3446109889113
"2721","48463",23.8465705926969
"2722","48465",41.4834462460161
"2723","48467",77.05694462626
"2724","48469",45.1820340700399
"2725","48471",86.5219867130655
"2726","48473",81.1369341955116
"2727","48475",5.48593755262892
"2728","48477",62.5649241909934
"2729","48479",44.0619455746015
"2730","48481",42.9336557507782
"2731","48483",8.91238587106889
"2732","48485",45.2259728708028
"2733","48487",31.1416606706001
"2734","48489",51.1633696376973
"2735","48491",68.2092242665341
"2736","48493",9.29978415262498
"2737","48495",2.16704583472733
"2738","48497",86.4944173276388
"2739","48499",73.2763014197306
"2740","48501",20.8878330341745
"2741","48503",54.2299945563419
"2742","48505",52.0626863287905
"2743","48507",20.1201833672101
"2744","49001",0
"2745","49003",0.593066349878276
"2746","49005",2.96612527889067
"2747","49007",28.6579426145624
"2748","49009",24.4918186433397
"2749","49011",30.4629260293401
"2750","49013",22.9402499112408
"2751","49015",14.4331611043632
"2752","49017",11.9140703110222
"2753","49019",16.1324838234058
"2754","49021",2.22843669790485
"2755","49023",4.95194842762098
"2756","49025",19.8671023965142
"2757","49027",0
"2758","49029",71.854155150175
"2759","49031",1.04605891427312
"2760","49033",6.31514837372036
"2761","49035",62.482074219023
"2762","49037",14.3836879659099
"2763","49039",14.5885680157392
"2764","49041",7.96515945347011
"2765","49043",58.5973870489816
"2766","49045",0.366732081186115
"2767","49047",14.8223479048839
"2768","49049",58.4651913687195
"2769","49051",51.2303586827324
"2770","49053",33.889119230992
"2771","49055",11.7064809427656
"2772","49057",65.3019278341721
"2773","50001",83.2592192401534
"2774","50003",77.3873862644896
"2775","50005",65.6848142441363
"2776","50007",88.0070364990013
"2777","50009",51.7006100618419
"2778","50011",79.9589225864465
"2779","50013",88.4981181239143
"2780","50015",80.0997348439195
"2781","50017",68.5046595857242
"2782","50019",38.4097715043282
"2783","50021",78.8501102568687
"2784","50023",80.0998419709064
"2785","50025",76.0784991360158
"2786","50027",65.3602615056736
"2787","51001",0
"2788","51003",85.7779026943206
"2789","51005",71.7285982478098
"2790","51007",87.9916784424557
"2791","51009",78.6983847283407
"2792","51011",67.9836409395973
"2793","51013",99.0010764262648
"2794","51015",79.264231884058
"2795","51017",67.732757258022
"2796","51019",69.9484196027258
"2797","51021",75.2441969887077
"2798","51023",75.5228714352019
"2799","51025",61.2101986362289
"2800","51027",78.5168426344897
"2801","51029",82.4508252099218
"2802","51031",63.7284245623784
"2803","51033",26.1477713686418
"2804","51035",85.1047854785479
"2805","51036",82.0476994512453
"2806","51037",63.2317482764716
"2807","51041",87.1776044352759
"2808","51043",97.046037019459
"2809","51045",66.4497947314403
"2810","51047",89.9797043900287
"2811","51049",86.569607199775
"2812","51051",89.4998311096099
"2813","51053",72.0853225269235
"2814","51057",0.0419167983149026
"2815","51059",96.1518375918796
"2816","51061",93.2291774667358
"2817","51063",82.3960023602301
"2818","51065",87.0522806339389
"2819","51067",61.6506367159693
"2820","51069",92.5023732031462
"2821","51071",78.3159697889901
"2822","51073",20.9993196507541
"2823","51075",91.0886542001744
"2824","51077",72.0006317119393
"2825","51079",86.3898579392196
"2826","51081",32.0649449297379
"2827","51083",67.8028436662255
"2828","51085",48.2027614116527
"2829","51087",87.2220434432824
"2830","51089",81.6556141121359
"2831","51091",62.272370380398
"2832","51093",61.7209870084576
"2833","51095",74.4972953479986
"2834","51097",21.3584856847189
"2835","51099",0
"2836","51101",27.543191656828
"2837","51103",0
"2838","51105",86.060206052801
"2839","51107",99.2908256880734
"2840","51109",59.0318802143765
"2841","51111",57.5072586420155
"2842","51113",86.2101119664101
"2843","51115",0
"2844","51117",73.4749471590203
"2845","51119",0
"2846","51121",83.9543613481846
"2847","51125",73.9753519035458
"2848","51127",62.7036477987421
"2849","51131",0
"2850","51133",0
"2851","51135",78.2302074984415
"2852","51137",81.6181818181818
"2853","51139",86.5239679827323
"2854","51141",80.9878847603038
"2855","51143",63.7523096848467
"2856","51145",92.7938177524954
"2857","51147",71.8787709941893
"2858","51149",84.1064403394908
"2859","51153",78.740488125565
"2860","51155",85.1127241673783
"2861","51157",85.4672631578947
"2862","51159",0
"2863","51161",79.6592484902706
"2864","51163",81.6074042792793
"2865","51165",80.8080218838574
"2866","51167",81.4220568255656
"2867","51169",84.7086597722762
"2868","51171",88.7997141914917
"2869","51173",82.3975251834349
"2870","51175",51.5074222761647
"2871","51177",50.9702506282687
"2872","51179",35.8284214775939
"2873","51181",87.9289259479849
"2874","51183",78.7908597543559
"2875","51185",79.0783517435564
"2876","51187",93.7195500387898
"2877","51191",85.3712042145023
"2878","51193",0
"2879","51195",85.8977241187899
"2880","51197",84.4963371072229
"2881","51199",62.3988713318284
"2882","51510",94.6875
"2883","51520",92.1776315789474
"2884","51530",85
"2885","51540",87
"2886","51550",65.2029996791787
"2887","51570",92.4618181818182
"2888","51580",74.8383838383838
"2889","51590",69.859344894027
"2890","51595",4.06854838709677
"2891","51600",92.4464285714286
"2892","51610",95.2285714285714
"2893","51620",47.4932432432432
"2894","51630",79.8216216216216
"2895","51640",81.7380952380952
"2896","51650",37.1061692969871
"2897","51660",87.3664495114006
"2898","51670",81.1469072164948
"2899","51678",85
"2900","51680",86.7252124645892
"2901","51683",98
"2902","51685",98
"2903","51690",85.501272264631
"2904","51700",63.383785942492
"2905","51710",49.8619436875568
"2906","51720",84.0150943396226
"2907","51730",96.0539877300614
"2908","51735",69.6574585635359
"2909","51740",61.2702508960573
"2910","51750",91.8816901408451
"2911","51760",93.537803780378
"2912","51770",83.0475247524752
"2913","51775",90.7615384615385
"2914","51790",77.5881523272214
"2915","51800",37.7733820247515
"2916","51810",37.1847806131816
"2917","51820",85
"2918","51830",87.0743034055727
"2919","51840",93.0795107033639
"2920","53001",25.3879658668223
"2921","53003",44.6829986377818
"2922","53005",32.3191196698762
"2923","53007",57.8710532499883
"2924","53009",20.2537815659572
"2925","53011",74.361598900863
"2926","53013",48.6757767178033
"2927","53015",83.663690548008
"2928","53017",23.568588045431
"2929","53019",23.2423800259403
"2930","53021",24.8534149054505
"2931","53023",49.7489321681884
"2932","53025",24.1605594320978
"2933","53027",8.30574619053158
"2934","53029",0
"2935","53031",11.0176861743066
"2936","53033",42.1295468557337
"2937","53035",12.3705264522822
"2938","53037",55.4077234055391
"2939","53039",27.2175377931463
"2940","53041",66.2707486136784
"2941","53043",22.05579079055
"2942","53045",10.0291117542923
"2943","53047",24.6387548275332
"2944","53049",36.2398736252273
"2945","53051",35.0740236148956
"2946","53053",24.6871862002684
"2947","53055",0
"2948","53057",78.6581436357807
"2949","53059",66.038667578979
"2950","53061",59.1122589072684
"2951","53063",19.0118204804046
"2952","53065",32.5349048553158
"2953","53067",4.70094046208531
"2954","53069",43.705924267101
"2955","53071",42.5251761135797
"2956","53073",67.1375866418716
"2957","53075",44.3981829695395
"2958","53077",54.6409703856075
"2959","54001",93.8775342690634
"2960","54003",96.8871969895861
"2961","54005",75.7979656849047
"2962","54007",79.9151442438785
"2963","54009",86.8198417528911
"2964","54011",94.0256209661647
"2965","54013",77.1668337677963
"2966","54015",91.4206388206388
"2967","54017",65.4469430780042
"2968","54019",77.4546449928409
"2969","54021",74.7963269358041
"2970","54023",76.0455104551045
"2971","54025",67.141907665266
"2972","54027",84.9318310843268
"2973","54029",91.4081176094599
"2974","54031",77.7310952702052
"2975","54033",94.7667409960132
"2976","54035",80.5039388875627
"2977","54037",98.2607251959091
"2978","54039",82.2641614388578
"2979","54041",86.3643774347136
"2980","54043",87.8045069337442
"2981","54045",86.4995366652252
"2982","54047",67.9597431984424
"2983","54049",96.599765258216
"2984","54051",60.7173011004871
"2985","54053",90.1328649196101
"2986","54055",80.324051141308
"2987","54057",83.1968194254446
"2988","54059",83.717420212766
"2989","54061",96.985914408867
"2990","54063",72.7490641155149
"2991","54065",94.419509202454
"2992","54067",76.5559809024044
"2993","54069",78.1661935483871
"2994","54071",69.3688389150848
"2995","54073",69.0879028882377
"2996","54075",69.4972649828127
"2997","54077",95.2536952199844
"2998","54079",85.1220001605265
"2999","54081",77.137241315595
"3000","54083",87.9489851150203
"3001","54085",74.8000992987029
"3002","54087",80.2746798603027
"3003","54089",77.3636154905863
"3004","54091",95.7589686098655
"3005","54093",87.8367647058824
"3006","54095",64.4118155308349
"3007","54097",89.6768142437008
"3008","54099",88.4381559426342
"3009","54101",82.843764229699
"3010","54103",60.748188546942
"3011","54105",80.3338126048406
"3012","54107",79.7996412824154
"3013","54109",82.3267182419554
"3014","55001",32.1170931422723
"3015","55003",6.49917756038438
"3016","55005",19.533362862657
"3017","55007",7.79860695026962
"3018","55009",24.3525168491997
"3019","55011",32.3805407977163
"3020","55013",13.9411651851378
"3021","55015",73.5296952515946
"3022","55017",20.0822047414376
"3023","55019",23.911448830173
"3024","55021",45.7984087694484
"3025","55023",50.3597520893981
"3026","55025",44.3052667500853
"3027","55027",39.8456000992925
"3028","55029",48.7690215819013
"3029","55031",44.7930758707776
"3030","55033",24.8498501433412
"3031","55035",21.4023209144054
"3032","55037",54.7209302325581
"3033","55039",79.6192751598912
"3034","55041",48.9711065077614
"3035","55043",61.811124592582
"3036","55045",51.3345528063926
"3037","55047",83.5582222222222
"3038","55049",40.5538619375641
"3039","55051",4.39040134717934
"3040","55053",28.8161595140334
"3041","55055",47.0810027532242
"3042","55057",25.4190323031744
"3043","55059",93.637172616038
"3044","55061",86.9656979124028
"3045","55063",39.7309090909091
"3046","55065",51.9547531384465
"3047","55067",34.0121444652313
"3048","55069",13.2477653631285
"3049","55071",82.9556459239644
"3050","55073",20.945847021854
"3051","55075",71.6952532829327
"3052","55077",84.4333737129013
"3053","55078",53.496915484269
"3054","55079",98.667287326894
"3055","55081",31.0356533870718
"3056","55083",9.73397009966777
"3057","55085",11.4652649782693
"3058","55087",49.7991703056769
"3059","55089",96.9005392450569
"3060","55091",30.0974835638177
"3061","55093",29.15059326056
"3062","55095",17.4974838880551
"3063","55097",38.6318940741754
"3064","55099",11.9295312362323
"3065","55101",86.7479728611617
"3066","55103",42.1039308401395
"3067","55105",56.8614889741503
"3068","55107",16.5003476525893
"3069","55109",23.0923059238256
"3070","55111",32.534645591013
"3071","55113",13.2563835330902
"3072","55115",63.6422447147677
"3073","55117",87.2763329706202
"3074","55119",18.8602470265325
"3075","55121",32.2184950480021
"3076","55123",40.5651934082604
"3077","55125",13.5551683124499
"3078","55127",64.6847295450107
"3079","55129",11.7484334806411
"3080","55131",73.8915600361897
"3081","55133",63.9573859504533
"3082","55135",82.464501177163
"3083","55137",73.2019256249448
"3084","55139",90.5106776280586
"3085","55141",23.3216012242201
"3086","56001",20.3372224436068
"3087","56003",20.8387007663518
"3088","56005",8.78263695722191
"3089","56007",33.8721333375743
"3090","56009",15.5770873068775
"3091","56011",12.280701409696
"3092","56013",33.8609820926806
"3093","56015",5.21565932333766
"3094","56017",25.8023569023569
"3095","56019",14.5772646057378
"3096","56021",11.2172583516599
"3097","56023",20.17900865417
"3098","56025",26.1375531447002
"3099","56027",5.15357510067689
"3100","56029",44.7552951160864
"3101","56031",4.64542326772284
"3102","56033",25.0313749958219
"3103","56035",40.1089669016173
"3104","56037",15.868797085274
"3105","56039",32.5299350645017
"3106","56041",28.0542959588062
"3107","56043",15.2079871482718
"3108","56045",6.45198137658469
