fips,state,rpl_themes,e_pop
1001,ALABAMA,0.4354,55200
1003,ALABAMA,0.2162,208107
1005,ALABAMA,0.9959,25782
1007,ALABAMA,0.6003,22527
1009,ALABAMA,0.4242,57645
1011,ALABAMA,0.8898,10352
1013,ALABAMA,0.8653,20025
1015,ALABAMA,0.8252,115098
1017,ALABAMA,0.7382,33826
1019,ALABAMA,0.4516,25853
1021,ALABAMA,0.7602,43930
1023,ALABAMA,0.8748,13075
1025,ALABAMA,0.8471,24387
1027,ALABAMA,0.564,13378
1029,ALABAMA,0.5417,14938
1031,ALABAMA,0.5408,51288
1033,ALABAMA,0.4274,54495
1035,ALABAMA,0.8086,12514
1037,ALABAMA,0.5261,10855
1039,ALABAMA,0.7723,37351
1041,ALABAMA,0.6873,13865
1043,ALABAMA,0.5182,82313
1045,ALABAMA,0.7599,49255
1047,ALABAMA,0.949,40029
1049,ALABAMA,0.8022,71200
1051,ALABAMA,0.5401,81212
1053,ALABAMA,0.8557,37328
1055,ALABAMA,0.6564,102939
1057,ALABAMA,0.7038,16585
1059,ALABAMA,0.8417,31542
1061,ALABAMA,0.7955,26491
1063,ALABAMA,0.9854,8426
1065,ALABAMA,0.9599,14887
1067,ALABAMA,0.5519,17124
1069,ALABAMA,0.6838,104352
1071,ALABAMA,0.5726,52094
1073,ALABAMA,0.6621,659892
1075,ALABAMA,0.6264,13933
1077,ALABAMA,0.4468,92585
1079,ALABAMA,0.4952,33171
1081,ALABAMA,0.6602,159287
1083,ALABAMA,0.5296,93052
1085,ALABAMA,0.9188,10236
1087,ALABAMA,0.8971,19054
1089,ALABAMA,0.3076,357560
1091,ALABAMA,0.7621,19538
1093,ALABAMA,0.671,29965
1095,ALABAMA,0.7261,95145
1097,ALABAMA,0.7532,414659
1099,ALABAMA,0.7481,21512
1101,ALABAMA,0.8427,226941
1103,ALABAMA,0.6895,119122
1105,ALABAMA,0.9949,9486
1107,ALABAMA,0.9207,20298
1109,ALABAMA,0.9016,33403
1111,ALABAMA,0.7191,22574
1113,ALABAMA,0.9115,58213
1115,ALABAMA,0.3656,87306
1117,ALABAMA,0.1169,211261
1119,ALABAMA,0.9557,12985
1121,ALABAMA,0.8736,80565
1123,ALABAMA,0.8863,40636
1125,ALABAMA,0.6255,206213
1127,ALABAMA,0.7452,64493
1129,ALABAMA,0.7303,16643
1131,ALABAMA,0.928,10809
1133,ALABAMA,0.7025,23875
2013,ALASKA,0.5803,3425
2016,ALASKA,0.4927,5750
2020,ALASKA,0.4602,296112
2050,ALASKA,0.9748,18040
2060,ALASKA,0.3525,890
2068,ALASKA,0.101,2232
2070,ALASKA,0.8682,4975
2090,ALASKA,0.3446,99653
2100,ALASKA,0.207,2518
2105,ALASKA,0.4178,2132
2110,ALASKA,0.2987,32330
2122,ALASKA,0.4073,58220
2130,ALASKA,0.5548,13804
2150,ALASKA,0.7006,13649
2158,ALASKA,0.9334,8198
2164,ALASKA,0.7978,1375
2170,ALASKA,0.3172,103464
2180,ALASKA,0.9299,9925
2185,ALASKA,0.7344,9797
2188,ALASKA,0.9354,7734
2195,ALASKA,0.665,3255
2198,ALASKA,0.7662,6474
2220,ALASKA,0.4022,8738
2230,ALASKA,0.1685,1061
2240,ALASKA,0.5838,6876
2261,ALASKA,0.2704,9301
2275,ALASKA,0.5618,2484
2282,ALASKA,0.5873,689
2290,ALASKA,0.8812,5415
4001,ARIZONA,0.9885,71522
4003,ARIZONA,0.9064,126279
4005,ARIZONA,0.7131,140217
4007,ARIZONA,0.899,53400
4009,ARIZONA,0.964,37879
4011,ARIZONA,0.6188,9504
4012,ARIZONA,0.9236,20701
4013,ARIZONA,0.6354,4253913
4015,ARIZONA,0.8624,206064
4017,ARIZONA,0.9955,108705
4019,ARIZONA,0.8828,1019722
4021,ARIZONA,0.8592,419721
4023,ARIZONA,0.9318,46584
4025,ARIZONA,0.521,224645
4027,ARIZONA,0.9895,207829
5001,ARKANSAS,0.7787,18124
5003,ARKANSAS,0.8576,20537
5005,ARKANSAS,0.2793,41219
5007,ARKANSAS,0.2707,258980
5009,ARKANSAS,0.4379,37288
5011,ARKANSAS,0.9803,10948
5013,ARKANSAS,0.5481,5202
5015,ARKANSAS,0.5952,27887
5017,ARKANSAS,0.9968,10826
5019,ARKANSAS,0.7892,22385
5021,ARKANSAS,0.6529,15061
5023,ARKANSAS,0.2083,25230
5025,ARKANSAS,0.5643,8226
5027,ARKANSAS,0.9398,23892
5029,ARKANSAS,0.7589,20906
5031,ARKANSAS,0.8041,105701
5033,ARKANSAS,0.6105,62472
5035,ARKANSAS,0.9341,49013
5037,ARKANSAS,0.7013,16998
5039,ARKANSAS,0.8777,7432
5041,ARKANSAS,0.9596,11887
5043,ARKANSAS,0.801,18502
5045,ARKANSAS,0.4774,122416
5047,ARKANSAS,0.5943,17780
5049,ARKANSAS,0.6688,12139
5051,ARKANSAS,0.828,98296
5053,ARKANSAS,0.3541,18086
5055,ARKANSAS,0.5834,44623
5057,ARKANSAS,0.9468,22018
5059,ARKANSAS,0.8188,33520
5061,ARKANSAS,0.9045,13389
5063,ARKANSAS,0.7525,37264
5065,ARKANSAS,0.5697,13559
5067,ARKANSAS,0.765,17225
5069,ARKANSAS,0.9436,70424
5071,ARKANSAS,0.8768,26291
5073,ARKANSAS,0.7898,6915
5075,ARKANSAS,0.6471,16669
5077,ARKANSAS,0.9656,9398
5079,ARKANSAS,0.8134,13695
5081,ARKANSAS,0.6306,12417
5083,ARKANSAS,0.8045,21757
5085,ARKANSAS,0.3309,72206
5087,ARKANSAS,0.6535,16076
5089,ARKANSAS,0.5175,16438
5091,ARKANSAS,0.9124,43759
5093,ARKANSAS,0.9554,42831
5095,ARKANSAS,0.8516,7249
5097,ARKANSAS,0.7,8993
5099,ARKANSAS,0.8841,8440
5101,ARKANSAS,0.2815,7848
5103,ARKANSAS,0.8656,24106
5105,ARKANSAS,0.636,10322
5107,ARKANSAS,0.9239,19034
5109,ARKANSAS,0.7124,10808
5111,ARKANSAS,0.8268,24054
5113,ARKANSAS,0.8949,20163
5115,ARKANSAS,0.7936,63644
5117,ARKANSAS,0.6548,8244
5119,ARKANSAS,0.6287,393463
5121,ARKANSAS,0.7166,17603
5123,ARKANSAS,0.9691,26294
5125,ARKANSAS,0.3325,118009
5127,ARKANSAS,0.8873,10442
5129,ARKANSAS,0.4376,7923
5131,ARKANSAS,0.8328,127461
5133,ARKANSAS,0.7675,17193
5135,ARKANSAS,0.6191,17043
5137,ARKANSAS,0.5102,12446
5139,ARKANSAS,0.8054,39732
5141,ARKANSAS,0.7226,16684
5143,ARKANSAS,0.6745,228529
5145,ARKANSAS,0.7446,78804
5147,ARKANSAS,0.849,6660
5149,ARKANSAS,0.8783,21573
6001,CALIFORNIA,0.4701,1643700
6003,CALIFORNIA,0.7287,1146
6005,CALIFORNIA,0.5334,37829
6007,CALIFORNIA,0.8064,227075
6009,CALIFORNIA,0.235,45235
6011,CALIFORNIA,0.7436,21464
6013,CALIFORNIA,0.4057,1133247
6015,CALIFORNIA,0.9713,27424
6017,CALIFORNIA,0.1838,186661
6019,CALIFORNIA,0.9611,978130
6021,CALIFORNIA,0.8895,27897
6023,CALIFORNIA,0.7605,135768
6025,CALIFORNIA,0.9978,180216
6027,CALIFORNIA,0.5701,18085
6029,CALIFORNIA,0.9659,883053
6031,CALIFORNIA,0.9707,150075
6033,CALIFORNIA,0.9178,64148
6035,CALIFORNIA,0.5997,31185
6037,CALIFORNIA,0.7682,10098052
6039,CALIFORNIA,0.9541,155013
6041,CALIFORNIA,0.2701,260295
6043,CALIFORNIA,0.5293,17540
6045,CALIFORNIA,0.8818,87422
6047,CALIFORNIA,0.9717,269075
6049,CALIFORNIA,0.7516,8938
6051,CALIFORNIA,0.1408,14174
6053,CALIFORNIA,0.799,433212
6055,CALIFORNIA,0.5051,140530
6057,CALIFORNIA,0.2045,99092
6059,CALIFORNIA,0.4191,3164182
6061,CALIFORNIA,0.1519,380077
6063,CALIFORNIA,0.2653,18699
6065,CALIFORNIA,0.7939,2383286
6067,CALIFORNIA,0.7338,1510023
6069,CALIFORNIA,0.5245,59416
6071,CALIFORNIA,0.901,2135413
6073,CALIFORNIA,0.5596,3302833
6075,CALIFORNIA,0.3911,870044
6077,CALIFORNIA,0.8892,732212
6079,CALIFORNIA,0.3739,281455
6081,CALIFORNIA,0.265,765935
6083,CALIFORNIA,0.7111,443738
6085,CALIFORNIA,0.3557,1922200
6087,CALIFORNIA,0.543,273765
6089,CALIFORNIA,0.7022,179085
6091,CALIFORNIA,0.0452,2930
6093,CALIFORNIA,0.7223,43540
6095,CALIFORNIA,0.5911,438530
6097,CALIFORNIA,0.4035,501317
6099,CALIFORNIA,0.8675,539301
6101,CALIFORNIA,0.8822,95872
6103,CALIFORNIA,0.9624,63373
6105,CALIFORNIA,0.7411,12862
6107,CALIFORNIA,0.9417,460477
6109,CALIFORNIA,0.4688,53932
6111,CALIFORNIA,0.4828,848112
6113,CALIFORNIA,0.6768,214977
6115,CALIFORNIA,0.942,75493
8001,COLORADO,0.5892,497115
8003,COLORADO,0.9452,16444
8005,COLORADO,0.2662,636671
8007,COLORADO,0.257,12908
8009,COLORADO,0.6086,3563
8011,COLORADO,0.8981,5809
8013,COLORADO,0.1704,321030
8014,COLORADO,0.049,66120
8015,COLORADO,0.2389,19164
8017,COLORADO,0.2589,2039
8019,COLORADO,0.0197,9379
8021,COLORADO,0.9325,8142
8023,COLORADO,0.9379,3687
8025,COLORADO,0.893,5630
8027,COLORADO,0.2433,4640
8029,COLORADO,0.6866,30346
8031,COLORADO,0.4197,693417
8033,COLORADO,0.1516,1841
8035,COLORADO,0.015,328614
8037,COLORADO,0.1369,54357
8039,COLORADO,0.0001,25162
8041,COLORADO,0.3927,688153
8043,COLORADO,0.6525,47002
8045,COLORADO,0.351,58538
8047,COLORADO,0.0022,5924
8049,COLORADO,0.0987,15066
8051,COLORADO,0.1392,16537
8053,COLORADO,0.0624,878
8055,COLORADO,0.5955,6583
8057,COLORADO,0.1137,1296
8059,COLORADO,0.0627,570427
8061,COLORADO,0.3188,1449
8063,COLORADO,0.5153,7635
8065,COLORADO,0.4452,7585
8067,COLORADO,0.1086,55101
8069,COLORADO,0.1194,338161
8071,COLORADO,0.8373,14179
8073,COLORADO,0.4857,5548
8075,COLORADO,0.628,21689
8077,COLORADO,0.5755,149998
8079,COLORADO,0.0261,823
8081,COLORADO,0.5471,13060
8083,COLORADO,0.4946,25909
8085,COLORADO,0.7153,41268
8087,COLORADO,0.7414,28257
8089,COLORADO,0.9561,18325
8091,COLORADO,0.0239,4722
8093,COLORADO,0.0006,17392
8095,COLORADO,0.2955,4318
8097,COLORADO,0.0656,17909
8099,COLORADO,0.9392,12052
8101,COLORADO,0.8669,164685
8103,COLORADO,0.3401,6465
8105,COLORADO,0.9586,11351
8107,COLORADO,0.0634,24874
8109,COLORADO,0.807,6468
8111,COLORADO,0.1283,544
8113,COLORADO,0.0331,7968
8115,COLORADO,0.6936,2350
8117,COLORADO,0.0707,30429
8119,COLORADO,0.0729,24113
8121,COLORADO,0.2822,4840
8123,COLORADO,0.3994,295123
8125,COLORADO,0.5637,10069
9001,CONNECTICUT,0.4497,944348
9003,CONNECTICUT,0.515,894730
9005,CONNECTICUT,0.0818,183031
9007,CONNECTICUT,0.1182,163368
9009,CONNECTICUT,0.5223,859339
9011,CONNECTICUT,0.3561,268881
9013,CONNECTICUT,0.0694,151269
9015,CONNECTICUT,0.4232,116538
10001,DELAWARE,0.7268,174822
10003,DELAWARE,0.3761,555133
10005,DELAWARE,0.4019,219540
11001,DISTRICT OF COLUMBIA,0.5965,684498
12001,FLORIDA,0.4729,263148
12003,FLORIDA,0.6803,27785
12005,FLORIDA,0.6076,182482
12007,FLORIDA,0.9264,26979
12009,FLORIDA,0.3713,576808
12011,FLORIDA,0.5844,1909151
12013,FLORIDA,0.8401,14444
12015,FLORIDA,0.4889,176954
12017,FLORIDA,0.6022,143087
12019,FLORIDA,0.3803,207291
12021,FLORIDA,0.4618,363922
12023,FLORIDA,0.8596,69105
12027,FLORIDA,0.9618,36399
12029,FLORIDA,0.8994,16437
12031,FLORIDA,0.692,924229
12033,FLORIDA,0.4863,311522
12035,FLORIDA,0.2799,107139
12037,FLORIDA,0.8083,11736
12039,FLORIDA,0.9901,46017
12041,FLORIDA,0.7567,17615
12043,FLORIDA,0.9048,13363
12045,FLORIDA,0.592,16055
12047,FLORIDA,0.9908,14269
12049,FLORIDA,0.9831,27228
12051,FLORIDA,0.9939,40127
12053,FLORIDA,0.549,182696
12055,FLORIDA,0.8729,102101
12057,FLORIDA,0.6701,1378883
12059,FLORIDA,0.9347,19430
12061,FLORIDA,0.3962,150984
12063,FLORIDA,0.9583,48472
12065,FLORIDA,0.5748,14105
12067,FLORIDA,0.9806,8744
12069,FLORIDA,0.6029,335362
12071,FLORIDA,0.5525,718679
12073,FLORIDA,0.4943,288102
12075,FLORIDA,0.7793,39961
12077,FLORIDA,0.8334,8365
12079,FLORIDA,0.9608,18474
12081,FLORIDA,0.5197,373853
12083,FLORIDA,0.7535,348371
12085,FLORIDA,0.399,157581
12086,FLORIDA,0.8175,2715516
12087,FLORIDA,0.4557,76325
12089,FLORIDA,0.2459,80578
12091,FLORIDA,0.386,200737
12093,FLORIDA,0.9465,40572
12095,FLORIDA,0.6691,1321194
12097,FLORIDA,0.8178,338619
12099,FLORIDA,0.5592,1446277
12101,FLORIDA,0.6344,510593
12103,FLORIDA,0.5169,957875
12105,FLORIDA,0.9035,668671
12107,FLORIDA,0.9525,72766
12109,FLORIDA,0.0761,235503
12111,FLORIDA,0.7185,305591
12113,FLORIDA,0.3096,170442
12115,FLORIDA,0.2538,412144
12117,FLORIDA,0.1844,455086
12119,FLORIDA,0.236,120999
12121,FLORIDA,0.9424,43924
12123,FLORIDA,0.8984,22098
12125,FLORIDA,0.8382,15239
12127,FLORIDA,0.5347,527634
12129,FLORIDA,0.4032,31877
12131,FLORIDA,0.5822,65858
12133,FLORIDA,0.8939,24566
13001,GEORGIA,0.9669,18454
13003,GEORGIA,0.9615,8265
13005,GEORGIA,0.9389,11228
13007,GEORGIA,0.7424,3189
13009,GEORGIA,0.8666,45286
13011,GEORGIA,0.5586,18510
13013,GEORGIA,0.4204,76887
13015,GEORGIA,0.5914,103620
13017,GEORGIA,0.8726,17154
13019,GEORGIA,0.85,19025
13021,GEORGIA,0.9175,153490
13023,GEORGIA,0.7395,12775
13025,GEORGIA,0.6229,18561
13027,GEORGIA,0.8398,15622
13029,GEORGIA,0.3389,35885
13031,GEORGIA,0.8121,74782
13033,GEORGIA,0.8455,22550
13035,GEORGIA,0.7653,23750
13037,GEORGIA,0.9774,6428
13039,GEORGIA,0.5159,52714
13043,GEORGIA,0.9828,10827
13045,GEORGIA,0.7825,116022
13047,GEORGIA,0.1318,66299
13049,GEORGIA,0.8752,12983
13051,GEORGIA,0.6949,287049
13053,GEORGIA,0.6379,10767
13055,GEORGIA,0.9252,24817
13057,GEORGIA,0.1185,241910
13059,GEORGIA,0.7675,124602
13061,GEORGIA,0.9309,3001
13063,GEORGIA,0.9102,278666
13065,GEORGIA,0.9777,6743
13067,GEORGIA,0.2669,745057
13069,GEORGIA,0.9506,42961
13071,GEORGIA,0.9812,45606
13073,GEORGIA,0.1334,147295
13075,GEORGIA,0.851,17184
13077,GEORGIA,0.2427,140516
13079,GEORGIA,0.6815,12344
13081,GEORGIA,0.9857,22846
13083,GEORGIA,0.5156,16227
13085,GEORGIA,0.1038,23861
13087,GEORGIA,0.9455,26833
13089,GEORGIA,0.6611,743187
13091,GEORGIA,0.9223,20919
13093,GEORGIA,0.9484,13905
13095,GEORGIA,0.9513,91049
13097,GEORGIA,0.5404,141840
13099,GEORGIA,0.9201,10348
13101,GEORGIA,0.6615,3994
13103,GEORGIA,0.2363,58689
13105,GEORGIA,0.8338,19212
13107,GEORGIA,0.9768,22499
13109,GEORGIA,0.9847,10727
13111,GEORGIA,0.3003,24925
13113,GEORGIA,0.0608,111369
13115,GEORGIA,0.8854,96824
13117,GEORGIA,0.0373,219880
13119,GEORGIA,0.8462,22514
13121,GEORGIA,0.5268,1021902
13123,GEORGIA,0.5599,29922
13125,GEORGIA,0.686,3009
13127,GEORGIA,0.7159,83974
13129,GEORGIA,0.8806,56790
13131,GEORGIA,0.9258,24926
13133,GEORGIA,0.5379,16976
13135,GEORGIA,0.4347,902298
13137,GEORGIA,0.7146,44289
13139,GEORGIA,0.6618,195961
13141,GEORGIA,0.7984,8535
13143,GEORGIA,0.5427,28956
13145,GEORGIA,0.1341,33590
13147,GEORGIA,0.7194,25631
13149,GEORGIA,0.7232,11677
13151,GEORGIA,0.3137,221307
13153,GEORGIA,0.5669,151682
13155,GEORGIA,0.8408,9268
13157,GEORGIA,0.3516,65755
13159,GEORGIA,0.6927,13784
13161,GEORGIA,0.9373,14991
13163,GEORGIA,0.9439,15772
13165,GEORGIA,0.8283,8827
13167,GEORGIA,0.9061,9730
13169,GEORGIA,0.3793,28548
13171,GEORGIA,0.4917,18513
13173,GEORGIA,0.8697,10366
13175,GEORGIA,0.8013,47418
13177,GEORGIA,0.3519,29348
13179,GEORGIA,0.8882,62108
13181,GEORGIA,0.5564,7799
13183,GEORGIA,0.8271,18156
13185,GEORGIA,0.8662,114582
13187,GEORGIA,0.4338,31951
13189,GEORGIA,0.9376,21498
13191,GEORGIA,0.5863,14120
13193,GEORGIA,0.9312,13480
13195,GEORGIA,0.6417,28900
13197,GEORGIA,0.8519,8484
13199,GEORGIA,0.8701,21113
13201,GEORGIA,0.7799,5836
13205,GEORGIA,0.9879,22432
13207,GEORGIA,0.4596,27010
13209,GEORGIA,0.8465,9036
13211,GEORGIA,0.2446,18235
13213,GEORGIA,0.7134,39557
13215,GEORGIA,0.9003,196670
13217,GEORGIA,0.707,106497
13219,GEORGIA,0.0354,37017
13221,GEORGIA,0.5217,14784
13223,GEORGIA,0.1376,155840
13225,GEORGIA,0.9404,26966
13227,GEORGIA,0.2796,30832
13229,GEORGIA,0.657,19164
13231,GEORGIA,0.151,18082
13233,GEORGIA,0.8048,41621
13235,GEORGIA,0.8459,11295
13237,GEORGIA,0.428,21503
13239,GEORGIA,0.9433,2276
13241,GEORGIA,0.5341,16457
13243,GEORGIA,0.9739,7087
13245,GEORGIA,0.9328,201463
13247,GEORGIA,0.5529,89011
13249,GEORGIA,0.8248,5211
13251,GEORGIA,0.8525,13990
13253,GEORGIA,0.8344,8437
13255,GEORGIA,0.8691,64719
13257,GEORGIA,0.7968,25676
13259,GEORGIA,0.9245,6042
13261,GEORGIA,0.9764,30352
13263,GEORGIA,0.8589,6378
13265,GEORGIA,0.9089,1665
13267,GEORGIA,0.908,25353
13269,GEORGIA,0.9197,8193
13271,GEORGIA,0.8369,16115
13273,GEORGIA,0.957,8859
13275,GEORGIA,0.9108,44730
13277,GEORGIA,0.8809,40510
13279,GEORGIA,0.9761,27048
13281,GEORGIA,0.3258,11417
13283,GEORGIA,0.9471,6777
13285,GEORGIA,0.9013,69774
13287,GEORGIA,0.9809,7962
13289,GEORGIA,0.758,8284
13291,GEORGIA,0.3115,22775
13293,GEORGIA,0.8532,26216
13295,GEORGIA,0.6408,68824
13297,GEORGIA,0.293,90132
13299,GEORGIA,0.8449,35599
13301,GEORGIA,0.8946,5346
13303,GEORGIA,0.9462,20461
13305,GEORGIA,0.9166,29767
13307,GEORGIA,0.7876,2613
13309,GEORGIA,0.8124,7939
13311,GEORGIA,0.2357,28928
13313,GEORGIA,0.8793,103849
13315,GEORGIA,0.8169,8846
13317,GEORGIA,0.7561,9884
13319,GEORGIA,0.7873,9078
13321,GEORGIA,0.7357,20656
15001,HAWAII,0.5771,197658
15003,HAWAII,0.472,987638
15005,HAWAII,0.3162,75
15007,HAWAII,0.3099,71377
15009,HAWAII,0.3879,165281
16001,IDAHO,0.1373,446052
16003,IDAHO,0.2936,4019
16005,IDAHO,0.579,85065
16007,IDAHO,0.2143,5962
16009,IDAHO,0.7334,9086
16011,IDAHO,0.507,45551
16013,IDAHO,0.3239,21994
16015,IDAHO,0.0672,7163
16017,IDAHO,0.2401,42711
16019,IDAHO,0.3634,112397
16021,IDAHO,0.3083,11549
16023,IDAHO,0.2462,2602
16025,IDAHO,0.1338,886
16027,IDAHO,0.7366,212230
16029,IDAHO,0.1917,6918
16031,IDAHO,0.6732,23615
16033,IDAHO,0.8911,1077
16035,IDAHO,0.4401,8640
16037,IDAHO,0.4369,4141
16039,IDAHO,0.5882,26433
16041,IDAHO,0.1414,13279
16043,IDAHO,0.5137,12965
16045,IDAHO,0.6627,17052
16047,IDAHO,0.7076,15169
16049,IDAHO,0.5392,16337
16051,IDAHO,0.2525,27969
16053,IDAHO,0.6736,23431
16055,IDAHO,0.2328,153605
16057,IDAHO,0.2484,39239
16059,IDAHO,0.2997,7798
16061,IDAHO,0.5678,3845
16063,IDAHO,0.5576,5321
16065,IDAHO,0.4029,38705
16067,IDAHO,0.6783,20615
16069,IDAHO,0.5067,40155
16071,IDAHO,0.3424,4326
16073,IDAHO,0.8245,11455
16075,IDAHO,0.601,23041
16077,IDAHO,0.5162,7713
16079,IDAHO,0.757,12526
16081,IDAHO,0.1344,11080
16083,IDAHO,0.4955,83666
16085,IDAHO,0.0882,10401
16087,IDAHO,0.8506,10025
17001,ILLINOIS,0.249,66427
17003,ILLINOIS,0.9573,6532
17005,ILLINOIS,0.3732,16712
17007,ILLINOIS,0.4697,53606
17009,ILLINOIS,0.4745,6675
17011,ILLINOIS,0.2863,33381
17013,ILLINOIS,0.1901,4858
17015,ILLINOIS,0.1682,14562
17017,ILLINOIS,0.6971,12665
17019,ILLINOIS,0.499,209448
17021,ILLINOIS,0.2408,33231
17023,ILLINOIS,0.2073,15836
17025,ILLINOIS,0.6115,13338
17027,ILLINOIS,0.1787,37628
17029,ILLINOIS,0.4978,51736
17031,ILLINOIS,0.6755,5223719
17033,ILLINOIS,0.3838,19088
17035,ILLINOIS,0.1627,10865
17037,ILLINOIS,0.4866,104200
17039,ILLINOIS,0.129,16042
17041,ILLINOIS,0.4439,19714
17043,ILLINOIS,0.1611,931743
17045,ILLINOIS,0.3433,17539
17047,ILLINOIS,0.2443,6507
17049,ILLINOIS,0.199,34174
17051,ILLINOIS,0.5949,21724
17053,ILLINOIS,0.3051,13398
17055,ILLINOIS,0.6092,39127
17057,ILLINOIS,0.5761,35418
17059,ILLINOIS,0.4538,5157
17061,ILLINOIS,0.1952,13218
17063,ILLINOIS,0.0844,50509
17065,ILLINOIS,0.1529,8221
17067,ILLINOIS,0.1232,18112
17069,ILLINOIS,0.5019,4009
17071,ILLINOIS,0.0669,6884
17073,ILLINOIS,0.201,49464
17075,ILLINOIS,0.3404,28169
17077,ILLINOIS,0.7045,58551
17079,ILLINOIS,0.2417,9598
17081,ILLINOIS,0.8108,38169
17083,ILLINOIS,0.1041,22069
17085,ILLINOIS,0.0525,21834
17087,ILLINOIS,0.4624,12602
17089,ILLINOIS,0.4169,530839
17091,ILLINOIS,0.6656,111061
17093,ILLINOIS,0.1398,124626
17095,ILLINOIS,0.6462,50999
17097,ILLINOIS,0.3513,703619
17099,ILLINOIS,0.4303,110401
17101,ILLINOIS,0.7783,16189
17103,ILLINOIS,0.301,34527
17105,ILLINOIS,0.4841,36324
17107,ILLINOIS,0.2271,29207
17109,ILLINOIS,0.5166,30875
17111,ILLINOIS,0.0701,307789
17113,ILLINOIS,0.1904,173219
17115,ILLINOIS,0.5971,106512
17117,ILLINOIS,0.1987,45719
17119,ILLINOIS,0.2965,265670
17121,ILLINOIS,0.7385,38084
17123,ILLINOIS,0.0545,11794
17125,ILLINOIS,0.2946,13778
17127,ILLINOIS,0.7513,14430
17129,ILLINOIS,0.0484,12367
17131,ILLINOIS,0.1134,15693
17133,ILLINOIS,0.0016,33936
17135,ILLINOIS,0.3914,29009
17137,ILLINOIS,0.5045,34426
17139,ILLINOIS,0.2949,14703
17141,ILLINOIS,0.2917,51328
17143,ILLINOIS,0.6131,184463
17145,ILLINOIS,0.6487,21384
17147,ILLINOIS,0.0032,16427
17149,ILLINOIS,0.3494,15754
17151,ILLINOIS,0.4545,4249
17153,ILLINOIS,0.6943,5611
17155,ILLINOIS,0.0277,5746
17157,ILLINOIS,0.4567,32546
17159,ILLINOIS,0.4105,15881
17161,ILLINOIS,0.7137,145275
17163,ILLINOIS,0.5229,263463
17165,ILLINOIS,0.8637,24231
17167,ILLINOIS,0.4357,197661
17169,ILLINOIS,0.5707,7064
17171,ILLINOIS,0.1354,5047
17173,ILLINOIS,0.085,21832
17175,ILLINOIS,0.0634,5500
17177,ILLINOIS,0.5,45433
17179,ILLINOIS,0.107,133852
17181,ILLINOIS,0.6844,17127
17183,ILLINOIS,0.8131,78407
17185,ILLINOIS,0.3207,11573
17187,ILLINOIS,0.6073,17338
17189,ILLINOIS,0.0653,14155
17191,ILLINOIS,0.4331,16487
17193,ILLINOIS,0.5382,14025
17195,ILLINOIS,0.3283,56396
17197,ILLINOIS,0.2022,688697
17199,ILLINOIS,0.4806,67299
17201,ILLINOIS,0.7204,286174
17203,ILLINOIS,0.0188,38817
18001,INDIANA,0.5904,35195
18003,INDIANA,0.5236,370016
18005,INDIANA,0.3631,81893
18007,INDIANA,0.3347,8667
18009,INDIANA,0.371,12129
18011,INDIANA,0.0449,64321
18013,INDIANA,0.0602,15034
18015,INDIANA,0.1175,19994
18017,INDIANA,0.7197,38084
18019,INDIANA,0.2548,115702
18021,INDIANA,0.3338,26268
18023,INDIANA,0.571,32301
18025,INDIANA,0.3889,10581
18027,INDIANA,0.6882,32937
18029,INDIANA,0.0799,49501
18031,INDIANA,0.2102,26552
18033,INDIANA,0.2334,42704
18035,INDIANA,0.5666,115616
18037,INDIANA,0.208,42418
18039,INDIANA,0.7701,203604
18041,INDIANA,0.6108,23259
18043,INDIANA,0.1669,76809
18045,INDIANA,0.2032,16486
18047,INDIANA,0.1471,22842
18049,INDIANA,0.3459,20212
18051,INDIANA,0.315,33596
18053,INDIANA,0.7331,66944
18055,INDIANA,0.4443,32295
18057,INDIANA,0.0255,316095
18059,INDIANA,0.0169,73830
18061,INDIANA,0.1866,39712
18063,INDIANA,0.0815,160940
18065,INDIANA,0.3793,48483
18067,INDIANA,0.4815,82387
18069,INDIANA,0.1248,36378
18071,INDIANA,0.5389,43938
18073,INDIANA,0.2685,33449
18075,INDIANA,0.6748,20993
18077,INDIANA,0.4414,32237
18079,INDIANA,0.3847,27727
18081,INDIANA,0.1424,151564
18083,INDIANA,0.5927,37409
18085,INDIANA,0.4608,78806
18087,INDIANA,0.3707,38942
18089,INDIANA,0.7252,486849
18091,INDIANA,0.7217,110552
18093,INDIANA,0.2752,45619
18095,INDIANA,0.6713,129505
18097,INDIANA,0.7971,944523
18099,INDIANA,0.5796,46595
18101,INDIANA,0.2398,10210
18103,INDIANA,0.5879,35901
18105,INDIANA,0.4519,145403
18107,INDIANA,0.3685,38276
18109,INDIANA,0.2156,69727
18111,INDIANA,0.3366,14018
18113,INDIANA,0.4742,47451
18115,INDIANA,0.0252,5887
18117,INDIANA,0.6455,19547
18119,INDIANA,0.3455,20878
18121,INDIANA,0.5809,16996
18123,INDIANA,0.3102,19141
18125,INDIANA,0.1745,12411
18127,INDIANA,0.1478,168041
18129,INDIANA,0.0105,25589
18131,INDIANA,0.2309,12660
18133,INDIANA,0.3484,37559
18135,INDIANA,0.4296,25076
18137,INDIANA,0.3774,28425
18139,INDIANA,0.2567,16704
18141,INDIANA,0.6223,269240
18143,INDIANA,0.4201,23743
18145,INDIANA,0.2182,44399
18147,INDIANA,0.0879,20526
18149,INDIANA,0.3417,22941
18151,INDIANA,0.271,34474
18153,INDIANA,0.6401,20792
18155,INDIANA,0.6271,10628
18157,INDIANA,0.493,189294
18159,INDIANA,0.0726,15218
18161,INDIANA,0.1713,7153
18163,INDIANA,0.5242,181313
18165,INDIANA,0.4503,15560
18167,INDIANA,0.7274,107693
18169,INDIANA,0.2882,31631
18171,INDIANA,0.078,8247
18173,INDIANA,0.0678,61928
18175,INDIANA,0.3777,27827
18177,INDIANA,0.7105,66613
18179,INDIANA,0.1439,27947
18181,INDIANA,0.2439,24217
18183,INDIANA,0.0315,33649
19001,IOWA,0.0538,7124
19003,IOWA,0.0376,3726
19005,IOWA,0.322,13880
19007,IOWA,0.3783,12510
19009,IOWA,0.0226,5637
19011,IOWA,0.0118,25626
19013,IOWA,0.4264,133009
19015,IOWA,0.1178,26399
19017,IOWA,0.0322,24782
19019,IOWA,0.0662,21125
19021,IOWA,0.7408,20260
19023,IOWA,0.0236,14735
19025,IOWA,0.158,9780
19027,IOWA,0.0455,20344
19029,IOWA,0.1981,13191
19031,IOWA,0.008,18445
19033,IOWA,0.2497,42984
19035,IOWA,0.1701,11468
19037,IOWA,0.0599,12099
19039,IOWA,0.4847,9282
19041,IOWA,0.3439,16313
19043,IOWA,0.1841,17672
19045,IOWA,0.2646,47218
19047,IOWA,0.8551,17132
19049,IOWA,0.0596,84002
19051,IOWA,0.3503,8885
19053,IOWA,0.6822,8044
19055,IOWA,0.0344,17258
19057,IOWA,0.4653,39600
19059,IOWA,0.0917,17056
19061,IOWA,0.2347,96802
19063,IOWA,0.3946,9551
19065,IOWA,0.2252,19929
19067,IOWA,0.3596,15858
19069,IOWA,0.1962,10245
19071,IOWA,0.0554,6968
19073,IOWA,0.1978,9003
19075,IOWA,0.0038,12341
19077,IOWA,0.122,10674
19079,IOWA,0.1153,15110
19081,IOWA,0.0713,10888
19083,IOWA,0.1242,17127
19085,IOWA,0.0646,14143
19087,IOWA,0.3134,19926
19089,IOWA,0.1567,9264
19091,IOWA,0.1446,9566
19093,IOWA,0.0866,6916
19095,IOWA,0.0347,16207
19097,IOWA,0.1268,19395
19099,IOWA,0.2548,36891
19101,IOWA,0.4895,18077
19103,IOWA,0.2675,147001
19105,IOWA,0.1924,20568
19107,IOWA,0.0398,10200
19109,IOWA,0.1048,15075
19111,IOWA,0.5041,34541
19113,IOWA,0.1806,222121
19115,IOWA,0.457,11223
19117,IOWA,0.2755,8597
19119,IOWA,0.0439,11769
19121,IOWA,0.0204,15890
19123,IOWA,0.4637,22208
19125,IOWA,0.1949,33207
19127,IOWA,0.6863,40271
19129,IOWA,0.1076,14957
19131,IOWA,0.086,10631
19133,IOWA,0.1796,8796
19135,IOWA,0.2519,7863
19137,IOWA,0.528,10155
19139,IOWA,0.3904,42950
19141,IOWA,0.2322,13911
19143,IOWA,0.2634,6115
19145,IOWA,0.3341,15363
19147,IOWA,0.1729,9055
19149,IOWA,0.1271,25039
19151,IOWA,0.1462,6898
19153,IOWA,0.3768,474274
19155,IOWA,0.4599,93503
19157,IOWA,0.1548,18605
19159,IOWA,0.1299,4984
19161,IOWA,0.0748,9868
19163,IOWA,0.2659,172288
19165,IOWA,0.1303,11694
19167,IOWA,0.2207,34825
19169,IOWA,0.2124,96922
19171,IOWA,0.3274,17136
19173,IOWA,0.2771,6201
19175,IOWA,0.4455,12453
19177,IOWA,0.2465,7223
19179,IOWA,0.7439,35315
19181,IOWA,0.072,49361
19183,IOWA,0.2239,22143
19185,IOWA,0.4583,6413
19187,IOWA,0.458,36757
19189,IOWA,0.2061,10571
19191,IOWA,0.0115,20401
19193,IOWA,0.6968,102398
19195,IOWA,0.0697,7489
19197,IOWA,0.4803,12804
20001,KANSAS,0.3978,12630
20003,KANSAS,0.2274,7852
20005,KANSAS,0.4911,16363
20007,KANSAS,0.2803,4733
20009,KANSAS,0.5439,26791
20011,KANSAS,0.5828,14702
20013,KANSAS,0.2717,9664
20015,KANSAS,0.2624,66468
20017,KANSAS,0.4067,2645
20019,KANSAS,0.7188,3367
20021,KANSAS,0.3828,20331
20023,KANSAS,0.1003,2677
20025,KANSAS,0.3124,2053
20027,KANSAS,0.0494,8142
20029,KANSAS,0.2739,9060
20031,KANSAS,0.2035,8296
20033,KANSAS,0.0793,1780
20035,KANSAS,0.7318,35591
20037,KANSAS,0.6987,39108
20039,KANSAS,0.1573,2881
20041,KANSAS,0.3322,19004
20043,KANSAS,0.2306,7736
20045,KANSAS,0.2232,119319
20047,KANSAS,0.372,2925
20049,KANSAS,0.3895,2562
20051,KANSAS,0.1564,28878
20053,KANSAS,0.3952,6293
20055,KANSAS,0.8236,36957
20057,KANSAS,0.857,34484
20059,KANSAS,0.2137,25563
20061,KANSAS,0.6576,34895
20063,KANSAS,0.0975,2619
20065,KANSAS,0.1255,2545
20067,KANSAS,0.3815,7616
20069,KANSAS,0.2736,6037
20071,KANSAS,0.5752,1200
20073,KANSAS,0.2127,6156
20075,KANSAS,0.2586,2616
20077,KANSAS,0.3223,5673
20079,KANSAS,0.335,34555
20081,KANSAS,0.4115,4047
20083,KANSAS,0.1118,1842
20085,KANSAS,0.2694,13318
20087,KANSAS,0.0548,18888
20089,KANSAS,0.0876,2916
20091,KANSAS,0.0615,585502
20093,KANSAS,0.4656,3932
20095,KANSAS,0.0513,7470
20097,KANSAS,0.258,2526
20099,KANSAS,0.6392,20367
20101,KANSAS,0.0303,1642
20103,KANSAS,0.2404,80042
20105,KANSAS,0.1322,3097
20107,KANSAS,0.4478,9635
20109,KANSAS,0.1296,2810
20111,KANSAS,0.7322,33299
20113,KANSAS,0.1067,28630
20115,KANSAS,0.1771,12032
20117,KANSAS,0.1264,9798
20119,KANSAS,0.3717,4261
20121,KANSAS,0.0258,33127
20123,KANSAS,0.2844,6222
20125,KANSAS,0.8029,32970
20127,KANSAS,0.2436,5566
20129,KANSAS,0.408,2838
20131,KANSAS,0.0962,10104
20133,KANSAS,0.658,16125
20135,KANSAS,0.15,2955
20137,KANSAS,0.2975,5486
20139,KANSAS,0.2341,15882
20141,KANSAS,0.0723,3603
20143,KANSAS,0.0271,5902
20145,KANSAS,0.2866,6709
20147,KANSAS,0.242,5408
20149,KANSAS,0.1487,23545
20151,KANSAS,0.3873,9582
20153,KANSAS,0.136,2509
20155,KANSAS,0.5866,63101
20157,KANSAS,0.0605,4686
20159,KANSAS,0.4252,9762
20161,KANSAS,0.4373,75296
20163,KANSAS,0.142,5118
20165,KANSAS,0.0783,3102
20167,KANSAS,0.2392,6977
20169,KANSAS,0.4162,54977
20171,KANSAS,0.3061,4949
20173,KANSAS,0.5357,512064
20175,KANSAS,0.9111,22692
20177,KANSAS,0.5099,178284
20179,KANSAS,0.0685,2506
20181,KANSAS,0.4984,5966
20183,KANSAS,0.0503,3663
20185,KANSAS,0.2777,4214
20187,KANSAS,0.4965,2063
20189,KANSAS,0.6739,5686
20191,KANSAS,0.2223,23208
20193,KANSAS,0.0704,7824
20195,KANSAS,0.0389,2858
20197,KANSAS,0.0532,6888
20199,KANSAS,0.143,1575
20201,KANSAS,0.1481,5525
20203,KANSAS,0.4678,2143
20205,KANSAS,0.6366,8780
20207,KANSAS,0.4398,3170
20209,KANSAS,0.9242,164345
21001,KENTUCKY,0.7121,19241
21003,KENTUCKY,0.6796,20794
21005,KENTUCKY,0.2637,22214
21007,KENTUCKY,0.4459,8090
21009,KENTUCKY,0.7761,43680
21011,KENTUCKY,0.729,12268
21013,KENTUCKY,0.8927,27188
21015,KENTUCKY,0.1277,129095
21017,KENTUCKY,0.5561,20144
21019,KENTUCKY,0.6908,48091
21021,KENTUCKY,0.4315,29913
21023,KENTUCKY,0.3866,8306
21025,KENTUCKY,0.822,13116
21027,KENTUCKY,0.7376,20080
21029,KENTUCKY,0.1385,79466
21031,KENTUCKY,0.792,12745
21033,KENTUCKY,0.4981,12727
21035,KENTUCKY,0.4997,38776
21037,KENTUCKY,0.2188,92267
21039,KENTUCKY,0.3395,4841
21041,KENTUCKY,0.8904,10711
21043,KENTUCKY,0.8204,27290
21045,KENTUCKY,0.7656,15796
21047,KENTUCKY,0.9127,72263
21049,KENTUCKY,0.6061,35872
21051,KENTUCKY,0.9099,20621
21053,KENTUCKY,0.778,10211
21055,KENTUCKY,0.4844,9083
21057,KENTUCKY,0.5315,6713
21059,KENTUCKY,0.6169,99937
21061,KENTUCKY,0.6357,12122
21063,KENTUCKY,0.7239,7517
21065,KENTUCKY,0.7997,14313
21067,KENTUCKY,0.4876,318734
21069,KENTUCKY,0.771,14479
21071,KENTUCKY,0.8503,36926
21073,KENTUCKY,0.5468,50296
21075,KENTUCKY,0.8704,6210
21077,KENTUCKY,0.6124,8703
21079,KENTUCKY,0.4299,17328
21081,KENTUCKY,0.5602,24915
21083,KENTUCKY,0.7752,37294
21085,KENTUCKY,0.6096,26178
21087,KENTUCKY,0.5226,11023
21089,KENTUCKY,0.3217,35765
21091,KENTUCKY,0.3822,8719
21093,KENTUCKY,0.5672,108095
21095,KENTUCKY,0.8803,27134
21097,KENTUCKY,0.5057,18668
21099,KENTUCKY,0.7659,18627
21101,KENTUCKY,0.7089,46137
21103,KENTUCKY,0.5274,15814
21105,KENTUCKY,0.5739,4568
21107,KENTUCKY,0.5541,45664
21109,KENTUCKY,0.6662,13373
21111,KENTUCKY,0.5682,767154
21113,KENTUCKY,0.5201,52422
21115,KENTUCKY,0.8102,22843
21117,KENTUCKY,0.3379,164688
21119,KENTUCKY,0.8548,15513
21121,KENTUCKY,0.8325,31467
21123,KENTUCKY,0.5318,14156
21125,KENTUCKY,0.7522,60180
21127,KENTUCKY,0.7583,15783
21129,KENTUCKY,0.8182,6751
21131,KENTUCKY,0.7745,10472
21133,KENTUCKY,0.8755,22676
21135,KENTUCKY,0.6242,13490
21137,KENTUCKY,0.7083,24458
21139,KENTUCKY,0.264,9263
21141,KENTUCKY,0.5287,26849
21143,KENTUCKY,0.3252,8186
21145,KENTUCKY,0.4153,65284
21147,KENTUCKY,0.878,17635
21149,KENTUCKY,0.4217,9331
21151,KENTUCKY,0.4968,89700
21153,KENTUCKY,0.8057,12666
21155,KENTUCKY,0.9057,19232
21157,KENTUCKY,0.2723,31166
21159,KENTUCKY,0.8494,11919
21161,KENTUCKY,0.6682,17153
21163,KENTUCKY,0.3178,28326
21165,KENTUCKY,0.5847,6405
21167,KENTUCKY,0.4134,21516
21169,KENTUCKY,0.6812,10004
21171,KENTUCKY,0.6975,10634
21173,KENTUCKY,0.7987,27759
21175,KENTUCKY,0.8293,13285
21177,KENTUCKY,0.6134,31081
21179,KENTUCKY,0.2895,45388
21181,KENTUCKY,0.8197,7100
21183,KENTUCKY,0.5799,24071
21185,KENTUCKY,0.0395,65374
21187,KENTUCKY,0.5264,10741
21189,KENTUCKY,0.8414,4463
21191,KENTUCKY,0.415,14520
21193,KENTUCKY,0.9051,26917
21195,KENTUCKY,0.7908,60483
21197,KENTUCKY,0.7732,12321
21199,KENTUCKY,0.742,64145
21201,KENTUCKY,0.3538,2143
21203,KENTUCKY,0.7882,16827
21205,KENTUCKY,0.7557,24499
21207,KENTUCKY,0.8634,17760
21209,KENTUCKY,0.3331,53517
21211,KENTUCKY,0.4261,46786
21213,KENTUCKY,0.2879,18063
21215,KENTUCKY,0.0369,18246
21217,KENTUCKY,0.721,25500
21219,KENTUCKY,0.8092,12350
21221,KENTUCKY,0.365,14344
21223,KENTUCKY,0.7143,8637
21225,KENTUCKY,0.5366,14802
21227,KENTUCKY,0.7096,126427
21229,KENTUCKY,0.5127,12019
21231,KENTUCKY,0.7478,20609
21233,KENTUCKY,0.7854,13155
21235,KENTUCKY,0.8379,36089
21237,KENTUCKY,0.8621,7223
21239,KENTUCKY,0.2041,26097
22001,LOUISIANA,0.9182,62568
22003,LOUISIANA,0.9261,25661
22005,LOUISIANA,0.3968,121176
22007,LOUISIANA,0.779,22714
22009,LOUISIANA,0.9634,40882
22011,LOUISIANA,0.6519,36769
22013,LOUISIANA,0.9401,13668
22015,LOUISIANA,0.5876,126131
22017,LOUISIANA,0.8385,248361
22019,LOUISIANA,0.7392,200182
22021,LOUISIANA,0.9331,9996
22023,LOUISIANA,0.2643,6868
22025,LOUISIANA,0.7806,9893
22027,LOUISIANA,0.9478,16153
22029,LOUISIANA,0.9134,20021
22031,LOUISIANA,0.8917,27216
22033,LOUISIANA,0.6653,444094
22035,LOUISIANA,0.9357,7225
22037,LOUISIANA,0.8185,19499
22039,LOUISIANA,0.9975,33636
22041,LOUISIANA,0.9519,20322
22043,LOUISIANA,0.6274,22348
22045,LOUISIANA,0.9605,72691
22047,LOUISIANA,0.886,32956
22049,LOUISIANA,0.9382,15926
22051,LOUISIANA,0.6121,435300
22053,LOUISIANA,0.8105,31467
22055,LOUISIANA,0.6217,240091
22057,LOUISIANA,0.7669,98214
22059,LOUISIANA,0.7634,14949
22061,LOUISIANA,0.8478,47356
22063,LOUISIANA,0.4309,138111
22065,LOUISIANA,0.9697,11472
22067,LOUISIANA,0.8847,25992
22069,LOUISIANA,0.8573,38963
22071,LOUISIANA,0.7449,389648
22073,LOUISIANA,0.8522,156075
22075,LOUISIANA,0.7061,23373
22077,LOUISIANA,0.8475,22158
22079,LOUISIANA,0.9086,131546
22081,LOUISIANA,0.8137,8618
22083,LOUISIANA,0.8554,20474
22085,LOUISIANA,0.8315,24088
22087,LOUISIANA,0.7713,45694
22089,LOUISIANA,0.3529,52724
22091,LOUISIANA,0.9,10411
22093,LOUISIANA,0.6299,21357
22095,LOUISIANA,0.7468,43446
22097,LOUISIANA,0.922,83449
22099,LOUISIANA,0.7831,53752
22101,LOUISIANA,0.9162,51734
22103,LOUISIANA,0.3105,252093
22105,LOUISIANA,0.8885,130504
22107,LOUISIANA,0.8366,4666
22109,LOUISIANA,0.8952,112587
22111,LOUISIANA,0.808,22475
22113,LOUISIANA,0.8201,59867
22115,LOUISIANA,0.7433,51007
22117,LOUISIANA,0.9962,46457
22119,LOUISIANA,0.879,39631
22121,LOUISIANA,0.7611,25860
22123,LOUISIANA,0.6685,11180
22125,LOUISIANA,0.6901,15377
22127,LOUISIANA,0.7755,14494
23001,MAINE,0.5567,107444
23003,MAINE,0.5946,68269
23005,MAINE,0.1363,290944
23007,MAINE,0.215,30019
23009,MAINE,0.193,54541
23011,MAINE,0.3787,121545
23013,MAINE,0.1475,39823
23015,MAINE,0.1143,34067
23017,MAINE,0.3726,57325
23019,MAINE,0.4532,151748
23021,MAINE,0.4898,16887
23023,MAINE,0.0522,35277
23025,MAINE,0.622,50710
23027,MAINE,0.2197,39418
23029,MAINE,0.6439,31694
23031,MAINE,0.0936,203102
24001,MARYLAND,0.621,71977
24003,MARYLAND,0.1783,567696
24005,MARYLAND,0.3818,827625
24009,MARYLAND,0.0471,91082
24011,MARYLAND,0.5535,32875
24013,MARYLAND,0.0404,167522
24015,MARYLAND,0.2933,102517
24017,MARYLAND,0.1723,157671
24019,MARYLAND,0.7506,32261
24021,MARYLAND,0.1589,248472
24023,MARYLAND,0.1812,29376
24025,MARYLAND,0.0933,251025
24027,MARYLAND,0.1306,315327
24029,MARYLAND,0.4277,19593
24031,MARYLAND,0.3255,1040133
24033,MARYLAND,0.6261,906202
24035,MARYLAND,0.022,49355
24037,MARYLAND,0.2086,111531
24039,MARYLAND,0.8978,25737
24041,MARYLAND,0.1331,37211
24043,MARYLAND,0.614,149811
24045,MARYLAND,0.7739,102172
24047,MARYLAND,0.2803,51564
24510,MARYLAND,0.8312,614700
25001,MASSACHUSETTS,0.0564,213690
25003,MASSACHUSETTS,0.4083,127328
25005,MASSACHUSETTS,0.5248,558905
25007,MASSACHUSETTS,0.0096,17313
25009,MASSACHUSETTS,0.508,781024
25011,MASSACHUSETTS,0.2096,70935
25013,MASSACHUSETTS,0.8232,469116
25015,MASSACHUSETTS,0.2325,161159
25017,MASSACHUSETTS,0.2264,1595192
25019,MASSACHUSETTS,0.0268,11101
25021,MASSACHUSETTS,0.2092,698249
25023,MASSACHUSETTS,0.2303,512135
25025,MASSACHUSETTS,0.7379,791766
25027,MASSACHUSETTS,0.4096,822280
26001,MICHIGAN,0.2557,10364
26003,MICHIGAN,0.4481,9194
26005,MICHIGAN,0.1758,115250
26007,MICHIGAN,0.3408,28612
26009,MICHIGAN,0.1156,23177
26011,MICHIGAN,0.5054,15165
26013,MICHIGAN,0.6599,8507
26015,MICHIGAN,0.0869,60057
26017,MICHIGAN,0.4404,104786
26019,MICHIGAN,0.1051,17552
26021,MICHIGAN,0.6475,154807
26023,MICHIGAN,0.6315,43584
26025,MICHIGAN,0.7242,134473
26027,MICHIGAN,0.328,51460
26029,MICHIGAN,0.0968,26219
26031,MICHIGAN,0.286,25458
26033,MICHIGAN,0.7245,37834
26035,MICHIGAN,0.772,30616
26037,MICHIGAN,0.0401,77896
26039,MICHIGAN,0.3697,13836
26041,MICHIGAN,0.3545,36190
26043,MICHIGAN,0.2296,25570
26045,MICHIGAN,0.3131,109155
26047,MICHIGAN,0.1357,33039
26049,MICHIGAN,0.6624,409361
26051,MICHIGAN,0.5398,25289
26053,MICHIGAN,0.4038,15414
26055,MICHIGAN,0.1803,91746
26057,MICHIGAN,0.6035,41067
26059,MICHIGAN,0.5019,45830
26061,MICHIGAN,0.4962,36360
26063,MICHIGAN,0.2745,31543
26065,MICHIGAN,0.5742,289564
26067,MICHIGAN,0.478,64176
26069,MICHIGAN,0.4494,25247
26071,MICHIGAN,0.2825,11212
26073,MICHIGAN,0.6016,70775
26075,MICHIGAN,0.5506,158913
26077,MICHIGAN,0.407,261573
26079,MICHIGAN,0.5083,17463
26081,MICHIGAN,0.4761,643140
26083,MICHIGAN,0.0787,2130
26085,MICHIGAN,0.7818,11763
26087,MICHIGAN,0.2382,88202
26089,MICHIGAN,0.0245,21639
26091,MICHIGAN,0.4076,98474
26093,MICHIGAN,0.0067,188482
26095,MICHIGAN,0.5338,6364
26097,MICHIGAN,0.6452,10817
26099,MICHIGAN,0.3296,868704
26101,MICHIGAN,0.3997,24444
26103,MICHIGAN,0.3057,66939
26105,MICHIGAN,0.3376,28884
26107,MICHIGAN,0.5975,43264
26109,MICHIGAN,0.2764,23234
26111,MICHIGAN,0.1618,83389
26113,MICHIGAN,0.4755,15006
26115,MICHIGAN,0.1494,149699
26117,MICHIGAN,0.6127,63209
26119,MICHIGAN,0.3729,9261
26121,MICHIGAN,0.7035,173043
26123,MICHIGAN,0.6318,48142
26125,MICHIGAN,0.114,1250843
26127,MICHIGAN,0.858,26417
26129,MICHIGAN,0.6258,20928
26131,MICHIGAN,0.2732,5968
26133,MICHIGAN,0.7401,23232
26135,MICHIGAN,0.6694,8277
26137,MICHIGAN,0.3694,24397
26139,MICHIGAN,0.2172,284034
26141,MICHIGAN,0.2761,12797
26143,MICHIGAN,0.4627,23877
26145,MICHIGAN,0.7048,192778
26147,MICHIGAN,0.279,159566
26149,MICHIGAN,0.6516,60897
26151,MICHIGAN,0.4834,41376
26153,MICHIGAN,0.5452,8069
26155,MICHIGAN,0.1325,68493
26157,MICHIGAN,0.3959,53250
26159,MICHIGAN,0.6589,75272
26161,MICHIGAN,0.2236,365961
26163,MICHIGAN,0.8723,1761382
26165,MICHIGAN,0.5035,33111
27001,MINNESOTA,0.3083,15834
27003,MINNESOTA,0.1404,347431
27005,MINNESOTA,0.299,33773
27007,MINNESOTA,0.7771,46117
27009,MINNESOTA,0.4318,39779
27011,MINNESOTA,0.2006,5016
27013,MINNESOTA,0.2838,66322
27015,MINNESOTA,0.1274,25211
27017,MINNESOTA,0.2666,35540
27019,MINNESOTA,0.0124,100416
27021,MINNESOTA,0.35,29022
27023,MINNESOTA,0.3522,12010
27025,MINNESOTA,0.0592,54727
27027,MINNESOTA,0.2217,62801
27029,MINNESOTA,0.7917,8812
27031,MINNESOTA,0.2029,5311
27033,MINNESOTA,0.4726,11372
27035,MINNESOTA,0.1223,63855
27037,MINNESOTA,0.1207,418201
27039,MINNESOTA,0.0573,20582
27041,MINNESOTA,0.0446,37203
27043,MINNESOTA,0.157,13896
27045,MINNESOTA,0.2169,20888
27047,MINNESOTA,0.4328,30526
27049,MINNESOTA,0.1707,46217
27051,MINNESOTA,0.0946,5938
27053,MINNESOTA,0.3092,1235478
27055,MINNESOTA,0.0185,18663
27057,MINNESOTA,0.2051,20862
27059,MINNESOTA,0.1022,38974
27061,MINNESOTA,0.3293,45203
27063,MINNESOTA,0.0306,10047
27065,MINNESOTA,0.2841,16004
27067,MINNESOTA,0.4064,42658
27069,MINNESOTA,0.0997,4337
27071,MINNESOTA,0.4366,12644
27073,MINNESOTA,0.1006,6773
27075,MINNESOTA,0.1102,10569
27077,MINNESOTA,0.1576,3809
27079,MINNESOTA,0.1146,27983
27081,MINNESOTA,0.0666,5707
27083,MINNESOTA,0.4532,25839
27085,MINNESOTA,0.1261,35825
27087,MINNESOTA,0.8717,5506
27089,MINNESOTA,0.1411,9392
27091,MINNESOTA,0.1933,19964
27093,MINNESOTA,0.1869,23079
27095,MINNESOTA,0.5917,25728
27097,MINNESOTA,0.2682,32949
27099,MINNESOTA,0.6283,39602
27101,MINNESOTA,0.1064,8353
27103,MINNESOTA,0.2513,33783
27105,MINNESOTA,0.815,21839
27107,MINNESOTA,0.3248,6559
27109,MINNESOTA,0.2599,153065
27111,MINNESOTA,0.2099,57992
27113,MINNESOTA,0.3016,14184
27115,MINNESOTA,0.4631,29129
27117,MINNESOTA,0.4646,9185
27119,MINNESOTA,0.3669,31591
27121,MINNESOTA,0.0315,10980
27123,MINNESOTA,0.6334,541493
27125,MINNESOTA,0.1525,4008
27127,MINNESOTA,0.2293,15331
27129,MINNESOTA,0.1968,14721
27131,MINNESOTA,0.393,65765
27133,MINNESOTA,0.1532,9413
27135,MINNESOTA,0.2478,15462
27137,MINNESOTA,0.3118,200080
27139,MINNESOTA,0.1108,143372
27141,MINNESOTA,0.0885,93231
27143,MINNESOTA,0.1315,14912
27145,MINNESOTA,0.3885,156819
27147,MINNESOTA,0.3013,36676
27149,MINNESOTA,0.2258,9784
27151,MINNESOTA,0.3213,9411
27153,MINNESOTA,0.4812,24440
27155,MINNESOTA,0.2602,3337
27157,MINNESOTA,0.0589,21500
27159,MINNESOTA,0.6554,13646
27161,MINNESOTA,0.2503,18809
27163,MINNESOTA,0.0682,253317
27165,MINNESOTA,0.5191,10973
27167,MINNESOTA,0.1924,6343
27169,MINNESOTA,0.2115,50847
27171,MINNESOTA,0.0462,132745
27173,MINNESOTA,0.3344,9868
28001,MISSISSIPPI,0.9914,31547
28003,MISSISSIPPI,0.6955,37180
28005,MISSISSIPPI,0.8191,12468
28007,MISSISSIPPI,0.9844,18581
28009,MISSISSIPPI,0.6605,8253
28011,MISSISSIPPI,0.9675,32592
28013,MISSISSIPPI,0.965,14571
28015,MISSISSIPPI,0.6303,10129
28017,MISSISSIPPI,0.9143,17279
28019,MISSISSIPPI,0.8541,8321
28021,MISSISSIPPI,0.992,9120
28023,MISSISSIPPI,0.6669,15928
28025,MISSISSIPPI,0.7054,19808
28027,MISSISSIPPI,0.9322,23802
28029,MISSISSIPPI,0.9411,28721
28031,MISSISSIPPI,0.7879,19091
28033,MISSISSIPPI,0.3032,176132
28035,MISSISSIPPI,0.9366,75517
28037,MISSISSIPPI,0.5717,7757
28039,MISSISSIPPI,0.6137,23710
28041,MISSISSIPPI,0.6067,13714
28043,MISSISSIPPI,0.8771,21278
28045,MISSISSIPPI,0.5924,46653
28047,MISSISSIPPI,0.8838,202626
28049,MISSISSIPPI,0.8742,241774
28051,MISSISSIPPI,0.9818,18075
28053,MISSISSIPPI,0.9369,8539
28055,MISSISSIPPI,0.951,1328
28057,MISSISSIPPI,0.5487,23480
28059,MISSISSIPPI,0.5433,142014
28061,MISSISSIPPI,0.7691,16529
28063,MISSISSIPPI,0.9637,7346
28065,MISSISSIPPI,0.8439,11495
28067,MISSISSIPPI,0.892,68454
28069,MISSISSIPPI,0.9274,10107
28071,MISSISSIPPI,0.5096,53459
28073,MISSISSIPPI,0.5306,61223
28075,MISSISSIPPI,0.9283,77323
28077,MISSISSIPPI,0.6634,12630
28079,MISSISSIPPI,0.9946,22870
28081,MISSISSIPPI,0.7952,84915
28083,MISSISSIPPI,0.9653,29804
28085,MISSISSIPPI,0.7586,34432
28087,MISSISSIPPI,0.7975,59437
28089,MISSISSIPPI,0.2898,103498
28091,MISSISSIPPI,0.935,25202
28093,MISSISSIPPI,0.6904,35787
28095,MISSISSIPPI,0.6398,35840
28097,MISSISSIPPI,0.8914,10198
28099,MISSISSIPPI,0.9685,29376
28101,MISSISSIPPI,0.9213,21524
28103,MISSISSIPPI,0.986,10828
28105,MISSISSIPPI,0.642,49481
28107,MISSISSIPPI,0.8933,34243
28109,MISSISSIPPI,0.7051,55149
28111,MISSISSIPPI,0.7086,12028
28113,MISSISSIPPI,0.9882,39737
28115,MISSISSIPPI,0.8962,31315
28117,MISSISSIPPI,0.8513,25360
28119,MISSISSIPPI,0.9545,7372
28121,MISSISSIPPI,0.3127,151240
28123,MISSISSIPPI,0.985,28415
28125,MISSISSIPPI,0.9729,4511
28127,MISSISSIPPI,0.9073,27073
28129,MISSISSIPPI,0.4732,16063
28131,MISSISSIPPI,0.6045,18375
28133,MISSISSIPPI,0.9494,26532
28135,MISSISSIPPI,0.9736,14361
28137,MISSISSIPPI,0.865,28493
28139,MISSISSIPPI,0.8646,21990
28141,MISSISSIPPI,0.6659,19478
28143,MISSISSIPPI,0.972,10170
28145,MISSISSIPPI,0.8277,28356
28147,MISSISSIPPI,0.8611,14601
28149,MISSISSIPPI,0.8605,47075
28151,MISSISSIPPI,0.9783,47086
28153,MISSISSIPPI,0.8997,20422
28155,MISSISSIPPI,0.5962,9828
28157,MISSISSIPPI,0.9169,8990
28159,MISSISSIPPI,0.9306,18358
28161,MISSISSIPPI,0.7347,12421
28163,MISSISSIPPI,0.9952,27974
29001,MISSOURI,0.4548,25325
29003,MISSOURI,0.0325,17403
29005,MISSOURI,0.0736,5270
29007,MISSOURI,0.615,25735
29009,MISSOURI,0.7099,35493
29011,MISSOURI,0.5994,11850
29013,MISSOURI,0.3857,16374
29015,MISSOURI,0.5513,18989
29017,MISSOURI,0.4793,12281
29019,MISSOURI,0.2927,176515
29021,MISSOURI,0.7182,89076
29023,MISSOURI,0.8172,42733
29025,MISSOURI,0.4513,9049
29027,MISSOURI,0.3232,44840
29029,MISSOURI,0.3363,45096
29031,MISSOURI,0.4118,78324
29033,MISSOURI,0.5325,8843
29035,MISSOURI,0.7455,6197
29037,MISSOURI,0.1188,102678
29039,MISSOURI,0.6411,13938
29041,MISSOURI,0.1898,7546
29043,MISSOURI,0.1497,84275
29045,MISSOURI,0.342,6800
29047,MISSOURI,0.1363,239164
29049,MISSOURI,0.1643,20475
29051,MISSOURI,0.2583,76740
29053,MISSOURI,0.3892,17622
29055,MISSOURI,0.7554,24280
29057,MISSOURI,0.6637,7590
29059,MISSOURI,0.7019,16499
29061,MISSOURI,0.4707,8302
29063,MISSOURI,0.4054,12564
29065,MISSOURI,0.6312,15504
29067,MISSOURI,0.5232,13374
29069,MISSOURI,0.958,30428
29071,MISSOURI,0.1459,102781
29073,MISSOURI,0.0854,14746
29075,MISSOURI,0.4389,6665
29077,MISSOURI,0.4395,288429
29079,MISSOURI,0.6185,10039
29081,MISSOURI,0.7417,8554
29083,MISSOURI,0.5959,21765
29085,MISSOURI,0.4672,9368
29087,MISSOURI,0.1959,4456
29089,MISSOURI,0.4041,10113
29091,MISSOURI,0.6717,40102
29093,MISSOURI,0.7822,10221
29095,MISSOURI,0.5354,692003
29097,MISSOURI,0.6564,119238
29099,MISSOURI,0.1863,223302
29101,MISSOURI,0.3506,53689
29103,MISSOURI,0.557,3951
29105,MISSOURI,0.6178,35507
29107,MISSOURI,0.3882,32589
29109,MISSOURI,0.7866,38133
29111,MISSOURI,0.4465,10027
29113,MISSOURI,0.2939,55563
29115,MISSOURI,0.272,12186
29117,MISSOURI,0.3748,15076
29119,MISSOURI,0.8631,22827
29121,MISSOURI,0.586,15254
29123,MISSOURI,0.4777,12205
29125,MISSOURI,0.5118,8884
29127,MISSOURI,0.5459,28672
29129,MISSOURI,0.3045,3664
29131,MISSOURI,0.501,25049
29133,MISSOURI,0.9076,13748
29135,MISSOURI,0.5143,15958
29137,MISSOURI,0.3876,8654
29139,MISSOURI,0.5331,11545
29141,MISSOURI,0.629,20137
29143,MISSOURI,0.8968,17811
29145,MISSOURI,0.4341,58202
29147,MISSOURI,0.222,22547
29149,MISSOURI,0.4885,10699
29151,MISSOURI,0.0497,13619
29153,MISSOURI,0.5825,9236
29155,MISSOURI,0.9303,17031
29157,MISSOURI,0.2312,19146
29159,MISSOURI,0.8035,42371
29161,MISSOURI,0.6596,44789
29163,MISSOURI,0.5376,18489
29165,MISSOURI,0.0959,98824
29167,MISSOURI,0.5987,31549
29169,MISSOURI,0.6503,52591
29171,MISSOURI,0.5764,4815
29173,MISSOURI,0.1045,10217
29175,MISSOURI,0.5554,24945
29177,MISSOURI,0.2573,22825
29179,MISSOURI,0.5573,6315
29181,MISSOURI,0.715,13693
29183,MISSOURI,0.0363,389985
29185,MISSOURI,0.4987,9383
29186,MISSOURI,0.1885,17871
29187,MISSOURI,0.7016,66342
29189,MISSOURI,0.2611,998684
29195,MISSOURI,0.8162,23102
29197,MISSOURI,0.3831,4502
29199,MISSOURI,0.5303,4898
29201,MISSOURI,0.7844,38729
29203,MISSOURI,0.6449,8246
29205,MISSOURI,0.3984,6061
29207,MISSOURI,0.4643,29512
29209,MISSOURI,0.3487,31527
29211,MISSOURI,0.6296,6317
29213,MISSOURI,0.8217,54720
29215,MISSOURI,0.8303,25671
29217,MISSOURI,0.451,20691
29219,MISSOURI,0.3841,33908
29221,MISSOURI,0.7904,24931
29223,MISSOURI,0.7646,13308
29225,MISSOURI,0.6385,38082
29227,MISSOURI,0.2239,2040
29229,MISSOURI,0.9006,18293
29510,MISSOURI,0.7796,311273
30001,MONTANA,0.2516,9393
30003,MONTANA,0.8274,13376
30005,MONTANA,0.915,6727
30007,MONTANA,0.042,5834
30009,MONTANA,0.0433,10546
30011,MONTANA,0.0487,1318
30013,MONTANA,0.4102,81746
30015,MONTANA,0.4799,5789
30017,MONTANA,0.2901,11845
30019,MONTANA,0.0242,1753
30021,MONTANA,0.0752,9191
30023,MONTANA,0.4717,9100
30025,MONTANA,0.0217,2838
30027,MONTANA,0.2376,11273
30029,MONTANA,0.0924,98082
30031,MONTANA,0.0427,104729
30033,MONTANA,0.0076,1141
30035,MONTANA,0.8583,13699
30037,MONTANA,0.0519,724
30039,MONTANA,0.0764,3269
30041,MONTANA,0.6984,16439
30043,MONTANA,0.0481,11778
30045,MONTANA,0.0162,1951
30047,MONTANA,0.6468,29774
30049,MONTANA,0.1258,67077
30051,MONTANA,0.4099,2280
30053,MONTANA,0.4194,19358
30055,MONTANA,0.0774,1630
30057,MONTANA,0.1726,8218
30059,MONTANA,0.0465,1968
30061,MONTANA,0.5621,4211
30063,MONTANA,0.178,115983
30065,MONTANA,0.3551,4807
30067,MONTANA,0.0688,16246
30069,MONTANA,0.0029,432
30071,MONTANA,0.4146,4124
30073,MONTANA,0.8296,6044
30075,MONTANA,0.0392,1619
30077,MONTANA,0.2545,6861
30079,MONTANA,0.0758,1342
30081,MONTANA,0.186,41902
30083,MONTANA,0.2121,11360
30085,MONTANA,0.8879,11228
30087,MONTANA,0.607,9250
30089,MONTANA,0.3478,11521
30091,MONTANA,0.0949,3574
30093,MONTANA,0.5258,34814
30095,MONTANA,0.036,9410
30097,MONTANA,0.0086,3653
30099,MONTANA,0.2981,6080
30101,MONTANA,0.4768,4976
30103,MONTANA,0.0567,777
30105,MONTANA,0.1162,7532
30107,MONTANA,0.5436,2149
30109,MONTANA,0.3933,1175
30111,MONTANA,0.2497,157816
31001,NEBRASKA,0.3592,31583
31003,NEBRASKA,0.1032,6372
31005,NEBRASKA,0.0083,418
31007,NEBRASKA,0.0041,696
31009,NEBRASKA,0.0908,480
31011,NEBRASKA,0.0283,5313
31013,NEBRASKA,0.3586,11089
31015,NEBRASKA,0.092,2042
31017,NEBRASKA,0.1252,2988
31019,NEBRASKA,0.2656,49030
31021,NEBRASKA,0.2541,6528
31023,NEBRASKA,0.1172,8067
31025,NEBRASKA,0.0108,25702
31027,NEBRASKA,0.0121,8523
31029,NEBRASKA,0.1551,3734
31031,NEBRASKA,0.2261,5790
31033,NEBRASKA,0.121,9852
31035,NEBRASKA,0.1646,6232
31037,NEBRASKA,0.5188,10760
31039,NEBRASKA,0.1936,8991
31041,NEBRASKA,0.1818,10830
31043,NEBRASKA,0.8615,20317
31045,NEBRASKA,0.1717,8896
31047,NEBRASKA,0.7933,23804
31049,NEBRASKA,0.165,1894
31051,NEBRASKA,0.379,5746
31053,NEBRASKA,0.5691,36683
31055,NEBRASKA,0.4669,554992
31057,NEBRASKA,0.3038,2023
31059,NEBRASKA,0.0618,5574
31061,NEBRASKA,0.0768,3006
31063,NEBRASKA,0.0994,2609
31065,NEBRASKA,0.1825,4786
31067,NEBRASKA,0.1105,21595
31069,NEBRASKA,0.0143,1860
31071,NEBRASKA,0.043,1975
31073,NEBRASKA,0.0051,2015
31075,NEBRASKA,0.1328,718
31077,NEBRASKA,0.0411,2410
31079,NEBRASKA,0.6701,61343
31081,NEBRASKA,0.0089,9178
31083,NEBRASKA,0.1239,3438
31085,NEBRASKA,0.0436,943
31087,NEBRASKA,0.1943,2843
31089,NEBRASKA,0.0981,10245
31091,NEBRASKA,0.1468,691
31093,NEBRASKA,0.0803,6405
31095,NEBRASKA,0.2185,7188
31097,NEBRASKA,0.5777,5197
31099,NEBRASKA,0.0939,6552
31101,NEBRASKA,0.2268,8099
31103,NEBRASKA,0.001,792
31105,NEBRASKA,0.5611,3667
31107,NEBRASKA,0.3277,8460
31109,NEBRASKA,0.3025,310094
31111,NEBRASKA,0.3675,35433
31113,NEBRASKA,0.1073,886
31115,NEBRASKA,0.0045,585
31117,NEBRASKA,0.0838,454
31119,NEBRASKA,0.5105,35164
31121,NEBRASKA,0.1975,7803
31123,NEBRASKA,0.422,4841
31125,NEBRASKA,0.0825,3554
31127,NEBRASKA,0.1659,7004
31129,NEBRASKA,0.1736,4275
31131,NEBRASKA,0.2287,15896
31133,NEBRASKA,0.2318,2676
31135,NEBRASKA,0.0538,2907
31137,NEBRASKA,0.1226,9120
31139,NEBRASKA,0.0229,7157
31141,NEBRASKA,0.2994,33063
31143,NEBRASKA,0.1908,5255
31145,NEBRASKA,0.2373,10806
31147,NEBRASKA,0.1025,8009
31149,NEBRASKA,0.0092,1350
31151,NEBRASKA,0.5978,14288
31153,NEBRASKA,0.0971,178351
31155,NEBRASKA,0.0424,21024
31157,NEBRASKA,0.5675,36255
31159,NEBRASKA,0.0468,17127
31161,NEBRASKA,0.5968,5234
31163,NEBRASKA,0.0739,3042
31165,NEBRASKA,0.0178,1266
31167,NEBRASKA,0.057,5992
31169,NEBRASKA,0.058,5098
31171,NEBRASKA,0.0035,645
31173,NEBRASKA,0.8866,7140
31175,NEBRASKA,0.1484,4224
31177,NEBRASKA,0.0379,20219
31179,NEBRASKA,0.0847,9367
31181,NEBRASKA,0.1092,3571
31183,NEBRASKA,0.0048,822
31185,NEBRASKA,0.1828,13799
32001,NEVADA,0.6048,24010
32003,NEVADA,0.7404,2141574
32005,NEVADA,0.1793,47828
32007,NEVADA,0.5178,52252
32009,NEVADA,0.6395,981
32011,NEVADA,0.0675,1830
32013,NEVADA,0.5869,16904
32015,NEVADA,0.8261,5746
32017,NEVADA,0.4213,5174
32019,NEVADA,0.5783,53155
32021,NEVADA,0.8815,4448
32023,NEVADA,0.7309,43705
32027,NEVADA,0.9038,6611
32029,NEVADA,0.0717,3941
32031,NEVADA,0.5271,450486
32033,NEVADA,0.3742,9737
32510,NEVADA,0.8443,54467
33001,NEW HAMPSHIRE,0.0841,60640
33003,NEW HAMPSHIRE,0.0583,47840
33005,NEW HAMPSHIRE,0.1417,76263
33007,NEW HAMPSHIRE,0.529,32038
33009,NEW HAMPSHIRE,0.1882,89811
33011,NEW HAMPSHIRE,0.1911,411087
33013,NEW HAMPSHIRE,0.1455,149452
33015,NEW HAMPSHIRE,0.0111,305129
33017,NEW HAMPSHIRE,0.1748,128237
33019,NEW HAMPSHIRE,0.1513,43125
34001,NEW JERSEY,0.7911,268539
34003,NEW JERSEY,0.2395,929999
34005,NEW JERSEY,0.2054,446367
34007,NEW JERSEY,0.6118,507367
34009,NEW JERSEY,0.3398,93705
34011,NEW JERSEY,0.9592,153400
34013,NEW JERSEY,0.8404,793555
34015,NEW JERSEY,0.1675,290852
34017,NEW JERSEY,0.6424,668631
34019,NEW JERSEY,0.0264,125051
34021,NEW JERSEY,0.558,368762
34023,NEW JERSEY,0.4659,826698
34025,NEW JERSEY,0.1605,623387
34027,NEW JERSEY,0.1201,494383
34029,NEW JERSEY,0.3354,591939
34031,NEW JERSEY,0.7764,504041
34033,NEW JERSEY,0.5901,63336
34035,NEW JERSEY,0.1,330176
34037,NEW JERSEY,0.0191,142298
34039,NEW JERSEY,0.6232,553066
34041,NEW JERSEY,0.2178,106293
35001,NEW MEXICO,0.6828,677692
35003,NEW MEXICO,0.3357,3539
35005,NEW MEXICO,0.9551,65459
35006,NEW MEXICO,0.9984,26978
35007,NEW MEXICO,0.9627,12353
35009,NEW MEXICO,0.8774,50199
35011,NEW MEXICO,0.6939,2060
35013,NEW MEXICO,0.9841,215338
35015,NEW MEXICO,0.7032,57437
35017,NEW MEXICO,0.9296,28061
35019,NEW MEXICO,0.9529,4382
35021,NEW MEXICO,0.3615,459
35023,NEW MEXICO,0.9631,4371
35025,NEW MEXICO,0.9217,70126
35027,NEW MEXICO,0.4796,19482
35028,NEW MEXICO,0.0248,18356
35029,NEW MEXICO,0.999,24264
35031,NEW MEXICO,0.9889,72849
35033,NEW MEXICO,0.7959,4563
35035,NEW MEXICO,0.914,65745
35037,NEW MEXICO,0.8096,8373
35041,NEW MEXICO,0.943,19117
35043,NEW MEXICO,0.4818,140769
35045,NEW MEXICO,0.9194,127455
35047,NEW MEXICO,0.9863,28034
35049,NEW MEXICO,0.5255,148917
35051,NEW MEXICO,0.9146,11135
35053,NEW MEXICO,0.9745,17000
35055,NEW MEXICO,0.8586,32888
35057,NEW MEXICO,0.749,15595
35059,NEW MEXICO,0.6793,4175
35061,NEW MEXICO,0.9041,75956
36001,NEW YORK,0.3041,307426
36003,NEW YORK,0.5818,47025
36005,NEW YORK,0.9927,1437872
36007,NEW YORK,0.6166,194402
36009,NEW YORK,0.7283,77686
36011,NEW YORK,0.5025,77868
36013,NEW YORK,0.7248,129656
36015,NEW YORK,0.485,85740
36017,NEW YORK,0.5646,48348
36019,NEW YORK,0.5312,80794
36021,NEW YORK,0.3854,60919
36023,NEW YORK,0.3452,48123
36025,NEW YORK,0.6331,45502
36027,NEW YORK,0.4207,293894
36029,NEW YORK,0.414,919866
36031,NEW YORK,0.3869,37751
36033,NEW YORK,0.7073,50692
36035,NEW YORK,0.501,53743
36037,NEW YORK,0.1879,58112
36039,NEW YORK,0.4159,47617
36041,NEW YORK,0.3898,4575
36043,NEW YORK,0.5322,62505
36045,NEW YORK,0.6484,114448
36047,NEW YORK,0.8153,2600747
36049,NEW YORK,0.2911,26719
36051,NEW YORK,0.3424,63907
36053,NEW YORK,0.1666,71359
36055,NEW YORK,0.5204,744248
36057,NEW YORK,0.8306,49426
36059,NEW YORK,0.243,1356564
36061,NEW YORK,0.551,1632480
36063,NEW YORK,0.3318,211704
36065,NEW YORK,0.6946,230782
36067,NEW YORK,0.5207,464242
36069,NEW YORK,0.2315,109472
36071,NEW YORK,0.5538,378227
36073,NEW YORK,0.643,41175
36075,NEW YORK,0.6497,119104
36077,NEW YORK,0.4236,60244
36079,NEW YORK,0.0812,99070
36081,NEW YORK,0.6201,2298513
36083,NEW YORK,0.343,159431
36085,NEW YORK,0.4764,474101
36087,NEW YORK,0.6038,323686
36089,NEW YORK,0.7475,109558
36091,NEW YORK,0.0475,227377
36093,NEW YORK,0.3943,154883
36095,NEW YORK,0.4013,31364
36097,NEW YORK,0.3691,17992
36099,NEW YORK,0.449,34612
36101,NEW YORK,0.4691,96927
36103,NEW YORK,0.2146,1487901
36105,NEW YORK,0.7939,75211
36107,NEW YORK,0.1994,49045
36109,NEW YORK,0.3462,102962
36111,NEW YORK,0.4704,179303
36113,NEW YORK,0.1742,64480
36115,NEW YORK,0.4,61828
36117,NEW YORK,0.3414,90856
36119,NEW YORK,0.5516,968815
36121,NEW YORK,0.3121,40565
36123,NEW YORK,0.4392,25009
37001,NORTH CAROLINA,0.7838,160576
37003,NORTH CAROLINA,0.6341,37119
37005,NORTH CAROLINA,0.6268,10973
37007,NORTH CAROLINA,0.9443,25306
37009,NORTH CAROLINA,0.4994,26786
37011,NORTH CAROLINA,0.6446,17501
37013,NORTH CAROLINA,0.7156,47243
37015,NORTH CAROLINA,0.9385,19644
37017,NORTH CAROLINA,0.9446,33778
37019,NORTH CAROLINA,0.3583,126860
37021,NORTH CAROLINA,0.3799,254474
37023,NORTH CAROLINA,0.8487,89712
37025,NORTH CAROLINA,0.4175,201448
37027,NORTH CAROLINA,0.651,81779
37029,NORTH CAROLINA,0.307,10447
37031,NORTH CAROLINA,0.4255,68920
37033,NORTH CAROLINA,0.836,22746
37035,NORTH CAROLINA,0.6481,156729
37037,NORTH CAROLINA,0.3809,69791
37039,NORTH CAROLINA,0.4869,27668
37041,NORTH CAROLINA,0.8118,14205
37043,NORTH CAROLINA,0.2191,10813
37045,NORTH CAROLINA,0.835,97159
37047,NORTH CAROLINA,0.9481,56293
37049,NORTH CAROLINA,0.8099,103082
37051,NORTH CAROLINA,0.864,332106
37053,NORTH CAROLINA,0.1194,25796
37055,NORTH CAROLINA,0.1449,35741
37057,NORTH CAROLINA,0.6841,164664
37059,NORTH CAROLINA,0.4411,41991
37061,NORTH CAROLINA,0.979,59062
37063,NORTH CAROLINA,0.6197,306457
37065,NORTH CAROLINA,0.9726,53332
37067,NORTH CAROLINA,0.6834,371573
37069,NORTH CAROLINA,0.6376,64902
37071,NORTH CAROLINA,0.672,216585
37073,NORTH CAROLINA,0.3567,11563
37075,NORTH CAROLINA,0.6338,8557
37077,NORTH CAROLINA,0.6561,58874
37079,NORTH CAROLINA,0.9924,21008
37081,NORTH CAROLINA,0.6369,523582
37083,NORTH CAROLINA,0.9646,51737
37085,NORTH CAROLINA,0.7869,130361
37087,NORTH CAROLINA,0.2809,60433
37089,NORTH CAROLINA,0.321,113625
37091,NORTH CAROLINA,0.9873,24153
37093,NORTH CAROLINA,0.8924,53239
37095,NORTH CAROLINA,0.8627,5393
37097,NORTH CAROLINA,0.3745,172525
37099,NORTH CAROLINA,0.6236,42256
37101,NORTH CAROLINA,0.5395,191172
37103,NORTH CAROLINA,0.8761,9695
37105,NORTH CAROLINA,0.8481,60125
37107,NORTH CAROLINA,0.9933,57227
37109,NORTH CAROLINA,0.3564,81441
37111,NORTH CAROLINA,0.7895,45109
37113,NORTH CAROLINA,0.3548,34410
37115,NORTH CAROLINA,0.4586,21405
37117,NORTH CAROLINA,0.7541,23054
37119,NORTH CAROLINA,0.4408,1054314
37121,NORTH CAROLINA,0.4223,15040
37123,NORTH CAROLINA,0.8713,27338
37125,NORTH CAROLINA,0.3621,95629
37127,NORTH CAROLINA,0.8287,94003
37129,NORTH CAROLINA,0.3771,224231
37131,NORTH CAROLINA,0.9022,20186
37133,NORTH CAROLINA,0.7465,193912
37135,NORTH CAROLINA,0.2959,142938
37137,NORTH CAROLINA,0.7162,12742
37139,NORTH CAROLINA,0.7748,39479
37141,NORTH CAROLINA,0.5478,59020
37143,NORTH CAROLINA,0.5048,13459
37145,NORTH CAROLINA,0.7732,39305
37147,NORTH CAROLINA,0.8242,177372
37149,NORTH CAROLINA,0.3825,20458
37151,NORTH CAROLINA,0.6965,142958
37153,NORTH CAROLINA,0.9796,45189
37155,NORTH CAROLINA,0.9911,133442
37157,NORTH CAROLINA,0.7857,91270
37159,NORTH CAROLINA,0.8143,139605
37161,NORTH CAROLINA,0.7551,66532
37163,NORTH CAROLINA,0.9723,63561
37165,NORTH CAROLINA,0.9936,35262
37167,NORTH CAROLINA,0.6325,61114
37169,NORTH CAROLINA,0.3067,45905
37171,NORTH CAROLINA,0.7258,72099
37173,NORTH CAROLINA,0.7774,14254
37175,NORTH CAROLINA,0.3975,33513
37177,NORTH CAROLINA,0.8764,4119
37179,NORTH CAROLINA,0.1873,226694
37181,NORTH CAROLINA,0.9787,44482
37183,NORTH CAROLINA,0.2774,1046558
37185,NORTH CAROLINA,0.8943,20033
37187,NORTH CAROLINA,0.8787,12156
37189,NORTH CAROLINA,0.4121,54117
37191,NORTH CAROLINA,0.9503,124002
37193,NORTH CAROLINA,0.6924,68460
37195,NORTH CAROLINA,0.936,81336
37197,NORTH CAROLINA,0.6404,37665
37199,NORTH CAROLINA,0.5736,17667
38001,NORTH DAKOTA,0.0299,2351
38003,NORTH DAKOTA,0.1245,10836
38005,NORTH DAKOTA,0.8433,6886
38007,NORTH DAKOTA,0.0312,946
38009,NORTH DAKOTA,0.0691,6589
38011,NORTH DAKOTA,0.1755,3195
38013,NORTH DAKOTA,0.007,2213
38015,NORTH DAKOTA,0.1739,93737
38017,NORTH DAKOTA,0.1427,174202
38019,NORTH DAKOTA,0.0172,3824
38021,NORTH DAKOTA,0.1159,4970
38023,NORTH DAKOTA,0.0334,2369
38025,NORTH DAKOTA,0.2226,4387
38027,NORTH DAKOTA,0.2904,2313
38029,NORTH DAKOTA,0.0955,3352
38031,NORTH DAKOTA,0.0175,3290
38033,NORTH DAKOTA,0.093,1882
38035,NORTH DAKOTA,0.3029,70400
38037,NORTH DAKOTA,0.071,2380
38039,NORTH DAKOTA,0.0732,2266
38041,NORTH DAKOTA,0.0561,2576
38043,NORTH DAKOTA,0.029,2460
38045,NORTH DAKOTA,0.0443,4100
38047,NORTH DAKOTA,0.0382,1927
38049,NORTH DAKOTA,0.0296,5927
38051,NORTH DAKOTA,0.1061,2654
38053,NORTH DAKOTA,0.392,12536
38055,NORTH DAKOTA,0.0834,9608
38057,NORTH DAKOTA,0.1016,8570
38059,NORTH DAKOTA,0.1035,30544
38061,NORTH DAKOTA,0.3758,10152
38063,NORTH DAKOTA,0.035,2920
38065,NORTH DAKOTA,0.2108,1837
38067,NORTH DAKOTA,0.0417,7016
38069,NORTH DAKOTA,0.1914,4210
38071,NORTH DAKOTA,0.3532,11557
38073,NORTH DAKOTA,0.0857,5361
38075,NORTH DAKOTA,0.028,2495
38077,NORTH DAKOTA,0.1217,16288
38079,NORTH DAKOTA,0.907,14603
38081,NORTH DAKOTA,0.0232,3883
38083,NORTH DAKOTA,0.0742,1405
38085,NORTH DAKOTA,0.8844,4413
38087,NORTH DAKOTA,0.0137,704
38089,NORTH DAKOTA,0.214,30876
38091,NORTH DAKOTA,0.0019,1910
38093,NORTH DAKOTA,0.2424,21064
38095,NORTH DAKOTA,0.1946,2246
38097,NORTH DAKOTA,0.0927,8019
38099,NORTH DAKOTA,0.3682,10802
38101,NORTH DAKOTA,0.1678,69034
38103,NORTH DAKOTA,0.0611,4055
38105,NORTH DAKOTA,0.251,34061
39001,OHIO,0.7704,27878
39003,OHIO,0.5793,103642
39005,OHIO,0.4334,53477
39007,OHIO,0.7857,98136
39009,OHIO,0.7325,65936
39011,OHIO,0.0535,45784
39013,OHIO,0.3596,68472
39015,OHIO,0.4048,43679
39017,OHIO,0.3618,378294
39019,OHIO,0.1538,27578
39021,OHIO,0.2978,38864
39023,OHIO,0.7271,135198
39025,OHIO,0.1029,203216
39027,OHIO,0.4424,41896
39029,OHIO,0.4854,104003
39031,OHIO,0.6207,36574
39033,OHIO,0.3191,42021
39035,OHIO,0.6809,1253783
39037,OHIO,0.1347,51734
39039,OHIO,0.2166,38279
39041,OHIO,0.0166,197008
39043,OHIO,0.2914,75136
39045,OHIO,0.2354,152910
39047,OHIO,0.5016,28645
39049,OHIO,0.5124,1275333
39051,OHIO,0.1777,42305
39053,OHIO,0.664,30195
39055,OHIO,0.0901,93961
39057,OHIO,0.2076,165811
39059,OHIO,0.6707,39274
39061,OHIO,0.5369,812037
39063,OHIO,0.2111,75690
39065,OHIO,0.471,31542
39067,OHIO,0.5194,15307
39069,OHIO,0.1557,27316
39071,OHIO,0.6898,43007
39073,OHIO,0.4685,28495
39075,OHIO,0.436,43859
39077,OHIO,0.4325,58457
39079,OHIO,0.7726,32524
39081,OHIO,0.5494,66886
39083,OHIO,0.2943,61215
39085,OHIO,0.1293,230052
39087,OHIO,0.5583,60622
39089,OHIO,0.229,172293
39091,OHIO,0.3169,45307
39093,OHIO,0.5089,306713
39095,OHIO,0.6876,432379
39097,OHIO,0.3382,43988
39099,OHIO,0.5889,231064
39101,OHIO,0.6414,65344
39103,OHIO,0.0102,177257
39105,OHIO,0.6787,23160
39107,OHIO,0.051,40806
39109,OHIO,0.1191,104800
39111,OHIO,0.443,14090
39113,OHIO,0.6726,532034
39115,OHIO,0.5659,14702
39117,OHIO,0.192,34976
39119,OHIO,0.5981,86076
39121,OHIO,0.4293,14443
39123,OHIO,0.1541,40709
39125,OHIO,0.2885,18872
39127,OHIO,0.5545,35985
39129,OHIO,0.2818,57420
39131,OHIO,0.7994,28214
39133,OHIO,0.2455,162644
39135,OHIO,0.1691,41207
39137,OHIO,0.0153,33969
39139,OHIO,0.6169,121324
39141,OHIO,0.7255,77051
39143,OHIO,0.3987,59299
39145,OHIO,0.8347,76377
39147,OHIO,0.3755,55475
39149,OHIO,0.1892,48797
39151,OHIO,0.3666,373475
39153,OHIO,0.3334,541810
39155,OHIO,0.464,201794
39157,OHIO,0.3443,92526
39159,OHIO,0.0771,55654
39161,OHIO,0.1697,28281
39163,OHIO,0.7229,13111
39165,OHIO,0.0478,226564
39167,OHIO,0.3497,60671
39169,OHIO,0.479,116208
39171,OHIO,0.2691,36936
39173,OHIO,0.1662,129936
39175,OHIO,0.2274,22107
40001,OKLAHOMA,0.8965,22113
40003,OKLAHOMA,0.2535,5857
40005,OKLAHOMA,0.8076,13874
40007,OKLAHOMA,0.4554,5415
40009,OKLAHOMA,0.7118,22621
40011,OKLAHOMA,0.6678,9634
40013,OKLAHOMA,0.8127,45759
40015,OKLAHOMA,0.9459,29342
40017,OKLAHOMA,0.2621,136710
40019,OKLAHOMA,0.7914,48406
40021,OKLAHOMA,0.9271,48599
40023,OKLAHOMA,0.9602,14886
40025,OKLAHOMA,0.4475,2189
40027,OKLAHOMA,0.3436,276733
40029,OKLAHOMA,0.8255,5618
40031,OKLAHOMA,0.8354,122561
40033,OKLAHOMA,0.6742,5929
40035,OKLAHOMA,0.8538,14493
40037,OKLAHOMA,0.4901,71160
40039,OKLAHOMA,0.7503,29209
40041,OKLAHOMA,0.7697,42112
40043,OKLAHOMA,0.2248,4918
40045,OKLAHOMA,0.3019,4072
40047,OKLAHOMA,0.5908,62190
40049,OKLAHOMA,0.5115,27823
40051,OKLAHOMA,0.308,54733
40053,OKLAHOMA,0.1634,4418
40055,OKLAHOMA,0.7742,5943
40057,OKLAHOMA,0.8108,2721
40059,OKLAHOMA,0.3185,3847
40061,OKLAHOMA,0.8736,12704
40063,OKLAHOMA,0.8115,13460
40065,OKLAHOMA,0.8226,25384
40067,OKLAHOMA,0.8745,6223
40069,OKLAHOMA,0.8468,11041
40071,OKLAHOMA,0.842,44880
40073,OKLAHOMA,0.3806,15618
40075,OKLAHOMA,0.6545,9001
40077,OKLAHOMA,0.8936,10495
40079,OKLAHOMA,0.9032,49909
40081,OKLAHOMA,0.4787,34854
40083,OKLAHOMA,0.2984,46044
40085,OKLAHOMA,0.6293,9933
40087,OKLAHOMA,0.1624,38634
40089,OKLAHOMA,0.9137,32966
40091,OKLAHOMA,0.7828,19819
40093,OKLAHOMA,0.3204,7718
40095,OKLAHOMA,0.8545,16376
40097,OKLAHOMA,0.7519,40980
40099,OKLAHOMA,0.7092,13875
40101,OKLAHOMA,0.9338,69084
40103,OKLAHOMA,0.3385,11411
40105,OKLAHOMA,0.5895,10383
40107,OKLAHOMA,0.9287,12115
40109,OKLAHOMA,0.6818,782051
40111,OKLAHOMA,0.8659,38889
40113,OKLAHOMA,0.6239,47311
40115,OKLAHOMA,0.9576,31566
40117,OKLAHOMA,0.5424,16428
40119,OKLAHOMA,0.5131,81512
40121,OKLAHOMA,0.8264,44382
40123,OKLAHOMA,0.65,38358
40125,OKLAHOMA,0.7815,72000
40127,OKLAHOMA,0.7863,11119
40129,OKLAHOMA,0.4003,3708
40131,OKLAHOMA,0.2834,90814
40133,OKLAHOMA,0.929,25071
40135,OKLAHOMA,0.9159,41359
40137,OKLAHOMA,0.6051,43983
40139,OKLAHOMA,0.821,21121
40141,OKLAHOMA,0.871,7515
40143,OKLAHOMA,0.6159,642781
40145,OKLAHOMA,0.4245,77850
40147,OKLAHOMA,0.4382,52001
40149,OKLAHOMA,0.4045,11432
40151,OKLAHOMA,0.314,9127
40153,OKLAHOMA,0.5745,20967
41001,OREGON,0.6854,15984
41003,OREGON,0.349,89780
41005,OREGON,0.1895,405788
41007,OREGON,0.5185,38562
41009,OREGON,0.4025,50851
41011,OREGON,0.743,63308
41013,OREGON,0.5729,22337
41015,OREGON,0.4879,22507
41017,OREGON,0.1637,180640
41019,OREGON,0.7277,108323
41021,OREGON,0.5092,1907
41023,OREGON,0.5465,7183
41025,OREGON,0.7108,7228
41027,OREGON,0.5455,23131
41029,OREGON,0.7354,214267
41031,OREGON,0.9118,23143
41033,OREGON,0.6557,85481
41035,OREGON,0.8688,66310
41037,OREGON,0.7608,7843
41039,OREGON,0.649,368882
41041,OREGON,0.5522,47881
41043,OREGON,0.679,122870
41045,OREGON,0.9965,30431
41047,OREGON,0.8535,335553
41049,OREGON,0.7643,11215
41051,OREGON,0.4675,798647
41053,OREGON,0.5777,81427
41055,OREGON,0.135,1605
41057,OREGON,0.6586,26076
41059,OREGON,0.9688,76898
41061,OREGON,0.6729,26028
41063,OREGON,0.5032,6924
41065,OREGON,0.8389,25866
41067,OREGON,0.3194,581821
41069,OREGON,0.3901,1426
41071,OREGON,0.6608,103820
42001,PENNSYLVANIA,0.2118,102023
42003,PENNSYLVANIA,0.2506,1225561
42005,PENNSYLVANIA,0.2475,66331
42007,PENNSYLVANIA,0.2481,166896
42009,PENNSYLVANIA,0.2729,48611
42011,PENNSYLVANIA,0.6162,416642
42013,PENNSYLVANIA,0.3981,123842
42015,PENNSYLVANIA,0.3471,61304
42017,PENNSYLVANIA,0.0831,626370
42019,PENNSYLVANIA,0.079,186566
42021,PENNSYLVANIA,0.4892,134550
42023,PENNSYLVANIA,0.3006,4686
42025,PENNSYLVANIA,0.3048,63931
42027,PENNSYLVANIA,0.2892,161443
42029,PENNSYLVANIA,0.1436,517156
42031,PENNSYLVANIA,0.4771,38827
42033,PENNSYLVANIA,0.6054,80216
42035,PENNSYLVANIA,0.486,39074
42037,PENNSYLVANIA,0.2768,66220
42039,PENNSYLVANIA,0.5064,86164
42041,PENNSYLVANIA,0.1615,247433
42043,PENNSYLVANIA,0.4975,274515
42045,PENNSYLVANIA,0.4131,563527
42047,PENNSYLVANIA,0.1166,30608
42049,PENNSYLVANIA,0.6194,275972
42051,PENNSYLVANIA,0.6248,132289
42053,PENNSYLVANIA,0.7115,7351
42055,PENNSYLVANIA,0.3373,153751
42057,PENNSYLVANIA,0.2201,14506
42059,PENNSYLVANIA,0.435,37144
42061,PENNSYLVANIA,0.4908,45421
42063,PENNSYLVANIA,0.5484,85755
42065,PENNSYLVANIA,0.3312,44084
42067,PENNSYLVANIA,0.4484,24562
42069,PENNSYLVANIA,0.5252,211454
42071,PENNSYLVANIA,0.4573,538347
42073,PENNSYLVANIA,0.4694,87382
42075,PENNSYLVANIA,0.5328,138674
42077,PENNSYLVANIA,0.635,362613
42079,PENNSYLVANIA,0.6089,317884
42081,PENNSYLVANIA,0.421,114859
42083,PENNSYLVANIA,0.5462,41806
42085,PENNSYLVANIA,0.542,112630
42087,PENNSYLVANIA,0.4723,46362
42089,PENNSYLVANIA,0.3064,167586
42091,PENNSYLVANIA,0.1653,821301
42093,PENNSYLVANIA,0.3111,18294
42095,PENNSYLVANIA,0.2876,301778
42097,PENNSYLVANIA,0.5006,92325
42099,PENNSYLVANIA,0.1089,45924
42101,PENNSYLVANIA,0.9204,1575522
42103,PENNSYLVANIA,0.1287,55498
42105,PENNSYLVANIA,0.4417,16937
42107,PENNSYLVANIA,0.4506,143555
42109,PENNSYLVANIA,0.2299,40466
42111,PENNSYLVANIA,0.4226,74949
42113,PENNSYLVANIA,0.3576,6177
42115,PENNSYLVANIA,0.2064,41340
42117,PENNSYLVANIA,0.3153,41226
42119,PENNSYLVANIA,0.3605,45114
42121,PENNSYLVANIA,0.4229,52376
42123,PENNSYLVANIA,0.2134,40035
42125,PENNSYLVANIA,0.1694,207547
42127,PENNSYLVANIA,0.2631,51536
42129,PENNSYLVANIA,0.1379,354751
42131,PENNSYLVANIA,0.1121,27588
42133,PENNSYLVANIA,0.329,444014
44001,RHODE ISLAND,0.1236,48900
44003,RHODE ISLAND,0.1519,163861
44005,RHODE ISLAND,0.179,83075
44007,RHODE ISLAND,0.7592,634533
44009,RHODE ISLAND,0.0889,126242
45001,SOUTH CAROLINA,0.8564,24657
45003,SOUTH CAROLINA,0.6666,166926
45005,SOUTH CAROLINA,0.993,9214
45007,SOUTH CAROLINA,0.701,195995
45009,SOUTH CAROLINA,0.9516,14600
45011,SOUTH CAROLINA,0.9904,21577
45013,SOUTH CAROLINA,0.4006,182658
45015,SOUTH CAROLINA,0.5146,209065
45017,SOUTH CAROLINA,0.5627,14713
45019,SOUTH CAROLINA,0.3156,394708
45021,SOUTH CAROLINA,0.6978,56711
45023,SOUTH CAROLINA,0.7363,32326
45025,SOUTH CAROLINA,0.9487,46024
45027,SOUTH CAROLINA,0.9793,34017
45029,SOUTH CAROLINA,0.8,37568
45031,SOUTH CAROLINA,0.9268,67253
45033,SOUTH CAROLINA,0.9682,30871
45035,SOUTH CAROLINA,0.4188,155474
45037,SOUTH CAROLINA,0.8484,26769
45039,SOUTH CAROLINA,0.7484,22712
45041,SOUTH CAROLINA,0.8987,138561
45043,SOUTH CAROLINA,0.6771,61605
45045,SOUTH CAROLINA,0.5038,498402
45047,SOUTH CAROLINA,0.9344,70264
45049,SOUTH CAROLINA,0.8032,19807
45051,SOUTH CAROLINA,0.6102,320915
45053,SOUTH CAROLINA,0.9449,27900
45055,SOUTH CAROLINA,0.4959,64361
45057,SOUTH CAROLINA,0.5121,89546
45059,SOUTH CAROLINA,0.9172,66710
45061,SOUTH CAROLINA,0.921,17606
45063,SOUTH CAROLINA,0.442,286316
45065,SOUTH CAROLINA,0.7373,9606
45067,SOUTH CAROLINA,0.9293,31562
45069,SOUTH CAROLINA,0.9869,27131
45071,SOUTH CAROLINA,0.9232,38068
45073,SOUTH CAROLINA,0.7293,76696
45075,SOUTH CAROLINA,0.9229,88454
45077,SOUTH CAROLINA,0.599,122746
45079,SOUTH CAROLINA,0.6309,408263
45081,SOUTH CAROLINA,0.7949,20299
45083,SOUTH CAROLINA,0.7618,302195
45085,SOUTH CAROLINA,0.9732,106995
45087,SOUTH CAROLINA,0.8678,27644
45089,SOUTH CAROLINA,0.9704,31794
45091,SOUTH CAROLINA,0.3662,258641
46003,SOUTH DAKOTA,0.2726,2759
46005,SOUTH DAKOTA,0.6506,18374
46007,SOUTH DAKOTA,0.7927,3437
46009,SOUTH DAKOTA,0.2382,6969
46011,SOUTH DAKOTA,0.1561,34239
46013,SOUTH DAKOTA,0.3287,38840
46015,SOUTH DAKOTA,0.5713,5256
46017,SOUTH DAKOTA,0.971,2053
46019,SOUTH DAKOTA,0.3627,10177
46021,SOUTH DAKOTA,0.0064,1435
46023,SOUTH DAKOTA,0.7389,9344
46025,SOUTH DAKOTA,0.171,3673
46027,SOUTH DAKOTA,0.2468,13925
46029,SOUTH DAKOTA,0.2449,27993
46031,SOUTH DAKOTA,0.8395,4168
46033,SOUTH DAKOTA,0.228,8573
46035,SOUTH DAKOTA,0.2338,19901
46037,SOUTH DAKOTA,0.185,5506
46039,SOUTH DAKOTA,0.0822,4306
46041,SOUTH DAKOTA,0.8831,5779
46043,SOUTH DAKOTA,0.1503,2930
46045,SOUTH DAKOTA,0.0341,3940
46047,SOUTH DAKOTA,0.4172,6774
46049,SOUTH DAKOTA,0.0777,2322
46051,SOUTH DAKOTA,0.0551,7217
46053,SOUTH DAKOTA,0.2847,4201
46055,SOUTH DAKOTA,0.3624,2082
46057,SOUTH DAKOTA,0.1586,6000
46059,SOUTH DAKOTA,0.0309,3301
46061,SOUTH DAKOTA,0.0013,3397
46063,SOUTH DAKOTA,0.0828,1311
46065,SOUTH DAKOTA,0.4061,17617
46067,SOUTH DAKOTA,0.2487,7315
46069,SOUTH DAKOTA,0.0943,1331
46071,SOUTH DAKOTA,0.9666,3287
46073,SOUTH DAKOTA,0.0506,2029
46075,SOUTH DAKOTA,0.0051,735
46077,SOUTH DAKOTA,0.0223,4967
46079,SOUTH DAKOTA,0.1965,12574
46081,SOUTH DAKOTA,0.2618,25234
46083,SOUTH DAKOTA,0.0201,54914
46085,SOUTH DAKOTA,0.7137,3869
46087,SOUTH DAKOTA,0.2229,5511
46089,SOUTH DAKOTA,0.2889,2364
46091,SOUTH DAKOTA,0.2131,4895
46093,SOUTH DAKOTA,0.0892,27424
46095,SOUTH DAKOTA,0.9156,2055
46097,SOUTH DAKOTA,0.1057,2229
46099,SOUTH DAKOTA,0.3589,186749
46101,SOUTH DAKOTA,0.3908,6506
46102,SOUTH DAKOTA,0.9943,14335
46103,SOUTH DAKOTA,0.4162,109294
46105,SOUTH DAKOTA,0.1096,2907
46107,SOUTH DAKOTA,0.0516,2326
46109,SOUTH DAKOTA,0.7178,10285
46111,SOUTH DAKOTA,0.0385,2388
46115,SOUTH DAKOTA,0.1768,6543
46117,SOUTH DAKOTA,0.1099,2997
46119,SOUTH DAKOTA,0.0073,1331
46121,SOUTH DAKOTA,0.9564,10146
46123,SOUTH DAKOTA,0.3411,5468
46125,SOUTH DAKOTA,0.108,8264
46127,SOUTH DAKOTA,0.0274,15177
46129,SOUTH DAKOTA,0.3939,5510
46135,SOUTH DAKOTA,0.3159,22717
46137,SOUTH DAKOTA,0.9538,2814
47001,TENNESSEE,0.6064,75775
47003,TENNESSEE,0.7758,47558
47005,TENNESSEE,0.7029,16112
47007,TENNESSEE,0.8159,14602
47009,TENNESSEE,0.2452,128443
47011,TENNESSEE,0.6914,104557
47013,TENNESSEE,0.7338,39687
47015,TENNESSEE,0.3704,13976
47017,TENNESSEE,0.7443,28018
47019,TENNESSEE,0.6153,56391
47021,TENNESSEE,0.2369,39929
47023,TENNESSEE,0.6436,17150
47025,TENNESSEE,0.7102,31613
47027,TENNESSEE,0.5939,7686
47029,TENNESSEE,0.6857,35336
47031,TENNESSEE,0.4914,54531
47033,TENNESSEE,0.7812,14499
47035,TENNESSEE,0.5373,58634
47037,TENNESSEE,0.5363,684017
47039,TENNESSEE,0.5086,11683
47041,TENNESSEE,0.4306,19601
47043,TENNESSEE,0.429,51988
47045,TENNESSEE,0.7596,37576
47047,TENNESSEE,0.2554,39692
47049,TENNESSEE,0.6373,17994
47051,TENNESSEE,0.3764,41512
47053,TENNESSEE,0.735,49175
47055,TENNESSEE,0.6032,29167
47057,TENNESSEE,0.593,23013
47059,TENNESSEE,0.5446,68669
47061,TENNESSEE,0.8685,13331
47063,TENNESSEE,0.8146,63740
47065,TENNESSEE,0.4137,357546
47067,TENNESSEE,0.7666,6585
47069,TENNESSEE,0.8672,25562
47071,TENNESSEE,0.7064,25771
47073,TENNESSEE,0.708,56402
47075,TENNESSEE,0.8717,17779
47077,TENNESSEE,0.6981,27859
47079,TENNESSEE,0.6347,32279
47081,TENNESSEE,0.5662,24678
47083,TENNESSEE,0.5551,8176
47085,TENNESSEE,0.3688,18318
47087,TENNESSEE,0.6,11615
47089,TENNESSEE,0.5608,53247
47091,TENNESSEE,0.5653,17789
47093,TENNESSEE,0.3035,456185
47095,TENNESSEE,0.9185,7526
47097,TENNESSEE,0.9672,26297
47099,TENNESSEE,0.8318,42937
47101,TENNESSEE,0.6363,11956
47103,TENNESSEE,0.6777,33711
47105,TENNESSEE,0.3863,51610
47107,TENNESSEE,0.6551,52773
47109,TENNESSEE,0.7172,25903
47111,TENNESSEE,0.6927,23487
47113,TENNESSEE,0.7124,97682
47115,TENNESSEE,0.5061,28417
47117,TENNESSEE,0.6099,32269
47119,TENNESSEE,0.3949,89776
47121,TENNESSEE,0.4933,11962
47123,TENNESSEE,0.6478,45876
47125,TENNESSEE,0.5172,196387
47127,TENNESSEE,0.0914,6322
47129,TENNESSEE,0.7494,21596
47131,TENNESSEE,0.7694,30520
47133,TENNESSEE,0.4576,22004
47135,TENNESSEE,0.6799,7912
47137,TENNESSEE,0.4153,5088
47139,TENNESSEE,0.4904,16782
47141,TENNESSEE,0.6182,76440
47143,TENNESSEE,0.8207,32628
47145,TENNESSEE,0.3844,52897
47147,TENNESSEE,0.4287,69344
47149,TENNESSEE,0.3268,307128
47151,TENNESSEE,0.7637,21954
47153,TENNESSEE,0.572,14730
47155,TENNESSEE,0.6111,96287
47157,TENNESSEE,0.7847,937005
47159,TENNESSEE,0.2608,19458
47161,TENNESSEE,0.4086,13301
47163,TENNESSEE,0.5411,156734
47165,TENNESSEE,0.2057,179473
47167,TENNESSEE,0.45,61446
47169,TENNESSEE,0.522,9573
47171,TENNESSEE,0.7981,17780
47173,TENNESSEE,0.6672,19293
47175,TENNESSEE,0.6025,5704
47177,TENNESSEE,0.8322,40454
47179,TENNESSEE,0.4589,127055
47181,TENNESSEE,0.7624,16649
47183,TENNESSEE,0.6583,33626
47185,TENNESSEE,0.5984,26580
47187,TENNESSEE,0.021,218648
47189,TENNESSEE,0.1465,132663
48001,TEXAS,0.7946,57863
48003,TEXAS,0.4736,17818
48005,TEXAS,0.9771,87607
48007,TEXAS,0.8019,24763
48009,TEXAS,0.0898,8789
48011,TEXAS,0.1599,1916
48013,TEXAS,0.8497,48828
48015,TEXAS,0.4936,29565
48017,TEXAS,0.8003,7092
48019,TEXAS,0.5076,21763
48021,TEXAS,0.7459,82577
48023,TEXAS,0.1554,3591
48025,TEXAS,0.9694,32691
48027,TEXAS,0.8051,342236
48029,TEXAS,0.8258,1925865
48031,TEXAS,0.2783,11279
48033,TEXAS,0.0621,665
48035,TEXAS,0.6175,18122
48037,TEXAS,0.8529,93858
48039,TEXAS,0.5134,353999
48041,TEXAS,0.6532,219193
48043,TEXAS,0.6573,9216
48045,TEXAS,0.4564,1546
48047,TEXAS,1,7180
48049,TEXAS,0.6277,37834
48051,TEXAS,0.608,17863
48053,TEXAS,0.5299,45750
48055,TEXAS,0.8732,41401
48057,TEXAS,0.8618,21807
48059,TEXAS,0.2968,13770
48061,TEXAS,0.9758,421750
48063,TEXAS,0.9019,12813
48065,TEXAS,0.0338,6032
48067,TEXAS,0.7841,30087
48069,TEXAS,0.7774,7787
48071,TEXAS,0.4108,40292
48073,TEXAS,0.9191,51903
48075,TEXAS,0.75,7226
48077,TEXAS,0.3182,10387
48079,TEXAS,0.8608,2904
48081,TEXAS,0.6204,3275
48083,TEXAS,0.4185,8391
48085,TEXAS,0.1506,944350
48087,TEXAS,0.8876,2996
48089,TEXAS,0.6847,21022
48091,TEXAS,0.2379,135097
48093,TEXAS,0.7264,13495
48095,TEXAS,0.4283,4233
48097,TEXAS,0.6226,39571
48099,TEXAS,0.7809,75389
48101,TEXAS,0.9363,1623
48103,TEXAS,0.4739,4839
48105,TEXAS,0.6892,3633
48107,TEXAS,0.9395,5861
48109,TEXAS,0.9971,2241
48111,TEXAS,0.5503,7243
48113,TEXAS,0.7538,2586552
48115,TEXAS,0.9475,12964
48117,TEXAS,0.8411,18899
48119,TEXAS,0.5704,5215
48121,TEXAS,0.221,807047
48123,TEXAS,0.8229,20435
48125,TEXAS,0.8796,2216
48127,TEXAS,0.9997,10663
48129,TEXAS,0.4525,3387
48131,TEXAS,0.9994,11355
48133,TEXAS,0.8067,18270
48135,TEXAS,0.7924,158342
48137,TEXAS,0.4385,2055
48139,TEXAS,0.3924,168838
48141,TEXAS,0.9535,837654
48143,TEXAS,0.6252,41482
48145,TEXAS,0.9799,17299
48147,TEXAS,0.5758,34175
48149,TEXAS,0.4363,25066
48151,TEXAS,0.4312,3883
48153,TEXAS,0.8299,5872
48155,TEXAS,0.4783,1408
48157,TEXAS,0.2873,739342
48159,TEXAS,0.5277,10679
48161,TEXAS,0.843,19709
48163,TEXAS,0.9866,19394
48165,TEXAS,0.6825,20321
48167,TEXAS,0.585,327089
48169,TEXAS,0.7213,6288
48171,TEXAS,0.3573,26208
48173,TEXAS,0.1761,1430
48175,TEXAS,0.5815,7531
48177,TEXAS,0.8959,20667
48179,TEXAS,0.8446,22685
48181,TEXAS,0.6592,128560
48183,TEXAS,0.8825,123494
48185,TEXAS,0.8602,27630
48187,TEXAS,0.4344,155137
48189,TEXAS,0.9312,34113
48191,TEXAS,0.95,3074
48193,TEXAS,0.6083,8269
48195,TEXAS,0.7615,5547
48197,TEXAS,0.728,3952
48199,TEXAS,0.2532,56379
48201,TEXAS,0.7236,4602523
48203,TEXAS,0.7306,66645
48205,TEXAS,0.5344,5767
48207,TEXAS,0.9755,5809
48209,TEXAS,0.4924,204150
48211,TEXAS,0.7427,4061
48213,TEXAS,0.7201,80460
48215,TEXAS,0.978,849389
48217,TEXAS,0.8707,35399
48219,TEXAS,0.9025,23162
48221,TEXAS,0.2602,56901
48223,TEXAS,0.7067,36240
48225,TEXAS,0.9131,22955
48227,TEXAS,0.9153,36667
48229,TEXAS,0.9825,4098
48231,TEXAS,0.8341,92152
48233,TEXAS,0.6631,21571
48235,TEXAS,0.2013,1524
48237,TEXAS,0.6538,8842
48239,TEXAS,0.6774,14820
48241,TEXAS,0.8239,35504
48243,TEXAS,0.3611,2234
48245,TEXAS,0.8567,255210
48247,TEXAS,0.9917,5282
48249,TEXAS,0.9226,41192
48251,TEXAS,0.5073,163475
48253,TEXAS,0.6328,19891
48255,TEXAS,0.8424,15387
48257,TEXAS,0.5691,118910
48259,TEXAS,0.2283,41982
48261,TEXAS,0.7328,595
48263,TEXAS,0.4427,749
48265,TEXAS,0.6959,51365
48267,TEXAS,0.5885,4408
48269,TEXAS,0.1955,228
48271,TEXAS,0.8561,3675
48273,TEXAS,0.9834,31425
48275,TEXAS,0.7962,3733
48277,TEXAS,0.8357,49532
48279,TEXAS,0.8975,13262
48281,TEXAS,0.5443,20640
48283,TEXAS,0.8191,7409
48285,TEXAS,0.6879,19941
48287,TEXAS,0.6752,16952
48289,TEXAS,0.6156,17098
48291,TEXAS,0.9427,81862
48293,TEXAS,0.9532,23515
48295,TEXAS,0.4605,3469
48297,TEXAS,0.6917,12123
48299,TEXAS,0.4666,20640
48301,TEXAS,0.7573,102
48303,TEXAS,0.7497,301454
48305,TEXAS,0.8908,5808
48307,TEXAS,0.7395,8098
48309,TEXAS,0.8436,248429
48311,TEXAS,0.7631,662
48313,TEXAS,0.8376,14128
48315,TEXAS,0.6885,10083
48317,TEXAS,0.4239,5614
48319,TEXAS,0.357,4161
48321,TEXAS,0.9067,36743
48323,TEXAS,0.9742,57970
48325,TEXAS,0.6697,49334
48327,TEXAS,0.5854,2123
48329,TEXAS,0.4748,164194
48331,TEXAS,0.7627,24664
48333,TEXAS,0.7688,4902
48335,TEXAS,0.6213,8558
48337,TEXAS,0.5841,19409
48339,TEXAS,0.3914,554445
48341,TEXAS,0.699,21801
48343,TEXAS,0.7299,12424
48345,TEXAS,0.7003,1156
48347,TEXAS,0.9822,65558
48349,TEXAS,0.9662,48583
48351,TEXAS,0.7207,14057
48353,TEXAS,0.8866,14966
48355,TEXAS,0.8363,360486
48357,TEXAS,0.5787,10348
48359,TEXAS,0.4322,2090
48361,TEXAS,0.5812,84047
48363,TEXAS,0.8799,28317
48365,TEXAS,0.6952,23440
48367,TEXAS,0.2561,129802
48369,TEXAS,0.7576,9852
48371,TEXAS,0.8213,15797
48373,TEXAS,0.9121,47837
48375,TEXAS,0.9248,120899
48377,TEXAS,0.9981,7123
48379,TEXAS,0.4016,11473
48381,TEXAS,0.2204,132475
48383,TEXAS,0.4806,3752
48385,TEXAS,0.7169,3389
48387,TEXAS,0.565,12275
48389,TEXAS,0.7803,15125
48391,TEXAS,0.9414,7236
48393,TEXAS,0.0911,885
48395,TEXAS,0.7529,16890
48397,TEXAS,0.1124,93642
48399,TEXAS,0.5449,10310
48401,TEXAS,0.7965,53595
48403,TEXAS,0.5309,10458
48405,TEXAS,0.8889,8327
48407,TEXAS,0.6869,27819
48409,TEXAS,0.8309,67046
48411,TEXAS,0.7315,5962
48413,TEXAS,0.5857,3061
48415,TEXAS,0.6994,17239
48417,TEXAS,0.685,3311
48419,TEXAS,0.9522,25478
48421,TEXAS,0.4611,3058
48423,TEXAS,0.7462,225015
48425,TEXAS,0.5605,8743
48427,TEXAS,0.9815,63894
48429,TEXAS,0.885,9372
48431,TEXAS,0.4127,1141
48433,TEXAS,0.3236,1385
48435,TEXAS,0.6041,3865
48437,TEXAS,0.9701,7484
48439,TEXAS,0.5475,2019977
48441,TEXAS,0.6933,136348
48443,TEXAS,0.4713,862
48445,TEXAS,0.9876,12615
48447,TEXAS,0.2678,1567
48449,TEXAS,0.8901,32730
48451,TEXAS,0.6643,117466
48453,TEXAS,0.3812,1203166
48455,TEXAS,0.8016,14569
48457,TEXAS,0.8834,21496
48459,TEXAS,0.5898,40769
48461,TEXAS,0.6519,3634
48463,TEXAS,0.9548,27009
48465,TEXAS,0.9678,49027
48467,TEXAS,0.5589,54368
48469,TEXAS,0.7834,91970
48471,TEXAS,0.6997,71539
48473,TEXAS,0.8331,49987
48475,TEXAS,0.6494,11586
48477,TEXAS,0.7312,34796
48479,TEXAS,0.9497,272053
48481,TEXAS,0.8758,41551
48483,TEXAS,0.6962,5482
48485,TEXAS,0.8166,131818
48487,TEXAS,0.9083,12906
48489,TEXAS,0.9892,21754
48491,TEXAS,0.2016,527057
48493,TEXAS,0.4436,48198
48495,TEXAS,0.6541,7802
48497,TEXAS,0.5768,64639
48499,TEXAS,0.6322,43815
48501,TEXAS,0.492,8571
48503,TEXAS,0.5532,18114
48505,TEXAS,0.9895,14369
48507,TEXAS,0.9987,12131
49001,UTAH,0.2522,6443
49003,UTAH,0.1592,53001
49005,UTAH,0.3201,122336
49007,UTAH,0.5615,20356
49009,UTAH,0.0755,612
49011,UTAH,0.0796,340621
49013,UTAH,0.4822,20219
49015,UTAH,0.2627,10248
49017,UTAH,0.4592,5017
49019,UTAH,0.5213,9616
49021,UTAH,0.4525,49691
49023,UTAH,0.2331,10948
49025,UTAH,0.1054,7350
49027,UTAH,0.3554,12733
49029,UTAH,0.0003,11391
49031,UTAH,0.2713,1904
49033,UTAH,0.1971,2350
49035,UTAH,0.3229,1120805
49037,UTAH,0.9752,15281
49039,UTAH,0.6019,29366
49041,UTAH,0.3261,21118
49043,UTAH,0.05,40511
49045,UTAH,0.3143,65185
49047,UTAH,0.4838,36323
49049,UTAH,0.278,590440
49051,UTAH,0.0643,30523
49053,UTAH,0.4143,160537
49055,UTAH,0.2908,2694
49057,UTAH,0.4271,247731
50001,VERMONT,0.0965,36939
50003,VERMONT,0.2924,35920
50005,VERMONT,0.2672,30425
50007,VERMONT,0.1831,162052
50009,VERMONT,0.2067,6208
50011,VERMONT,0.1111,49025
50013,VERMONT,0.0025,6965
50015,VERMONT,0.1309,25268
50017,VERMONT,0.172,28937
50019,VERMONT,0.4258,26911
50021,VERMONT,0.2787,59273
50023,VERMONT,0.1752,58477
50025,VERMONT,0.3054,43150
50027,VERMONT,0.128,55427
51001,VIRGINIA,0.8025,32742
51003,VIRGINIA,0.1732,106355
51005,VIRGINIA,0.4462,15286
51007,VIRGINIA,0.3166,12854
51009,VIRGINIA,0.4682,31882
51011,VIRGINIA,0.3637,15577
51013,VIRGINIA,0.1401,231803
51015,VIRGINIA,0.149,74701
51017,VIRGINIA,0.2471,4393
51019,VIRGINIA,0.0984,77908
51021,VIRGINIA,0.3449,6447
51023,VIRGINIA,0.0414,33222
51025,VIRGINIA,0.8955,16665
51027,VIRGINIA,0.7545,22138
51029,VIRGINIA,0.7901,17004
51031,VIRGINIA,0.2615,55170
51033,VIRGINIA,0.3481,30184
51035,VIRGINIA,0.3369,29738
51036,VIRGINIA,0.2366,6995
51037,VIRGINIA,0.7057,12095
51041,VIRGINIA,0.1799,339447
51043,VIRGINIA,0.1131,14365
51045,VIRGINIA,0.0745,5113
51047,VIRGINIA,0.4882,50450
51049,VIRGINIA,0.5831,9786
51051,VIRGINIA,0.6806,14960
51053,VIRGINIA,0.4182,28308
51057,VIRGINIA,0.5634,11036
51059,VIRGINIA,0.1876,1143529
51061,VIRGINIA,0.0287,69115
51063,VIRGINIA,0.1115,15666
51065,VIRGINIA,0.0631,26282
51067,VIRGINIA,0.401,56233
51069,VIRGINIA,0.1822,85153
51071,VIRGINIA,0.2742,16814
51073,VIRGINIA,0.0366,37161
51075,VIRGINIA,0.0459,22482
51077,VIRGINIA,0.6459,15811
51079,VIRGINIA,0.1631,19410
51081,VIRGINIA,0.814,11659
51083,VIRGINIA,0.6723,34779
51085,VIRGINIA,0.0156,104449
51087,VIRGINIA,0.2573,325642
51089,VIRGINIA,0.8857,51588
51091,VIRGINIA,0.065,2214
51093,VIRGINIA,0.3392,36372
51095,VIRGINIA,0.115,74153
51097,VIRGINIA,0.3245,7052
51099,VIRGINIA,0.0159,25890
51101,VIRGINIA,0.0357,16497
51103,VIRGINIA,0.1583,10804
51105,VIRGINIA,0.8073,24134
51107,VIRGINIA,0.0904,385143
51109,VIRGINIA,0.3325,35380
51111,VIRGINIA,0.8643,12278
51113,VIRGINIA,0.164,13139
51115,VIRGINIA,0.0207,8796
51117,VIRGINIA,0.7768,30847
51119,VIRGINIA,0.2025,10700
51121,VIRGINIA,0.2959,97997
51125,VIRGINIA,0.3,14812
51127,VIRGINIA,0.0061,21103
51131,VIRGINIA,0.6764,11957
51133,VIRGINIA,0.1213,12223
51135,VIRGINIA,0.9096,15500
51137,VIRGINIA,0.465,35612
51139,VIRGINIA,0.3936,23749
51141,VIRGINIA,0.6389,17859
51143,VIRGINIA,0.6427,61676
51145,VIRGINIA,0.0057,28574
51147,VIRGINIA,0.7296,22956
51149,VIRGINIA,0.3175,37894
51153,VIRGINIA,0.3022,456749
51155,VIRGINIA,0.4831,34234
51157,VIRGINIA,0.0213,7332
51159,VIRGINIA,0.6143,8878
51161,VIRGINIA,0.1312,93583
51163,VIRGINIA,0.1433,22509
51165,VIRGINIA,0.3197,79444
51167,VIRGINIA,0.4487,27408
51169,VIRGINIA,0.6758,22009
51171,VIRGINIA,0.3643,43045
51173,VIRGINIA,0.7548,31059
51175,VIRGINIA,0.4755,17939
51177,VIRGINIA,0.2159,131412
51179,VIRGINIA,0.1541,144012
51181,VIRGINIA,0.3659,6600
51183,VIRGINIA,0.9092,11486
51185,VIRGINIA,0.5936,42080
51187,VIRGINIA,0.2564,39449
51191,VIRGINIA,0.3646,54406
51193,VIRGINIA,0.292,17638
51195,VIRGINIA,0.8599,39025
51197,VIRGINIA,0.3965,28940
51199,VIRGINIA,0.1997,67587
51510,VIRGINIA,0.2003,156505
51520,VIRGINIA,0.751,16843
51530,VIRGINIA,0.3242,6399
51540,VIRGINIA,0.4092,47042
51550,VIRGINIA,0.2592,237820
51570,VIRGINIA,0.5685,17593
51580,VIRGINIA,0.4634,5582
51590,VIRGINIA,0.9589,41512
51595,VIRGINIA,0.9567,5381
51600,VIRGINIA,0.2411,23865
51610,VIRGINIA,0.1389,14067
51620,VIRGINIA,0.7175,8211
51630,VIRGINIA,0.5631,28469
51640,VIRGINIA,0.9838,6638
51650,VIRGINIA,0.6675,135583
51660,VIRGINIA,0.793,53391
51670,VIRGINIA,0.9408,22408
51678,VIRGINIA,0.3226,7110
51680,VIRGINIA,0.7369,80131
51683,VIRGINIA,0.4446,41457
51685,VIRGINIA,0.528,16423
51690,VIRGINIA,0.9105,13101
51700,VIRGINIA,0.8156,180145
51710,VIRGINIA,0.7717,245592
51720,VIRGINIA,0.9054,3990
51730,VIRGINIA,0.9643,31827
51735,VIRGINIA,0.0127,12039
51740,VIRGINIA,0.8006,95311
51750,VIRGINIA,0.4124,17630
51760,VIRGINIA,0.7729,223787
51770,VIRGINIA,0.8038,99621
51775,VIRGINIA,0.3089,25519
51790,VIRGINIA,0.4449,24452
51800,VIRGINIA,0.3468,89160
51810,VIRGINIA,0.1889,450135
51820,VIRGINIA,0.6013,21926
51830,VIRGINIA,0.385,14788
51840,VIRGINIA,0.722,27789
53001,WASHINGTON,0.9621,19452
53003,WASHINGTON,0.4248,22337
53005,WASHINGTON,0.514,194168
53007,WASHINGTON,0.678,75757
53009,WASHINGTON,0.6146,74487
53011,WASHINGTON,0.2857,465384
53013,WASHINGTON,0.3146,4001
53015,WASHINGTON,0.7885,105112
53017,WASHINGTON,0.7707,41371
53019,WASHINGTON,0.8223,7576
53021,WASHINGTON,0.8691,90660
53023,WASHINGTON,0.1834,2224
53025,WASHINGTON,0.8452,94860
53027,WASHINGTON,0.8392,71967
53029,WASHINGTON,0.1857,81636
53031,WASHINGTON,0.2414,30856
53033,WASHINGTON,0.2854,2163257
53035,WASHINGTON,0.2825,262475
53037,WASHINGTON,0.2831,44825
53039,WASHINGTON,0.5723,21396
53041,WASHINGTON,0.7889,76947
53043,WASHINGTON,0.1984,10435
53045,WASHINGTON,0.6382,62627
53047,WASHINGTON,0.9255,41638
53049,WASHINGTON,0.736,21281
53051,WASHINGTON,0.536,13219
53053,WASHINGTON,0.4873,859840
53055,WASHINGTON,0.0863,16473
53057,WASHINGTON,0.5382,123907
53059,WASHINGTON,0.2194,11620
53061,WASHINGTON,0.2755,786620
53063,WASHINGTON,0.4825,497875
53065,WASHINGTON,0.4615,44214
53067,WASHINGTON,0.3299,274684
53069,WASHINGTON,0.1809,4189
53071,WASHINGTON,0.6831,60236
53073,WASHINGTON,0.4541,216812
53075,WASHINGTON,0.5108,48593
53077,WASHINGTON,0.9277,249325
54001,WEST VIRGINIA,0.6513,16730
54003,WEST VIRGINIA,0.4433,113495
54005,WEST VIRGINIA,0.7041,22817
54007,WEST VIRGINIA,0.6646,14282
54009,WEST VIRGINIA,0.3306,22772
54011,WEST VIRGINIA,0.6245,95318
54013,WEST VIRGINIA,0.5239,7396
54015,WEST VIRGINIA,0.6885,8785
54017,WEST VIRGINIA,0.3608,8536
54019,WEST VIRGINIA,0.764,44126
54021,WEST VIRGINIA,0.7564,8205
54023,WEST VIRGINIA,0.3675,11641
54025,WEST VIRGINIA,0.5557,35347
54027,WEST VIRGINIA,0.6433,23363
54029,WEST VIRGINIA,0.4051,29680
54031,WEST VIRGINIA,0.285,13842
54033,WEST VIRGINIA,0.4089,68209
54035,WEST VIRGINIA,0.2529,29018
54037,WEST VIRGINIA,0.2255,56179
54039,WEST VIRGINIA,0.5656,185710
54041,WEST VIRGINIA,0.6761,16276
54043,WEST VIRGINIA,0.6057,21078
54045,WEST VIRGINIA,0.7471,33801
54047,WEST VIRGINIA,0.9029,19217
54049,WEST VIRGINIA,0.4939,56497
54051,WEST VIRGINIA,0.2153,31645
54053,WEST VIRGINIA,0.5497,26939
54055,WEST VIRGINIA,0.8089,60486
54057,WEST VIRGINIA,0.5933,27278
54059,WEST VIRGINIA,0.785,24741
54061,WEST VIRGINIA,0.4111,105252
54063,WEST VIRGINIA,0.4662,13467
54065,WEST VIRGINIA,0.1764,17624
54067,WEST VIRGINIA,0.5411,25324
54069,WEST VIRGINIA,0.3108,42547
54071,WEST VIRGINIA,0.358,7056
54073,WEST VIRGINIA,0.4468,7507
54075,WEST VIRGINIA,0.4971,8531
54077,WEST VIRGINIA,0.5732,33837
54079,WEST VIRGINIA,0.0408,56652
54081,WEST VIRGINIA,0.7685,76232
54083,WEST VIRGINIA,0.5806,29065
54085,WEST VIRGINIA,0.364,9932
54087,WEST VIRGINIA,0.6465,14205
54089,WEST VIRGINIA,0.829,13018
54091,WEST VIRGINIA,0.4949,16951
54093,WEST VIRGINIA,0.3672,7027
54095,WEST VIRGINIA,0.2213,8909
54097,WEST VIRGINIA,0.6911,24605
54099,WEST VIRGINIA,0.6006,40708
54101,WEST VIRGINIA,0.7487,8518
54103,WEST VIRGINIA,0.4752,15614
54105,WEST VIRGINIA,0.3748,5797
54107,WEST VIRGINIA,0.3723,85556
54109,WEST VIRGINIA,0.6443,21711
55001,WISCONSIN,0.5685,20073
55003,WISCONSIN,0.55,15712
55005,WISCONSIN,0.3271,45252
55007,WISCONSIN,0.099,14992
55009,WISCONSIN,0.3299,259786
55011,WISCONSIN,0.0576,13167
55013,WISCONSIN,0.1672,15258
55015,WISCONSIN,0.0182,49807
55017,WISCONSIN,0.2105,63635
55019,WISCONSIN,0.535,34491
55021,WISCONSIN,0.1204,56954
55023,WISCONSIN,0.3971,16288
55025,WISCONSIN,0.1688,529843
55027,WISCONSIN,0.2019,87776
55029,WISCONSIN,0.0557,27439
55031,WISCONSIN,0.2748,43402
55033,WISCONSIN,0.1847,44498
55035,WISCONSIN,0.2175,102991
55037,WISCONSIN,0.1452,4337
55039,WISCONSIN,0.2038,102315
55041,WISCONSIN,0.5774,9018
55043,WISCONSIN,0.1939,51828
55045,WISCONSIN,0.0529,36864
55047,WISCONSIN,0.2869,18757
55049,WISCONSIN,0.0131,23620
55051,WISCONSIN,0.3602,5715
55053,WISCONSIN,0.5003,20506
55055,WISCONSIN,0.1854,84652
55057,WISCONSIN,0.378,26419
55059,WISCONSIN,0.5111,168330
55061,WISCONSIN,0.0586,20360
55063,WISCONSIN,0.2089,117850
55065,WISCONSIN,0.1596,16735
55067,WISCONSIN,0.3535,19164
55069,WISCONSIN,0.1013,27848
55071,WISCONSIN,0.1621,79407
55073,WISCONSIN,0.1443,135264
55075,WISCONSIN,0.2971,40537
55077,WISCONSIN,0.2596,15207
55078,WISCONSIN,0.7672,4579
55079,WISCONSIN,0.8061,954209
55081,WISCONSIN,0.4621,45502
55083,WISCONSIN,0.064,37556
55085,WISCONSIN,0.014,35345
55087,WISCONSIN,0.0978,184754
55089,WISCONSIN,0.0134,88284
55091,WISCONSIN,0.1019,7262
55093,WISCONSIN,0.0806,41603
55095,WISCONSIN,0.0873,43349
55097,WISCONSIN,0.1653,70599
55099,WISCONSIN,0.1602,13490
55101,WISCONSIN,0.4551,195398
55103,WISCONSIN,0.3073,17539
55105,WISCONSIN,0.4561,161769
55107,WISCONSIN,0.3465,14183
55109,WISCONSIN,0.0146,87917
55111,WISCONSIN,0.2344,63596
55113,WISCONSIN,0.4268,16370
55115,WISCONSIN,0.1382,41009
55117,WISCONSIN,0.2245,115205
55119,WISCONSIN,0.2,20356
55121,WISCONSIN,0.2812,29438
55123,WISCONSIN,0.3834,30516
55125,WISCONSIN,0.1395,21593
55127,WISCONSIN,0.2688,103013
55129,WISCONSIN,0.108,15689
55131,WISCONSIN,0.0099,134535
55133,WISCONSIN,0.0194,398879
55135,WISCONSIN,0.1815,51444
55137,WISCONSIN,0.3653,24116
55139,WISCONSIN,0.1608,169926
55141,WISCONSIN,0.1535,73274
56001,WYOMING,0.2494,38102
56003,WYOMING,0.3955,11901
56005,WYOMING,0.3315,47708
56007,WYOMING,0.5029,15477
56009,WYOMING,0.2048,13997
56011,WYOMING,0.0328,7410
56013,WYOMING,0.5624,40076
56015,WYOMING,0.3264,13438
56017,WYOMING,0.1229,4680
56019,WYOMING,0.1774,8515
56021,WYOMING,0.2697,97692
56023,WYOMING,0.0809,19011
56025,WYOMING,0.2952,80610
56027,WYOMING,0.336,2448
56029,WYOMING,0.0659,29121
56031,WYOMING,0.0952,8673
56033,WYOMING,0.0895,30012
56035,WYOMING,0.0293,9951
56037,WYOMING,0.3701,44117
56039,WYOMING,0.1127,23059
56041,WYOMING,0.4522,20609
56043,WYOMING,0.3732,8129
56045,WYOMING,0.3475,7100
