"GEOID","county_sum","weighted_wfp"
"01001",21454,0.264374486784558
"01003",59725,7.90175532160156
"01005",32134,0
"01007",22243,0.0577279386946028
"01009",23128,0.0126282631620924
"01011",22213,0
"01013",27639,0
"01015",21759,7.68244298967989
"01017",21435,0.0214492832391208
"01019",21308,13.6018216478092
"01021",24900,0.217393913900715
"01023",32726,0.000614033780035838
"01025",44520,1.85911554446978
"01027",21532,7.46940007201829
"01029",19936,20.0948047205031
"01031",24175,0
"01033",22163,0.0431445685572572
"01035",30294,0
"01037",23669,0.203631973289968
"01039",37081,0
"01041",21708,0
"01043",26818,0.0325476361121023
"01045",19990,0
"01047",35321,0
"01049",27653,5.95188202796599
"01051",23343,0.0425562132905511
"01053",33860,0.483359690144346
"01055",19496,0.735152223874044
"01057",22352,0.0110601571479033
"01059",22971,0.00980535843327252
"01061",20571,0
"01063",23459,0
"01065",23335,0
"01067",20191,0
"01069",20669,0
"01071",40036,0.70868034822023
"01073",39945,1.31547534962636
"01075",21516,0
"01077",25576,0.00129470355169332
"01079",25475,0.00274353617365164
"01081",21879,0.0119427357880964
"01083",21573,0
"01085",25763,0.000707203389196547
"01087",21778,0.000894354435653404
"01089",28871,0
"01091",34912,0
"01093",26427,0.000381782275907582
"01095",22145,0
"01097",45082,10.0859453938377
"01099",36745,0.489712559820389
"01101",28431,0.000290992265100434
"01103",21277,0
"01105",25711,0.000600005805080169
"01107",31624,0
"01109",23904,0
"01111",20755,0.858412629093608
"01113",22990,0
"01115",23210,3.12680790385449
"01117",28765,1.33192133114592
"01119",32425,0
"01121",27008,12.8853891649522
"01123",27215,0.161487429357242
"01125",48007,0.00984496090032656
"01127",28601,7.31794208335052
"01129",38662,10.469962974785
"01131",32239,0
"01133",22451,0.0126343883928989
"04001",398584,1.68833310380208
"04003",220853,0.0448796896945068
"04005",663008,1.58550524017995
"04007",170349,9.01662161155512
"04009",164850,1.09002054877134
"04011",65634,1.1434705456094
"04012",160258,0.0154520610565782
"04013",327780,0.552849229195301
"04015",478245,0.710356377598747
"04017",353818,1.02736688913449
"04019",326476,0.0199005218649434
"04021",190955,0.589875847253239
"04023",43953,0.011998268092971
"04025",288748,2.8760857123466
"04027",196086,0.0115216125609001
"05001",36891,0
"05003",33405,0
"05005",20841,0.00274464836049793
"05007",31403,0.0448760323005113
"05009",21397,0.000722232822652484
"05011",23200,0
"05013",22460,0
"05015",22688,0
"05017",24563,0
"05019",31416,0.000524158459353426
"05021",22778,0
"05023",21053,0.0020469126661949
"05025",21269,0
"05027",27250,0
"05029",20136,0.00154078363139165
"05031",25326,0
"05033",21553,1.15636995531015
"05035",22894,0
"05037",22102,0
"05039",23737,0
"05041",28857,0
"05043",29705,0
"05045",23563,3.31912558459173e-06
"05047",22019,0.102614962442926
"05049",22022,0.0014857369464449
"05051",26069,0.0143822343644477
"05053",22518,0.00248170473874972
"05055",20589,0
"05057",26273,0
"05059",22081,0.00256481646096018
"05061",21191,0.0285232513672916
"05063",27418,0
"05065",20732,0.00501752552692415
"05067",22795,0
"05069",32572,0
"05071",24326,0.00241032350992851
"05073",19445,2.35802291214492e-05
"05075",21051,0
"05077",22102,0
"05079",20243,0
"05081",20024,0.587319115090971
"05083",25957,0.0423909412756107
"05085",28525,0
"05087",29696,0.00127513853991245
"05089",22766,0.00888267293218718
"05091",22661,0.472501436745166
"05093",33042,0
"05095",22082,0
"05097",28399,0.00332258567111709
"05099",22074,0
"05101",29269,0
"05103",26246,0
"05105",19953,0
"05107",25836,0
"05109",21833,0.00245337346770957
"05111",27128,0
"05113",30625,1.45802510612835
"05115",29488,0.00331478186004193
"05117",24003,0
"05119",28690,0
"05121",23308,0.000163917882557255
"05123",22825,0
"05125",25956,0.00479463548295408
"05127",31941,0.115436350877598
"05129",23740,0.00792257444233423
"05131",19313,0.889840723532868
"05133",20652,1.53661701210351
"05135",21545,0.000669173738836009
"05137",21661,0.00207695863446464
"05139",37489,0
"05141",25720,0.00135884596973125
"05143",33863,0.228214660156543
"05145",37019,0
"05147",21094,0
"05149",33668,0.00415424341111433
"06001",26668,3.58901308019316
"06003",26404,14.3894638009297
"06005",21527,36.7407591371108
"06007",59588,42.2605250618121
"06009",36853,41.351965845472
"06011",41087,4.51468443979428
"06013",27028,2.95664060721948
"06015",36060,15.2035017564166
"06017",63470,47.8580887699454
"06019",213559,3.71096614901964
"06021",47163,14.4762847203817
"06023",128267,32.5034946016595
"06025",159186,0.0101616008975857
"06027",363340,0.375061384907006
"06029",290087,0.775662546714366
"06031",49469,0.132791217518353
"06033",47221,22.9653952841973
"06035",167710,2.38256355525965
"06037",145675,7.22406707608758
"06039",76509,9.64542346289601
"06041",19309,11.4607330806438
"06043",51970,14.8429960105727
"06045",124875,21.7515107210993
"06047",70297,1.35940921819239
"06049",149328,1.88906312625604
"06051",111286,3.40416243293696
"06053",117801,2.26567435827378
"06055",28011,14.0988051687041
"06057",34601,55.8469873050257
"06059",28381,4.08691340307465
"06061",53368,41.2277422086982
"06063",92839,31.9484222827194
"06065",259464,3.15634858303063
"06067",35306,1.80426048848058
"06069",49397,1.36895395120171
"06071",714288,1.19084847428539
"06073",151325,7.84694914679069
"06075",1748,0.0119936917647118
"06077",50691,0.452679961921373
"06079",118092,1.6818208119368
"06081",16277,8.65076927997419
"06083",97691,4.20046728672756
"06085",46195,5.11838636251836
"06087",15873,24.3988220902045
"06089",136672,33.9927883999781
"06091",34178,44.2059956167731
"06093",225532,17.242766482225
"06095",31618,0.947969871180766
"06097",56539,19.0419076347007
"06099",53788,2.40685719969877
"06101",21609,0.115685627604153
"06103",105252,28.3354482991582
"06105",113966,33.9095971047642
"06107",171884,4.37705241354707
"06109",80790,25.957782138801
"06111",65942,7.84681918688491
"06113",36375,1.10959839697503
"06115",22893,38.4612145409031
"08001",42044,0.00496192333687124
"08003",25701,0.000804225964895608
"08005",28631,0.0118984087549986
"08007",48161,10.1286055975754
"08009",90861,0.000311802178263951
"08011",54742,0.00108226441755241
"08013",26302,9.24390882308229
"08014",1196,0.0332572386448333
"08015",36061,0.471630865679042
"08017",63294,8.5455256919234e-07
"08019",14089,8.84539046726519
"08021",45860,1.44590856499497
"08023",43729,1.98251071380017
"08025",28436,0.00518069036046608
"08027",26288,4.34408753993591
"08029",40814,3.00279765741502
"08031",5493,0.0193233715662651
"08033",37953,5.71386860084995
"08035",29939,5.04417440739865
"08037",60106,0.552211573208295
"08039",65756,0.029061265864369
"08041",75645,2.06021484109454
"08043",54528,3.3925278816325
"08045",105013,4.13574457966052
"08047",5341,7.9539693570021
"08049",66433,0.466266264262594
"08051",115803,1.18116597205117
"08053",39905,5.67067205809403
"08055",56611,2.04403399470315
"08057",57588,0.179482094933396
"08059",27508,8.9220359286512
"08061",63457,3.05406239460452e-05
"08063",76794,0
"08065",13642,0
"08067",60378,8.35291792581677
"08069",93572,4.07033842185313
"08071",169666,1.17684363100103
"08073",91893,4.61436124089227e-05
"08075",65539,0
"08077",118697,3.96556481095145
"08079",31186,5.83547671955592
"08081",168784,0.671544956785756
"08083",72471,2.87466246191212
"08085",79684,2.5529015139072
"08087",45969,0
"08089",45114,0.00563411137685127
"08091",19278,3.99489544156381
"08093",78516,2.22965221210031
"08095",24444,0
"08097",34585,2.23963110183311
"08099",58418,0.000612418923509899
"08101",85189,0.56441421413279
"08103",114502,3.50342008604472
"08105",32417,1.11268985129149
"08107",84130,2.17924784652055
"08109",112621,0.0396575145448991
"08111",13795,7.28220904503262
"08113",45775,3.16238136984757
"08115",19521,0
"08117",22003,0.0451245193682007
"08119",19861,7.83597218277497
"08121",89679,0
"08123",142708,0.000606448054756574
"08125",84156,0
"09001",23267,0.999641836345908
"09003",26665,0
"09005",33550,0
"09007",13701,0.000546424871482309
"09009",22036,0.00184176232650507
"09011",24797,0.00408378721788084
"09013",14819,0
"09015",18520,0
"10001",21252,0
"10003",15472,6.33387049427333e-06
"10005",34763,0
"11001",2422,0
"12001",34415,0
"12003",20919,0
"12005",31357,1.70579484926745
"12007",10690,0
"12009",46010,6.52574365039724
"12011",43511,8.74130795766903
"12013",20410,1.89422097545437
"12015",26514,2.03457661349466
"12017",23459,12.92403607319
"12019",22862,0
"12021",74794,3.94953145747858
"12023",28467,0
"12027",22710,7.72414009580864
"12029",25573,0
"12031",30179,0
"12033",26487,0.488246738325393
"12035",18028,0
"12037",20125,0
"12039",18773,0
"12041",12618,0
"12043",35074,6.96258610509514
"12045",20285,0.184853548356694
"12047",18454,0
"12049",22669,6.86596136285999
"12051",42258,1.11395132918078
"12053",17705,5.06100970099456
"12055",39320,7.83607700447639
"12057",38511,2.05739689733201
"12059",17365,0
"12061",19194,9.41696056798622
"12063",33923,0.174402426040146
"12065",21769,0
"12067",19460,0
"12069",41091,1.17215743953421
"12071",31577,0
"12073",24926,0
"12075",41120,0.446785176874266
"12077",29957,0
"12079",25424,0
"12081",28272,4.2493997657343
"12083",59079,1.28566498293029
"12085",24072,1.16977342555632
"12086",71734,8.72504106389093
"12087",48871,2.10491752306725
"12089",23823,0
"12091",35342,0
"12093",31684,7.83140800821447
"12095",35652,0.986561182654832
"12097",53493,9.79441796506016
"12099",79124,4.99791664718417
"12101",27331,6.9271677978141
"12103",11671,0.0275909892523722
"12105",71436,6.7836818754616
"12107",29380,0
"12109",23928,0
"12111",21728,0.0443421613107577
"12113",40798,0
"12115",21513,3.98353556604403
"12117",12276,0
"12119",20594,4.16377724418625
"12121",24593,0
"12123",37440,0
"12125",8865,0
"12127",44980,0
"12129",22393,0
"12131",40767,0
"12133",21888,0.638553568891155
"13001",18190,0
"13003",12244,0
"13005",10165,0
"13007",12405,0
"13009",9532,14.6848384119035
"13011",8321,5.36087510821815
"13013",5789,0.0387357847019395
"13015",16686,12.1568095476538
"13017",9022,0
"13019",16255,0
"13021",9048,2.46968255106965
"13023",7786,0
"13025",15878,0
"13027",17684,0
"13029",16068,0
"13031",24465,0
"13033",29672,3.49814196120634
"13035",6682,28.327011082978
"13037",10074,0
"13039",24375,0
"13043",8837,0
"13045",17903,14.504480232826
"13047",5773,10.9438339825832
"13049",27791,0
"13051",17562,1.89545264161823
"13053",8927,0.175495916329351
"13055",11133,17.4846208665956
"13057",15424,13.5768412982554
"13059",4302,0.0263213096869298
"13061",7723,0
"13063",5125,1.32084942036988
"13065",29276,0
"13067",12245,3.46357719325722
"13069",21409,0
"13071",19770,0
"13073",10924,16.751178797986
"13075",8296,0
"13077",15850,15.2404843185312
"13079",11607,5.82882389364405
"13081",9979,4.3090064764423
"13083",6191,24.156281513787
"13085",7619,13.313574489941
"13087",22143,0
"13089",9633,0.218009788680787
"13091",17877,0
"13093",14115,2.91374909435873
"13095",11890,3.60406947760827
"13097",7143,8.39930774541138
"13099",18348,0
"13101",14953,0
"13103",17166,9.0784703625925
"13105",13286,0.472545249391728
"13107",24536,0
"13109",6638,0
"13111",13935,4.7041607724227
"13113",7078,5.30425974370802
"13115",18420,17.4506010921003
"13117",8785,5.9209782884424
"13119",9492,6.64144769538567
"13121",18990,0.973385939399686
"13123",15313,5.29158632259351
"13125",5137,0.847480076641088
"13127",16532,0
"13129",12750,11.590090086446
"13131",16354,0
"13133",14434,0.0228784797203084
"13135",15518,0.0445433532749971
"13137",9914,6.31472521851711
"13139",15255,6.39444254182924
"13141",16968,6.13288029441959
"13143",10057,19.0611739957112
"13145",16796,0.219092284508202
"13147",9112,1.60905343204175
"13149",10704,3.64285060906357
"13151",11609,10.8921812164144
"13153",13497,0.113598887845801
"13155",12889,0
"13157",12191,0.429276660333721
"13159",13266,17.2692559675004
"13161",11916,0
"13163",18821,2.08529933380531
"13165",12528,0.526902536652542
"13167",10886,1.78608311787894
"13169",14048,15.0784730647227
"13171",6605,17.3903353298941
"13173",7096,0
"13175",29083,4.56148671958333
"13177",12853,6.76792167142102
"13179",19229,0
"13181",9141,0.0678761942470891
"13183",14354,0
"13185",18142,0
"13187",10089,12.680286920561
"13189",9465,11.1255538945452
"13191",17076,0
"13193",14424,5.55717260372231
"13195",10149,0.721718571267911
"13197",13048,6.20268885078113
"13199",17936,10.872170484046
"13201",10075,0
"13205",18253,0
"13207",14146,17.7815325143487
"13209",8679,0
"13211",12596,0.188419301165665
"13213",12318,8.0546945109207
"13215",7858,0.00551917110837956
"13217",9918,12.4784299313595
"13219",6619,0.0632088821771331
"13221",15704,0.120666663960547
"13223",11162,15.4424595997345
"13225",5373,0.432557439939248
"13227",8267,8.85968852488119
"13229",12194,0
"13231",7797,11.3066210780012
"13233",11093,13.0599487926576
"13235",8926,0
"13237",12818,6.43896718238704
"13239",5710,0
"13241",13395,0.0236509094147155
"13243",15308,0
"13245",11677,13.5224776888987
"13247",4686,3.93487320431447
"13249",5963,8.39416990594711
"13251",23280,4.99066028914987
"13253",9102,0
"13255",7096,14.0905795478249
"13257",6534,9.54238212419303
"13259",16461,0.356159266138087
"13261",17501,2.92929297878796
"13263",14037,9.41257388295512
"13265",6939,0.0331009345108745
"13267",17362,0
"13269",13492,13.0709097738435
"13271",15777,0
"13273",11998,0.384043140968822
"13275",19620,0
"13277",9552,0
"13279",13187,0
"13281",6098,0.719192696462974
"13283",7195,0
"13285",15836,1.24551189287117
"13287",10307,1.4830550205529
"13289",12887,2.01948653923768
"13291",11696,2.8735702874177
"13293",11627,15.8721580628841
"13295",15878,16.9997291496309
"13297",11728,0.715463048584861
"13299",32253,0
"13301",10185,3.11469613570201
"13303",24310,5.1936276927171
"13305",23046,0
"13307",7481,2.29199905410484
"13309",10663,0
"13311",8606,12.110723673621
"13313",10339,11.8186013566975
"13315",13570,0
"13317",16842,0.0465677023193702
"13319",16063,9.34049722053738
"13321",20416,7.28779970842019
"16001",37680,5.20214467375301
"16003",48660,13.2302323915869
"16005",40790,1.21066345315088
"16007",37285,0.00547241227837346
"16009",27868,0.475974542924825
"16011",75329,0.341683445785269
"16013",94332,1.19002255046886
"16015",67740,25.3450723802726
"16017",68139,11.3442161743103
"16019",67513,0.186847651822631
"16021",45408,6.55972034796766
"16023",79534,0.00115630797381083
"16025",38314,6.54508530954138
"16027",21449,0.26021835141344
"16029",63897,0.32223089847656
"16031",91692,1.71328829445142
"16033",62677,0.02348592178488
"16035",88393,19.2240327351856
"16037",175478,0.885349693045884
"16039",110186,12.3332838987488
"16041",23730,1.51697327979243
"16043",67356,0.883532331293663
"16045",20055,8.81392827604192
"16047",26073,2.84157814340908
"16049",302107,21.4488115844027
"16051",39285,0.00217054810117675
"16053",21404,0.198925290850306
"16055",46504,2.6995795676501
"16057",38251,2.4614316825599
"16059",162335,1.79735687173945
"16061",17051,1.35530337515369
"16063",42843,0.954680878120298
"16065",16822,0.0685917204672308
"16067",27080,0.0323740976003561
"16069",30433,0.793111962551886
"16071",42651,0.111362660619317
"16073",273461,2.77687076745937
"16075",14580,3.82421831065721
"16077",51235,1.07267684608634
"16079",93908,14.3530094223739
"16081",16001,0.351242789231975
"16083",68524,2.84119512801992
"16085",132647,9.48209988507514
"16087",52343,7.69612008211342
"17001",30958,0
"17003",8984,0
"17005",13603,0
"17007",10015,0
"17009",10927,0
"17011",31031,0
"17013",10065,0
"17015",16589,0
"17017",13634,0
"17019",35474,0
"17021",25421,0
"17023",17928,0
"17025",16685,0
"17027",17843,0
"17029",18123,0
"17031",33971,0
"17033",15846,0
"17035",12323,0
"17037",22545,0
"17039",14393,0
"17041",14822,0
"17043",11951,0
"17045",22167,0
"17047",7911,0
"17049",17054,0
"17051",25777,0
"17053",17272,0
"17055",15333,0
"17057",31366,0
"17059",11660,0
"17061",19393,0
"17063",15297,0
"17065",15489,0
"17067",28934,0
"17069",6448,0
"17071",14036,0
"17073",29330,0
"17075",39763,0
"17077",21402,0
"17079",17699,0
"17081",20739,0
"17083",13424,0
"17085",21979,0
"17087",12395,0
"17089",18621,0
"17091",24203,0
"17093",11450,0
"17095",25576,0
"17097",16697,0
"17099",40794,0
"17101",13292,0
"17103",25884,0
"17105",37159,0
"17107",21993,0
"17109",20956,0
"17111",21711,0
"17113",42144,0
"17115",20808,0
"17117",30831,0
"17119",26292,0
"17121",20467,0
"17123",14162,0
"17125",20017,0
"17127",8603,0
"17129",11206,0
"17131",20202,0
"17133",14149,0
"17135",25214,0
"17137",20342,0
"17139",12243,0
"17141",27123,0
"17143",22402,0
"17145",15878,0
"17147",15616,0
"17149",30164,0
"17151",13303,0
"17153",7208,0
"17155",6118,0
"17157",21201,0
"17159",12858,0
"17161",16035,0
"17163",23941,0
"17165",13746,0
"17167",31158,0
"17169",15685,0
"17171",8972,0
"17173",27290,0
"17175",10243,0
"17177",20062,0
"17179",23368,0
"17181",14996,0
"17183",32021,0
"17185",8081,0
"17187",19308,0
"17189",20060,0
"17191",25414,0
"17193",17833,0
"17195",24744,0
"17197",30173,0
"17199",15790,0
"17201",18449,0
"17203",19276,0
"18001",12072,0
"18003",23454,0
"18005",14548,0
"18007",14441,0
"18009",5881,0
"18011",15041,0
"18013",11252,0
"18015",13320,0
"18017",14743,0
"18019",13369,0
"18021",12804,0
"18023",14400,0
"18025",10966,0
"18027",15517,0
"18029",10914,0
"18031",13265,0
"18033",12927,0
"18035",14071,0
"18037",15467,0
"18039",16628,0
"18041",7642,0
"18043",5314,0
"18045",14133,0
"18047",13895,0
"18049",13187,0
"18051",17743,0
"18053",14739,0
"18055",19396,0
"18057",14298,0
"18059",10911,0
"18061",17273,0
"18063",14522,0
"18065",14024,0
"18067",10443,0
"18069",13773,0
"18071",18262,0
"18073",19945,0
"18075",13649,0
"18077",12899,0
"18079",13446,0
"18081",11436,0
"18083",18615,0
"18085",19698,0
"18087",13735,0
"18089",17888,0
"18091",21450,0
"18093",16056,0
"18095",16089,0
"18097",14313,0
"18099",15978,0
"18101",12094,0
"18103",13409,0
"18105",14611,0
"18107",17955,0
"18109",14551,0
"18111",14333,0
"18113",14832,0
"18115",3111,0
"18117",14502,0
"18119",13781,0
"18121",15976,0
"18123",13731,0
"18125",12120,0
"18127",14908,0
"18129",14899,0
"18131",15433,0
"18133",17147,0
"18135",16106,0
"18137",15917,0
"18139",14515,0
"18141",16390,0
"18143",6852,0
"18145",14658,0
"18147",14270,0
"18149",11094,0
"18151",11456,0
"18153",16139,0
"18155",7947,0
"18157",17882,0
"18159",9254,0
"18161",5864,0
"18163",8417,0
"18165",9245,0
"18167",14580,0
"18169",14957,0
"18171",13019,0
"18173",13887,0
"18175",18355,0
"18177",14367,0
"18179",13159,0
"18181",18070,0
"18183",12005,0
"19001",20260,0
"19003",15129,0
"19005",23412,0
"19007",18346,0
"19009",15721,0
"19011",25523,0
"19013",20344,0
"19015",20376,0
"19017",15609,0
"19019",20370,0
"19021",20627,0
"19023",20676,0
"19025",20328,0
"19027",20277,0
"19029",20099,0
"19031",20679,0
"19033",20421,0
"19035",20506,0
"19037",17968,0
"19039",15348,0
"19041",20352,0
"19043",28157,0
"19045",25230,0
"19047",25346,0
"19049",21014,0
"19051",17937,0
"19053",18946,0.00152197839023743
"19055",20564,0
"19057",15275,0
"19059",14323,0
"19061",21908,0
"19063",14297,0
"19065",25980,0
"19067",17810,0
"19069",20695,0
"19071",18308,0
"19073",20299,0
"19075",17825,0
"19077",21078,0
"19079",20524,0
"19081",20370,0
"19083",20246,0
"19085",24944,8.8395929345098e-05
"19087",15503,0
"19089",16826,0
"19091",15476,0
"19093",15359,0
"19095",20875,0
"19097",23079,0
"19099",26035,0
"19101",15521,0
"19103",22136,0
"19105",20502,0
"19107",20603,0
"19109",34620,0
"19111",19148,0
"19113",25735,0
"19115",14826,0
"19117",15433,0
"19119",20857,0
"19121",19969,0
"19123",20368,0
"19125",20276,0
"19127",20371,0
"19129",15679,0
"19131",16685,0
"19133",24866,0.00168107116433963
"19135",15429,0
"19137",15065,0
"19139",15958,0
"19141",20337,0
"19143",14217,0
"19145",19060,0
"19147",20251,0
"19149",30640,0.0297400564804357
"19151",20544,0
"19153",21026,0
"19155",34077,0
"19157",20824,0
"19159",19151,0.000329534137713654
"19161",20535,0
"19163",16637,0
"19165",21003,0
"19167",27353,3.5821356016981e-05
"19169",20377,0
"19171",25647,0
"19173",19002,0
"19175",15113,0.00087866358311227
"19177",17428,0
"19179",15491,0
"19181",20363,0
"19183",20284,0
"19185",18735,0
"19187",25529,0
"19189",14264,0
"19191",24514,0
"19193",31222,0.00801490353362229
"19195",14288,0
"19197",20687,0
"20001",17962,0.000145279259424443
"20003",20706,0.00442940818367787
"20005",15453,0
"20007",40367,0.048171545002444
"20009",31993,0.0340084347990584
"20011",22628,0
"20013",20364,0.000404041788290303
"20015",51409,2.88459655626986
"20017",27652,6.67049685268052
"20019",22848,6.11813260229632
"20021",21015,4.74346766176377e-05
"20023",36271,0
"20025",34718,0.0676765909571304
"20027",23271,0.291537053436217
"20029",25505,0.0260313536357204
"20031",23226,0.506196736475722
"20033",28051,0.352655598624411
"20035",40238,7.08813513897591
"20037",21151,0
"20039",31767,0
"20041",30286,0.414908636059893
"20043",14146,0
"20045",16838,0
"20047",22110,0.154014919558515
"20049",23104,6.71321862251923
"20051",31985,0
"20053",25686,2.54121528523135
"20055",46286,0
"20057",39044,0.0443649803739099
"20059",20496,0.00105024761133537
"20061",14367,2.44772495933343
"20063",38080,0
"20065",31934,0
"20067",20435,0
"20069",30881,0
"20071",27654,0
"20073",40917,5.76725291847715
"20075",35441,0
"20077",28507,0.00353436845293872
"20079",19225,0.309513817775369
"20081",20529,0
"20083",30566,0
"20085",23348,0.155470091371423
"20087",19753,0.0002616372989694
"20089",32480,0
"20091",17051,0
"20093",30947,0
"20095",30786,0.23265864853875
"20097",25689,0.250887914843478
"20099",23191,1.0971249655665e-05
"20101",25496,0
"20103",16656,0
"20105",25600,0.0664092281279545
"20107",21528,0
"20109",38121,0
"20111",30465,4.66295881609302
"20113",31998,0.936436273559052
"20115",33861,0.344922250000343
"20117",32162,0.15094665438687
"20119",34793,0.0076812727446074
"20121",20955,0
"20123",25565,0
"20125",23187,0.00891808000276556
"20127",24959,5.51380096687571
"20129",25937,7.34331583748372e-05
"20131",25522,0.279938570384632
"20133",20526,0
"20135",38191,0
"20137",31311,0
"20139",25592,0.495875928951656
"20141",31769,0
"20143",25625,0.859219897823852
"20145",26804,0.0225361280673252
"20147",31779,0
"20149",30598,2.34427123875148
"20151",26131,0.191183001096784
"20153",38000,0
"20155",45185,1.26057417514202
"20157",25582,1.95263038989107e-05
"20159",25855,0.918957813305805
"20161",22116,1.87525617933505
"20163",31802,0
"20165",25511,0
"20167",31954,0.000647093341636781
"20169",25640,2.10268644640836
"20171",25497,0
"20173",35846,0.0711648586971251
"20175",22750,1.52606292297268e-05
"20177",19728,0.061807925160928
"20179",31837,0
"20181",37526,0
"20183",31875,0
"20185",28248,0.697062014693665
"20187",24171,0
"20189",25846,0
"20191",42109,0.00177025212876581
"20193",38186,0
"20195",31967,0
"20197",28435,8.82007032722407
"20199",32463,0
"20201",31949,0.0100934010779927
"20203",25532,0
"20205",20424,0.0432152042361151
"20207",17964,0.420264043535089
"20209",5562,0
"21001",14651,0
"21003",12507,0
"21005",7255,0
"21007",9731,0
"21009",17758,0
"21011",10087,0.00242377503564293
"21013",12838,1.79722348390492
"21015",9115,0
"21017",10361,0
"21019",5756,0.541169527302412
"21021",6490,0
"21023",7418,0
"21025",17590,4.1345045068264
"21027",20815,0
"21029",10668,0
"21031",15336,0
"21033",12356,0
"21035",14595,0
"21037",5669,0
"21039",7070,0
"21041",4871,0
"21043",14648,0.12901942635698
"21045",15838,0
"21047",25728,0
"21049",9070,0
"21051",16729,3.21264422568927
"21053",7292,0
"21055",13198,0
"21057",11041,0
"21059",16934,0
"21061",10939,0
"21063",8368,0.209657143222386
"21065",9091,0.0419005395323448
"21067",10154,0
"21069",12493,0.00517408862536422
"21071",14052,3.39820367836835
"21073",7536,0
"21075",8197,0
"21077",3717,0
"21079",8324,0.00859525989808777
"21081",9266,0
"21083",19783,0
"21085",18157,0
"21087",10264,0
"21089",12595,0.0975977068385897
"21091",7056,0
"21093",22388,0
"21095",16623,0.439435418452482
"21097",11009,0
"21099",14840,0
"21101",16542,0
"21103",10338,0
"21105",8993,0
"21107",19700,0
"21109",12313,2.99715265056929
"21111",14130,0
"21113",6197,0
"21115",9380,2.61974673603212
"21117",5841,0
"21119",12543,4.35792995929745
"21121",13782,4.11797074607732
"21123",9374,0
"21125",15776,2.84550096476545
"21127",14922,1.35041902118797
"21129",7503,1.50971126103706
"21131",14369,2.42599046873391
"21133",12049,1.93230109735608
"21135",17583,0.00410692053495147
"21137",11953,0.00581918653126857
"21139",12146,0
"21141",19792,0
"21143",9119,0
"21145",9517,0
"21147",15312,0.43599362983793
"21149",9108,0
"21151",15729,0.0151634308260175
"21153",10993,3.14963082657418
"21155",12316,0
"21157",12079,0
"21159",8191,5.46015251068592
"21161",8762,0
"21163",11518,0
"21165",7315,0.903763691108763
"21167",9005,0
"21169",10346,0
"21171",11801,0
"21173",7060,0.00056162386072548
"21175",13634,0.754767569459178
"21177",17032,0
"21179",15058,0
"21181",6988,0
"21183",21175,0
"21185",6978,0
"21187",12588,0
"21189",7047,3.81179199820752
"21191",10016,0
"21193",12171,4.14654327589165
"21195",28035,2.80802475055017
"21197",6400,0.0754955498917964
"21199",24038,0.0484617335378583
"21201",3553,0
"21203",11297,0.0732124938660016
"21205",10164,0.062410560780789
"21207",10053,0
"21209",10140,0
"21211",13701,0
"21213",8401,0
"21215",6802,0
"21217",9840,0
"21219",13396,0
"21221",17088,0
"21223",5541,0
"21225",12904,0
"21227",19450,0
"21229",10706,0
"21231",17211,0.00484653391910786
"21233",11929,0
"21235",15811,2.44582455632935
"21237",7896,1.1437845344241
"21239",6822,0
"22001",23353,0
"22003",27206,0.126214451468158
"22005",10746,0
"22007",13153,0
"22009",30751,0.000986224386197359
"22011",41426,0
"22013",29220,0
"22015",30785,0
"22017",33288,0.0647381132831437
"22019",38895,0
"22021",19226,0
"22023",58241,0
"22025",26256,0
"22027",27250,0
"22029",26569,0
"22031",31778,0.00602483389227226
"22033",16707,0
"22035",15720,0
"22037",16202,0
"22039",24148,0.759331377574078
"22041",22566,0
"22043",23627,0.0192480962030912
"22045",22002,0
"22047",23195,0
"22049",20613,0
"22051",18155,0.203201147590121
"22053",23394,0
"22055",9559,0
"22057",44091,0
"22059",23525,0
"22061",16789,0
"22063",24566,0
"22065",23116,0
"22067",28639,0
"22069",46166,0.104210019119833
"22071",12383,4.32003925893551
"22073",22453,0
"22075",42391,0.0924496419478659
"22077",20970,0
"22079",48383,2.51130540721337
"22081",14294,0
"22083",20056,0
"22085",35951,0.0204404238319875
"22087",21930,2.66424387794524
"22089",14106,0.848005263644229
"22091",14549,0
"22093",8987,0
"22095",14566,0.0338227847454978
"22097",33379,0
"22099",29017,0
"22101",26164,0
"22103",38559,0
"22105",29976,0
"22107",22787,0
"22109",52790,0
"22111",32159,0
"22113",46079,0
"22115",47628,0.00401309909714713
"22117",24009,0
"22119",21857,0
"22121",7233,0
"22123",12803,0
"22125",15134,0
"22127",33998,0.000282613078145448
"23001",17639,0
"23003",242515,0
"23005",33830,0
"23007",61922,0
"23009",62367,0
"23011",33794,0
"23013",14530,0
"23015",17004,0
"23017",77288,0
"23019",126368,0
"23021",155555,0
"23023",9651,0
"23025",145356,0
"23027",27136,0
"23029",100800,0
"23031",36376,0
"24001",15218,0
"24003",15959,0
"24005",22061,0
"24009",8448,0
"24011",11581,0
"24013",16078,0
"24015",13387,0
"24017",17216,0
"24019",21261,0
"24021",23712,0
"24023",23367,0
"24025",16043,0
"24027",9002,0
"24029",10726,0
"24031",18008,0
"24033",17718,0
"24035",14026,0
"24037",14293,0
"24039",12372,0
"24041",10930,0
"24043",16598,0
"24045",13661,0
"24047",20751,0
"24510",3067,0
"25001",15983,0
"25003",33630,1.05710552231925e-05
"25005",20979,0
"25007",4207,0
"25009",18897,0
"25011",25746,0
"25013",22523,0
"25015",19366,0
"25017",30092,0
"25019",2007,0
"25021",14671,0
"25023",24970,0
"25025",2361,0
"25027",56106,0
"26001",24552,0.016332635525477
"26003",32070,0.00198386520564139
"26005",29930,0
"26007",20814,1.12940629799976e-05
"26009",18656,0
"26011",12938,0.00535826451280736
"26013",32156,0
"26015",20505,0
"26017",15813,0
"26019",12331,0
"26021",20579,0
"26023",18464,0
"26025",25523,0
"26027",18062,0
"26029",13451,0
"26031",28059,0
"26033",48287,0.69714014993508
"26035",20442,0.0289906595488417
"26037",20416,0
"26039",20009,0.184969323441334
"26041",41642,0.00224489097185747
"26043",27588,0
"26045",20584,0
"26047",17094,0
"26049",23082,0
"26051",18335,5.45993318053755e-06
"26053",40476,0
"26055",17371,0
"26057",20306,0
"26059",21564,0
"26061",36724,0
"26063",29299,0
"26065",19921,0
"26067",20606,0
"26069",19957,1.06976040175618
"26071",43029,0
"26073",20530,0
"26075",25705,0
"26077",20613,0
"26079",20267,0.00726248616599489
"26081",30980,0
"26083",11657,0
"26085",20404,0.0147149999131796
"26087",23547,0
"26089",11953,0
"26091",27052,0
"26093",20797,0
"26095",32788,0
"26097",35553,0.0195811005231203
"26099",17184,0
"26101",19800,0
"26103",66002,0.0155523482946146
"26105",18119,0
"26107",20293,0
"26109",37372,0
"26111",18757,0
"26113",20389,0.0180814182655165
"26115",19807,0
"26117",25605,0
"26119",19983,0.00541991791873783
"26121",18740,0
"26123",30618,3.76904163550411e-05
"26125",32230,0
"26127",19383,0
"26129",20424,0.0564299646715028
"26131",46894,0
"26133",20357,0
"26135",20308,0.231838336051507
"26137",18699,0.00915449411276791
"26139",20495,0
"26141",23820,0
"26143",20605,0.146740956650982
"26145",28990,0
"26147",25031,0
"26149",18508,0
"26151",34093,0
"26153",43410,0.0043498765321452
"26155",19218,0
"26157",28829,0
"26159",22135,0
"26161",25670,0
"26163",21534,0
"26165",20447,0
"27001",70903,0.227231131395942
"27003",15862,2.02340979532893
"27005",51334,0.548265260929953
"27007",108516,1.73758312114862
"27009",14672,0.700400226237657
"27011",18779,0.0228552775152097
"27013",27199,0
"27015",21956,0
"27017",31089,0.0740803676118863
"27019",13359,0.00194737214929167
"27021",85771,0.307660550859308
"27023",20875,0.0141170310858703
"27025",15726,0.168072864568955
"27027",37411,0.0738648877818253
"27029",36606,1.44521187591584
"27031",56519,5.18845373163817
"27033",22995,0
"27035",41090,0.800777673158315
"27037",20844,0.000960282528893598
"27039",15618,0
"27041",25592,0.0783579789298378
"27043",25646,0
"27045",30632,0
"27047",25662,0
"27049",27705,0
"27051",20515,0.00686239638050576
"27053",21551,0.0945880677943257
"27055",20206,0
"27057",35588,0.49848996929915
"27059",16019,1.46180160599896
"27061",103982,0.0261954244403934
"27063",25617,0
"27065",18959,0.14805249255243
"27067",30634,0.0175197227186768
"27069",39174,0.732741001150305
"27071",112046,0.0231988575765871
"27073",27668,0.0317530293196662
"27075",80997,3.67682594384478
"27077",63257,0.160450672723201
"27079",16843,0
"27081",19418,0.00596273378907566
"27083",25671,3.19920571015313e-05
"27085",17959,6.89221427403954e-06
"27087",20655,0.444017447492773
"27089",64455,1.32643525800776
"27091",25920,0
"27093",22883,0.00425965630585203
"27095",24220,0.824173055894513
"27097",40980,1.35399400106795
"27099",25281,0
"27101",25576,3.63467935413198e-05
"27103",16584,0
"27105",25619,0
"27107",31152,0.0572202093968304
"27109",23256,0
"27111",78914,0.154091336886765
"27113",21976,0.621163337762078
"27115",50969,0.067740088332427
"27117",16615,0.00133106770093594
"27119",71011,0.415173219436542
"27121",25415,0.00874364649557007
"27123",6042,0.103342936427059
"27125",15336,0.728791391757717
"27127",31361,0
"27129",35060,7.50805755388614e-05
"27131",18317,0
"27133",17134,0
"27135",59564,0.30433368257538
"27137",239303,1.71049734199369
"27139",13086,0.0110146313719934
"27141",16012,2.3894363136222
"27143",21343,0
"27145",49377,0.276166102267728
"27147",15366,0
"27149",20465,0.0042856943142938
"27151",26732,0.0247424429240212
"27153",34821,0.657569492075931
"27155",20775,0.0661672332798979
"27157",19534,0
"27159",19285,2.60333276385203
"27161",15383,0
"27163",15049,0.23358944159411
"27165",15626,0
"27167",26772,0.0685268591499191
"27169",22796,0
"27171",25399,0.234933276673064
"27173",27083,0.00441024100306085
"28001",17326,0
"28003",14256,8.61991769172612
"28005",25987,0.0338104230259798
"28007",26178,14.3165668225988
"28009",14518,0.356750927013119
"28011",32264,0
"28013",20890,0
"28015",22554,0.00439113957370487
"28017",17914,0
"28019",14905,0.561223349971529
"28021",17804,0
"28023",24635,0.0332797369667284
"28025",14785,0
"28027",20707,0
"28029",27694,1.76434149714086
"28031",14747,10.6280091882055
"28033",17601,0
"28035",16710,16.5563413055642
"28037",20139,6.02264763417495
"28039",17184,18.6767287958775
"28041",25534,12.7984913994916
"28043",15965,0
"28045",17234,0
"28047",20942,0
"28049",31158,0
"28051",27166,0.550357785626133
"28053",15324,0
"28055",15680,0
"28057",19207,0.0448834748742047
"28059",26535,14.2536391016052
"28061",24070,1.27644752185361
"28063",18731,0.135372524929822
"28065",14532,3.11517725952409
"28067",24857,12.2101637921548
"28069",27252,0
"28071",24140,2.3540205810297e-06
"28073",17765,9.64021789149158
"28075",25410,0
"28077",15480,0
"28079",20791,25.1055297555237
"28081",16096,0.00759925586135309
"28083",21529,0
"28085",20898,9.50785227424388
"28087",18351,0
"28089",26360,4.7611341215811
"28091",19486,0.107351808647824
"28093",25213,0.0971262253972832
"28095",27417,0
"28097",14489,0.00117237479891908
"28099",20305,5.33161335929812
"28101",20596,0.000630523698505564
"28103",24868,0
"28105",16414,0
"28107",25054,0
"28109",29117,1.03868765105104
"28111",23098,22.9406068742423
"28113",14590,0.958559122997981
"28115",17806,0
"28117",14856,5.54513451818716
"28119",14436,0
"28121",28642,0.0189319810013223
"28123",21687,0.770341055217726
"28125",15461,0
"28127",20975,1.07280688938873
"28129",22645,2.87346641398034
"28131",15914,13.1632939119399
"28133",25111,0
"28135",23180,0
"28137",14601,0
"28139",16337,2.02821677303855
"28141",15779,9.25161138316204
"28143",16929,0
"28145",14816,0.123444443372186
"28147",14378,0
"28149",21969,0
"28151",27007,0
"28153",28900,4.50020402491031
"28155",15041,0
"28157",24436,0.00134020366015935
"28159",21681,5.20507493231902
"28161",17587,0
"28163",33201,0.0293450903608849
"29001",20229,0
"29003",15509,0
"29005",19550,0
"29007",24753,0
"29009",28169,0.00224155117959761
"29011",21177,0
"29013",30261,0
"29015",26765,0.0388955854109619
"29017",22066,0
"29019",24567,0
"29021",14752,0
"29023",24823,0
"29025",15274,0
"29027",30109,0
"29029",25166,0.0208970329642861
"29031",20827,0
"29033",24931,0
"29035",18102,0
"29037",24965,0
"29039",17709,0.00667101229674486
"29041",27236,0
"29043",20024,0.00145744683021564
"29045",18188,0
"29047",14524,0
"29049",15045,0
"29051",14193,0.000932675236667017
"29053",20233,0
"29055",26426,0
"29057",17958,9.28808145647511e-06
"29059",19288,0.0275880998039476
"29061",20184,0
"29063",15147,0
"29065",26813,0.00262241832259802
"29067",28964,0.0060827867645412
"29069",19452,0
"29071",33066,0
"29073",18694,0
"29075",17455,0
"29077",24141,0.00308945221850776
"29079",15565,0
"29081",25834,0
"29083",25993,0.000487624069288323
"29085",14639,0.217554430299205
"29087",16736,0
"29089",16754,0
"29091",32976,0.000681064179045961
"29093",19602,0.00567199806129818
"29095",21881,0
"29097",22755,0.00129860585849128
"29099",23610,0
"29101",29627,0
"29103",18021,0
"29105",27293,0.0232411662863344
"29107",22692,0
"29109",21790,0.000767171485390846
"29111",18140,0
"29113",22741,0
"29115",22053,0
"29117",19138,0
"29119",19164,0.00457321999035348
"29121",28867,0
"29123",17680,0.00044776342587469
"29125",18819,1.98429714032011e-05
"29127",15786,0
"29129",16168,0
"29131",21281,0.00228617708257716
"29133",15230,0
"29135",14865,0.00333526127498211
"29137",23824,0
"29139",19209,0
"29141",21796,0.00129306409172472
"29143",24742,0
"29145",22302,0.00347457368582235
"29147",31172,0
"29149",28133,0.000671075675834126
"29151",21791,0
"29153",26821,0.0192508603898605
"29155",18234,0
"29157",17198,0
"29159",24398,0
"29161",23961,0
"29163",24333,0
"29165",15135,0
"29167",22818,0.0279373379116019
"29169",19596,0.00316835853809402
"29171",18455,0
"29173",17178,0
"29175",17334,0
"29177",20375,0
"29179",28929,0.000774760409428322
"29181",22431,0
"29183",21062,0
"29185",24926,0.00454259985426199
"29186",18007,0
"29187",16148,0.000846143298389855
"29189",18576,0
"29195",27238,0
"29197",10949,0
"29199",15602,0
"29201",15132,0
"29203",35671,0.00273933115519425
"29205",17832,0
"29207",29454,0
"29209",18084,0.00351037328888751
"29211",23146,0
"29213",23148,0.0390557534916143
"29215",41910,0.00466476999999242
"29217",29770,0
"29219",15544,0
"29221",27091,0.00537407452428833
"29223",27514,0
"29225",21074,0.00956247349599903
"29227",9488,0
"29229",24250,0.00650931629465171
"29510",2355,0
"30001",197987,1.68436497609906
"30003",178216,1.05852095754482
"30005",150580,0.0126324717687277
"30007",43995,0.794243037719988
"30009",73232,2.45216495764146
"30011",118953,0.00424199744720722
"30013",96333,0.939684765841188
"30015",141977,0.000721853642704433
"30017",134760,0.0173009051560244
"30019",50673,0.000602595495495127
"30021",84683,0.00379094308104762
"30023",26334,1.8270481154088
"30025",57654,0.000750178432077314
"30027",154564,0.0444969614609835
"30029",186739,5.14922874599289
"30031",93568,4.83038075831216
"30033",172273,0.0367251912663649
"30035",107857,0.639807334756213
"30037",41758,0.00311487933187335
"30039",61546,1.48376211960039
"30041",103607,0.00243628819506898
"30043",58962,2.11037413352726
"30045",66458,0.825529446320025
"30047",58767,5.1429245780177
"30049",124253,2.72539989168479
"30051",51411,0
"30053",130542,11.1190710753104
"30055",95289,0.000201131816124953
"30057",128031,1.23254566392414
"30059",85074,1.32716966613673
"30061",43467,11.4643633198514
"30063",92994,5.274326561981
"30065",66501,0.0206069485193907
"30067",99951,7.20267301722342
"30069",59493,0.0558191771094069
"30071",185178,0.0289800313971311
"30073",58319,0.91093088194284
"30075",117208,0.129504627341998
"30077",82863,2.22211647738039
"30079",61906,0.00207918759471392
"30081",85277,5.24714966664918
"30083",74718,0.0131428839882953
"30085",84196,0.00531814825589395
"30087",178527,0.170854533730665
"30089",99122,11.5651970046625
"30091",60610,0.00229380410255627
"30093",25539,2.12631048487842
"30095",64158,2.75305903490571
"30097",66162,2.78077329803623
"30099",81431,0.608805922015993
"30101",69105,0
"30103",34981,0.0260710221315641
"30105",179811,0.00287986344226346
"30107",50719,0.0714266090651863
"30109",31633,0.007038862089509
"30111",94103,0.0627221264012578
"31001",20050,0.0190971501530817
"31003",30508,0.142902765892494
"31005",25515,0.157448497401778
"31007",26512,0.00794553119352909
"31009",25379,0.0550876580815776
"31011",24401,0.00167775735727746
"31013",38297,0.0035311400302967
"31015",19344,0.0529315035375195
"31017",43531,0.212139955065341
"31019",34654,0.00110714489465195
"31021",17689,0.00760378850863669
"31023",20983,0
"31025",20172,0
"31027",26490,0.000539678986240653
"31029",31884,0
"31031",213504,0.269441263959905
"31033",42503,0.000372841896705724
"31035",20370,0.189814700701984
"31037",14801,0
"31039",20426,0
"31041",91520,0.0562907433578015
"31043",9522,0.00804339948166585
"31045",49769,0.0585050758621919
"31047",36229,0.00464562440338451
"31049",15654,0
"31051",17157,0.0161883966533567
"31053",19323,0
"31055",12043,0
"31057",32718,0
"31059",20479,0
"31061",20457,0
"31063",34819,2.90328588272119e-05
"31065",25597,0
"31067",30529,0
"31069",61494,0.111094128350714
"31071",20300,0.397505998492142
"31073",16439,8.41564591805341e-07
"31075",27824,0.193444445914507
"31077",20276,0.000173864617838553
"31079",19618,0
"31081",19353,0
"31083",20396,0
"31085",25340,1.8033332950442e-05
"31087",25522,0
"31089",85882,0.453940058744911
"31091",25637,0.0494628690085223
"31093",20461,0.0001457536359349
"31095",20467,1.04516071470303e-06
"31097",13392,0.000113021481559028
"31099",18343,0
"31101",39430,0.0205206102073894
"31103",27490,0.159437940851311
"31105",33836,1.43393798158758e-05
"31107",40489,0.0726088774998292
"31109",30068,0
"31111",91481,0.0125874944949753
"31113",20292,0.0312020888964037
"31115",20289,0.0722235497843863
"31117",30565,0.0849320987533128
"31119",20444,0.0845263313333382
"31121",17638,0.00257134442389006
"31123",50804,0.0397752829945487
"31125",15916,0.00559685315520152
"31127",14498,0
"31129",20460,0.00242963895388681
"31131",21956,0
"31133",15352,0.000834269858197866
"31135",31425,0
"31137",19202,0
"31139",20412,0.286752587972335
"31141",24356,0.0111915348816048
"31143",15640,0
"31145",25517,0
"31147",19766,0.000800908670218218
"31149",35951,0.297428109230804
"31151",20479,0
"31153",8792,0
"31155",27012,0
"31157",26487,0.00415679205903093
"31159",20449,0
"31161",87745,0.14900488939909
"31163",20302,0.00190760430147223
"31165",73451,0.0228986607956543
"31167",15305,0.0020971203036676
"31169",20442,8.99351410167518e-05
"31171",25344,0.0447321238845698
"31173",14034,0.00828215101820011
"31175",20268,0.0129133959447409
"31177",13936,0
"31179",15750,0.00731787960467205
"31181",20432,0
"31183",20451,0.392713133070144
"31185",20470,0
"32001",178501,0.000925760646195391
"32003",286393,0.460707852382791
"32005",26235,5.19265210148222
"32007",611174,0.7587488510484
"32009",127513,0.00682435229994305
"32011",148492,0
"32013",343120,0.0422710298123612
"32015",196089,0
"32017",377906,0.707366608842109
"32019",71974,0.250389845257174
"32021",135414,0.207314998973666
"32023",646557,0.0203204811355719
"32027",215567,0
"32029",9400,0.255595381612251
"32031",232376,0.747118891611349
"32033",316054,0.0231209606545772
"32510",5581,6.37711486685312
"33001",16696,0
"33003",35297,0
"33005",25903,0
"33007",64988,0
"33009",62157,0
"33011",31715,0
"33013",33921,0
"33015",25817,0
"33017",13595,0
"33019",19612,0
"34001",21682,0.6200998080554
"34003",8758,7.65609108079122
"34005",29136,8.71093399006227
"34007",8082,0.539338542491761
"34009",10155,0
"34011",17800,0
"34013",4589,4.98357595604192
"34015",11968,0
"34017",2061,0
"34019",15539,0.795235526339867
"34021",8128,1.48346790788061
"34023",11270,4.2147137079161
"34025",17330,4.67338102086961
"34027",17104,9.58153270901035
"34029",26892,4.0303084932989
"34031",7055,13.5589987040742
"34033",12379,0.208200169652841
"34035",10841,4.47043263040906
"34037",19029,7.92513578655963
"34039",3739,3.48122708614693
"34041",12873,1.2928562241658
"35001",41476,0.135161338502915
"35003",246198,0.190929740326805
"35005",215839,0.0447242032431762
"35006",161379,0.0403036065934014
"35007",133878,2.31577541443375
"35009",50045,0.0138546526363271
"35011",82929,0
"35013",135541,0.00011116118956863
"35015",149155,0.00884264721519405
"35017",140943,0.0756496407980919
"35019",107685,0.0138373092539253
"35021",75531,0.087467918907129
"35023",122477,0.00203260544974899
"35025",156138,0.511470648837076
"35027",171643,0.275296175973277
"35028",3886,5.46547105723716
"35029",105352,0
"35031",193843,0.011149663788815
"35033",68508,2.32374797018786
"35035",235440,0.436454951188909
"35037",102361,0.230380492071925
"35039",209484,3.242025345885
"35041",87165,0.00558511427259995
"35043",131971,2.75078355194854
"35045",196767,0.258498598954445
"35047",168454,0.731245722240453
"35049",67913,2.67972197511054
"35051",150572,1.42846884022647
"35053",236199,0.559352426131163
"35055",78290,6.59076685663602
"35057",118878,0.00932920277385477
"35059",136101,0.0219088254128091
"35061",37932,0.0231774804870934
"36001",18952,11.7537153258061
"36003",36753,0
"36005",1716,1.761636851664
"36007",25418,0
"36009",46985,0
"36011",26103,0
"36013",38311,0
"36015",14592,0
"36017",31929,0
"36019",39696,0
"36021",23032,1.17598889042266
"36023",17815,0
"36025",52113,0
"36027",29331,3.96171268033244
"36029",37201,1.19085624248086
"36031",68086,0
"36033",60312,0
"36035",18932,0.0015477388986206
"36037",17596,8.10052965624139e-05
"36039",23380,0.749457990241128
"36041",64223,0
"36043",51807,0
"36045",46553,0
"36047",2929,0
"36049",45856,0
"36051",22746,0
"36053",23501,0
"36055",23484,1.56969252630832
"36057",14571,0.199270894428797
"36059",11202,2.71001634413098
"36061",1142,0.00128109254278799
"36063",18601,0.205979819186872
"36065",44651,0
"36067",28616,0
"36069",23537,0.24765150858405
"36071",29797,13.072950060969
"36073",13827,0
"36075",36077,0
"36077",36081,0
"36079",8745,13.8203431516857
"36081",4452,0.495531506598505
"36083",23636,9.8897206901119
"36085",2104,0
"36087",7080,14.0805254655147
"36089",100219,0
"36091",29981,4.22983266438517
"36093",7438,12.1849445936981
"36095",22255,0.0238219217689458
"36097",12164,0
"36099",13866,0
"36101",49880,0
"36103",40980,0.957559967232369
"36105",35402,0.388364957329103
"36107",18584,0
"36109",17464,0
"36111",41256,3.72966963477045
"36113",33099,0
"36115",30059,0.289488997320447
"36117",21608,0.4243137699306
"36119",16925,7.17608054484752
"36121",21186,0.00222844605680738
"36123",13351,0
"37001",15432,0.00278055882171391
"37003",9373,5.58535549066854
"37005",8403,6.48759430128504e-05
"37007",19083,15.4380632941439
"37009",15254,0.0165262300973603
"37011",8795,1.21190749671916
"37013",30591,0.00657879239264609
"37015",25210,0.00108090158416276
"37017",31533,13.5013741676678
"37019",31692,8.61472526717168
"37021",23446,3.45669915840676
"37023",18264,11.5882478747002
"37025",12932,6.75565763977288
"37027",16846,6.42501163428459
"37029",8725,0
"37031",20086,0
"37033",15233,0
"37035",14786,5.58043216049645
"37037",25188,5.86382500944368
"37039",16596,2.84469206137791
"37041",6287,0
"37043",7842,0.779348071120886
"37045",16632,5.51693981394655
"37047",33936,14.9961227095767
"37049",25949,0
"37051",23399,12.7076781015404
"37053",10397,0.0131686907845721
"37055",14710,0
"37057",20179,2.29800301745127
"37059",9467,0.883320496961517
"37061",29159,0.000270708573470734
"37063",10586,0
"37065",18002,0
"37067",14650,1.43172421854381
"37069",17562,0.00149672982039011
"37071",12917,7.38893945501217
"37073",12284,0
"37075",10711,0.0084996592302256
"37077",19099,0
"37079",9492,0
"37081",23360,0.00119705968499234
"37083",25943,0
"37085",21356,16.4169440865443
"37087",19697,2.28502586470355
"37089",13327,3.41044110607775
"37091",12752,0
"37093",13915,19.1514520924899
"37095",25104,0
"37097",21226,4.10676727815314
"37099",17584,1.64567697210667
"37101",28257,0.298841773420772
"37103",16823,0.00325843227766596
"37105",9213,16.8734301996858
"37107",14264,0.00831626022380297
"37109",10833,5.80090056725944
"37111",15823,8.67372909768238
"37113",18466,0.586094825204486
"37115",16044,1.05338451375925
"37117",16220,0.0210502480210444
"37119",19390,6.39702461919643
"37121",7883,0.965688607766532
"37123",17817,14.5986799759476
"37125",25068,21.8136036828447
"37127",19294,0.00175438253362567
"37129",7809,1.81179591717001
"37131",19568,0
"37133",28489,0
"37135",14245,0
"37137",12957,0
"37139",8247,0
"37141",31336,0.0907744553655008
"37143",8953,0
"37145",14366,0
"37147",23287,0
"37149",8473,1.12780360754834
"37151",28060,0.971557860234609
"37153",17049,23.2600831902689
"37155",33720,7.00690921960061
"37157",20356,0.00633613012308102
"37159",18609,6.6907694241062
"37161",20145,4.4925900469903
"37163",33668,0.000246779157577767
"37165",11405,13.0236851415683
"37167",14385,5.954490688204
"37169",16206,0.485048862179969
"37171",19069,0.119344796992135
"37173",19187,3.25968631805445
"37175",13515,0.550134249531086
"37177",14550,0
"37179",22735,4.76652079403371
"37181",9543,0
"37183",30453,1.87059442670753
"37185",15784,0.000579147248010748
"37187",13323,0
"37189",11127,0.434313478353439
"37191",19822,0.00273326635931179
"37193",26868,1.27764863312226
"37195",13244,0
"37197",11996,0.75421314875454
"37199",11129,3.21517518721306
"38001",35122,0.00200760855269232
"38003",53769,0.00291983049773348
"38005",51159,0.059848505251227
"38007",40974,0.03600976493062
"38009",60298,0
"38011",41459,0.00337274408466607
"38013",40109,0.00506206591629715
"38015",59275,0.0654671430773536
"38017",62805,0.000329769315766956
"38019",53639,0.00226514303715491
"38021",40585,0.0126116359912149
"38023",45984,0.000289244702589072
"38025",73982,0.036103089724291
"38027",22877,0.179973300620692
"38029",55250,0.780421461648065
"38031",22981,0.0146228099858227
"38033",35612,0.0198758117957175
"38035",51132,0.00490670710308073
"38037",59197,0.0258793093495549
"38039",25471,0.0251413525850912
"38041",40284,8.98954598256778e-05
"38043",50904,0.0132742024514507
"38045",40891,0.000585398541259225
"38047",35922,0.00241983391101037
"38049",67915,0.00314129019663382
"38051",35336,0.00433316022930726
"38053",101617,0.0234135891460903
"38055",82715,0.0454545407436924
"38057",39510,0.116672408662591
"38059",69108,0.0928660827922827
"38061",68975,0.0312087443074595
"38063",35857,0.0657491054797139
"38065",25978,0.191027557233032
"38067",39844,0.00537889856395743
"38069",38453,0.0311028463496475
"38071",46197,7.92259237612832e-05
"38073",30681,0.0164821405091529
"38075",31730,0.0144054269923152
"38077",51326,0.0524671578353301
"38079",33375,0.030375193280311
"38081",30800,0.0347095946104154
"38083",35725,0.00480937080438001
"38085",40079,0.278320962774412
"38087",43329,0.00899165576713758
"38089",47617,0.00132916330207385
"38091",25416,0.000399954171491273
"38093",81645,0.00280602649597202
"38095",37008,0
"38097",30621,0.000126926417204202
"38099",45970,0.0256280671812763
"38101",73032,0.0130785889066361
"38103",45845,0.00511490715981857
"38105",76321,0.00153849402031833
"39001",20832,0
"39003",14457,0
"39005",15166,0
"39007",25076,0
"39009",18065,0
"39011",14277,0
"39013",19228,0
"39015",17518,0
"39017",16706,0
"39019",14174,0
"39021",15271,0
"39023",14289,0
"39025",16347,0
"39027",14653,0
"39029",18996,0
"39031",20161,0
"39033",14306,0
"39035",16178,0
"39037",21305,0
"39039",14716,0
"39041",16253,0
"39043",8669,0
"39045",18069,0
"39047",14465,0
"39049",19310,0
"39051",14464,0
"39053",16749,0.00332419386691284
"39055",14508,0
"39057",14793,0
"39059",18767,0
"39061",14652,0
"39063",18960,0
"39065",16722,0
"39067",14594,0
"39069",14912,0
"39071",19809,0
"39073",15047,0
"39075",15064,0
"39077",17611,0
"39079",14977,0.00061826855814196
"39081",14598,0
"39083",18807,0
"39085",8036,0
"39087",16245,0.0355860876937938
"39089",24425,0
"39091",16591,0
"39093",17474,0
"39095",12208,0
"39097",16580,0
"39099",15105,0
"39101",14352,0
"39103",15031,0
"39105",15379,0
"39107",16820,0
"39109",14556,0
"39111",16264,0
"39113",16496,0
"39115",14989,0
"39117",14475,0
"39119",23894,0
"39121",14375,0
"39123",8989,0
"39125",14884,0
"39127",14654,0
"39129",18000,0
"39131",15771,0
"39133",17905,0
"39135",15155,0
"39137",17208,0
"39139",17764,0
"39141",24620,0
"39143",14612,0
"39145",21908,0.00151097793884042
"39147",19638,0
"39149",14587,0
"39151",20628,0
"39153",14930,0
"39155",22616,0
"39157",20303,0
"39159",15517,0
"39161",14580,0
"39163",14748,0
"39165",14476,0
"39167",22732,0
"39169",19780,0
"39171",15034,0
"39173",22041,0
"39175",14482,0
"40001",20502,3.68368657926105
"40003",31311,0.00294563486985975
"40005",35116,4.70325151585267
"40007",64579,0.0888456774621704
"40009",32103,0.718948070328186
"40011",33344,0.00219350701423621
"40013",33511,0.774458364410904
"40015",45845,0.0396666778540033
"40017",32160,0.00311813998273703
"40019",29615,1.38868410836692
"40021",27549,1.65193767330386
"40023",28356,1.30788557542963
"40025",65405,0.000888550764028335
"40027",19827,0.0399496127215904
"40029",18556,2.29584195984375
"40031",38510,0.198276094942381
"40033",22810,0.0587548565783181
"40035",27090,0.103260997805977
"40037",34432,1.58409638103333
"40039",35604,0.343315874189563
"40041",28152,0.65360869252618
"40043",35835,0.0903116040267999
"40045",43761,0.101035346427277
"40047",37668,6.14825827207713e-05
"40049",28920,0.560511687091438
"40051",39247,0.207532803407499
"40053",35649,0.000212180684849272
"40055",22851,0.147762602381976
"40057",19148,0.107050784411391
"40059",36963,0.887619846472703
"40061",22249,4.6440016220903
"40063",29034,1.74237747382595
"40065",28587,0.0220706816434042
"40067",27501,0.640972457208524
"40069",23366,2.01402338561806
"40071",33591,1.92650697403216
"40073",32192,0.000238895979047658
"40075",36614,0.0828370786914248
"40077",25874,13.6113142753272
"40079",57138,7.94811064885863
"40081",34310,1.01348849676608
"40083",26600,0.0387367057952385
"40085",18924,1.13579238331045
"40087",20600,0.127041914358574
"40089",67606,15.0096444802814
"40091",25313,1.81988175009129
"40093",34036,0.00313044246199918
"40095",15187,1.30730886851576
"40097",24254,0.600843649501035
"40099",15109,0.788264514907873
"40101",29894,0.870365865678645
"40103",26364,0.0511387483262099
"40105",20684,0.194840537696918
"40107",22343,1.81820201972055
"40109",25521,0.0287152977476015
"40111",24847,0.756215728863224
"40113",81734,3.12465063136642
"40115",17202,0.00950542358101021
"40117",21142,0.844944520731377
"40119",24767,0.488348184663928
"40121",48923,7.77010960654538
"40123",25754,1.03867566309857
"40125",28201,0.589136614665903
"40127",50618,18.4033484012417
"40129",40733,1.36305471598993
"40131",25285,0.199007019729453
"40133",22731,1.02170772285559
"40135",25391,2.53563938214539
"40137",31667,0.654531353262943
"40139",72780,0.00193647777354859
"40141",31234,0.00907296129134393
"40143",20987,0.128277504455752
"40145",21009,0.290077483746131
"40147",15105,0.264478183632026
"40149",35837,0.124003539967748
"40151",45836,0.658159095665259
"40153",44303,0.0695932464481125
"41001",109713,2.6006837458071
"41003",24092,0
"41005",66906,13.3625809848513
"41007",30322,0
"41009",24485,0
"41011",57789,0.362763209479418
"41013",106128,2.21714645197391
"41015",58118,12.4447473978064
"41017",108503,5.9461018082331
"41019",180113,10.7301234773812
"41021",43442,0.479908818052368
"41023",160886,3.15071381716826
"41025",363380,0.119357770094248
"41027",18939,14.2776069260277
"41029",99530,29.6541320100097
"41031",63660,7.15255233260848
"41033",58310,27.7687399629742
"41035",218049,3.69365292978876
"41037",296940,0.0858294345597186
"41039",164134,8.30460257937744
"41041",35287,0
"41043",82026,9.34910726474402
"41045",352789,0.98522263508442
"41047",42326,7.74143116189748
"41049",72753,1.16663086490102
"41051",16523,4.28327032288123
"41053",26435,0
"41055",29535,0.371920913501008
"41057",39964,0
"41059",114807,5.70622231326164
"41061",72439,9.48773620479119
"41063",111961,7.96273342631448
"41065",85083,6.61507924500971
"41067",25815,0
"41069",60982,1.19446595027833
"41071",25519,0
"42001",18541,0
"42003",26437,0
"42005",23597,0
"42007",15774,0
"42009",36128,0
"42011",30771,0
"42013",18700,0
"42015",41251,0
"42017",22097,0.0074663391665194
"42019",28260,0
"42021",24615,0
"42023",14155,0
"42025",13772,0
"42027",39536,0
"42029",26980,0
"42031",21665,0
"42033",41023,0
"42035",31863,0
"42037",17421,0
"42039",36860,0
"42041",19545,0
"42043",19830,0
"42045",6764,0
"42047",29550,0
"42049",28211,0
"42051",28384,0
"42053",15300,0
"42055",27453,0
"42057",15570,0
"42059",20536,0
"42061",31606,0
"42063",29652,0
"42065",23335,0
"42067",13972,0
"42069",16530,0
"42071",34947,0
"42073",12856,0
"42075",12880,0
"42077",12364,0
"42079",32195,0
"42081",44187,0
"42083",34990,0
"42085",24251,0
"42087",14735,0
"42089",21937,0
"42091",17309,0
"42093",4694,0
"42095",13394,0
"42097",16953,0
"42099",19747,0
"42101",5061,0
"42103",20130,0
"42105",38420,0
"42107",27803,0
"42109",11784,0
"42111",38431,0
"42113",16071,0
"42115",29561,0
"42117",40398,0
"42119",11302,0
"42121",24257,0
"42123",31930,0
"42125",30583,0
"42127",26671,0
"42129",36792,0
"42131",14385,0
"42133",32366,0
"44001",1005,0
"44003",6249,0
"44005",3925,0
"44007",15368,0
"44009",12116,0.000130085787634952
"45001",18193,0.0719230690815837
"45003",38376,26.7350832443743
"45005",14667,2.2036231769228
"45007",26840,0.0774532560181747
"45009",14057,4.44548339818488
"45011",19795,4.3648735735973
"45013",25161,4.49280615897915
"45015",43836,10.9910538302078
"45017",13954,10.4491446822954
"45019",36390,5.12678443323327
"45021",14117,2.24285097590132
"45023",20825,0.00604305897141693
"45025",28631,14.1665667123692
"45027",24719,6.87620116640983
"45029",38211,2.06406821615811
"45031",20109,8.18566246592931
"45033",14454,8.40908594672501
"45035",20302,17.2457675716705
"45037",18010,9.22262492983846
"45039",25219,0.300369204262832
"45041",28574,10.0540633074028
"45043",30959,12.9657883370674
"45045",28256,0.0088264302774933
"45047",16472,0.0357220913620922
"45049",19987,9.45582701183699
"45051",40706,14.1231092749087
"45053",23835,9.77434159247993
"45055",26290,10.252523450934
"45057",19725,1.81028250878601
"45059",25679,0.00322820807584378
"45061",14621,6.97455751714885
"45063",26917,14.2355823516591
"45065",13994,0.725776086755201
"45067",17553,10.1276435080512
"45069",17246,12.6874037916625
"45071",22993,0.0254129695777898
"45073",23929,0.701643846987434
"45075",40068,16.2324895644412
"45077",18212,0.00943883888160292
"45079",27421,9.85498319094329
"45081",16399,0.971603811716861
"45083",29133,0.0326443125184475
"45085",24230,7.61844968017137
"45087",18315,0.00311903422118657
"45089",33292,13.5434561283028
"45091",24735,1.33675257700721
"46003",25331,0.0102073679087588
"46005",44935,0.0130213430452693
"46007",42291,0.205992758255707
"46009",20687,0.0811320362130183
"46011",28623,0.0527362561400524
"46013",61492,0.0535055692381699
"46015",30084,0.0191888835287056
"46017",17323,2.49507382518599
"46019",80528,0.0112661556653314
"46021",27388,0.385119669303579
"46023",40878,0.0507257670014881
"46025",34380,0.0101505580713713
"46027",14859,0.00458068891779104
"46029",25468,0.0299521925113916
"46031",89875,0.125744315576624
"46033",55388,0.69285741409526
"46035",15510,0.0301924154480463
"46037",38777,0.110040705359528
"46039",22653,0.300251261959377
"46041",86882,0.0688630449071511
"46043",15401,0.00468267255466116
"46045",40896,0.0250123456367041
"46047",62144,0.135622194431286
"46049",35736,0.0750250591342716
"46051",24437,0.114031339443196
"46053",37416,0.0234154892050693
"46055",64908,0.0294798497108383
"46057",19086,0.00433674197351914
"46059",51163,0.669210500845601
"46061",15475,0.079646117260697
"46063",95146,0.0122608148170232
"46065",28446,0.329033974280286
"46067",28943,0.0132997795364359
"46069",30779,1.08586916314088
"46071",66474,0.0460780705647153
"46073",18914,0.193546878553873
"46075",34480,0.0142069809677063
"46077",30709,0.00630867886148171
"46079",20387,0.00139978450136612
"46081",28431,0.447311711770129
"46083",20513,0
"46085",60643,0.0354129585243655
"46087",20495,0.00115015595527669
"46089",40909,0.0313906945218747
"46091",31481,0.325750031412513
"46093",123743,0.147798926451001
"46095",46581,0.0562814433724771
"46097",20324,0.00349055485403293
"46099",28930,0.000116545732780478
"46101",18507,0.00673690632339072
"46102",74486,0.428186391201412
"46103",98927,0.904445745262316
"46105",102673,0.0158864331006436
"46107",31919,0.31722306199628
"46109",40347,0.191822653407921
"46111",20269,0.237368209115593
"46115",53650,0.015703907224182
"46117",53912,0.0197238574025294
"46119",38025,0.0758645474142729
"46121",49418,0.400153654180101
"46123",57474,0.0848227248720221
"46125",21931,0.00350664598090682
"46127",16574,0.0830071482735681
"46129",26456,0.560695813099914
"46135",18900,0.00799922294874969
"46137",70011,0.0852123192164694
"47001",12254,0.0381437601881272
"47003",16858,0
"47005",15508,0
"47007",14459,4.86555652590622
"47009",20126,0.0492890913565417
"47011",11770,0.625640996541046
"47013",17696,0.384829665655369
"47015",9436,0
"47017",21322,0
"47019",12345,0.0782786873820012
"47021",10918,0
"47023",10163,0
"47025",15688,0.877172806436248
"47027",9208,0
"47029",15728,0.159385790921248
"47031",15445,0.00835028195357054
"47033",9444,0
"47035",24327,0.181879439836826
"47037",18677,0
"47039",12259,0.00317412373503414
"47041",11685,0
"47043",17443,0
"47045",18690,0
"47047",25081,0
"47049",17740,0.395743641770292
"47051",20455,0.0050513421586509
"47053",21442,0
"47055",21703,0
"47057",10747,0.00623866119426014
"47059",22179,0.000680635945473441
"47061",12821,24.0528320601547
"47063",6239,0
"47065",20448,3.7296500357155
"47067",7944,0.487105590595749
"47069",23818,0.00301379833299578
"47071",21180,0.233404778852689
"47073",17756,0.0167294126368317
"47075",18980,0
"47077",18686,0
"47079",21071,0
"47081",21775,0
"47083",7367,0
"47085",19754,0
"47087",11354,0
"47089",11177,0
"47091",10761,0.00724089293060971
"47093",18689,0
"47095",6891,0
"47097",17864,0
"47099",21969,0
"47101",10030,0
"47103",20276,0
"47105",8799,0
"47107",15354,9.60351476230673e-05
"47109",20024,0.384463808877834
"47111",10913,0
"47113",19845,0
"47115",18205,18.0540831380097
"47117",13383,0
"47119",21854,0
"47121",7698,0.0175810147636375
"47123",23182,0.00166016509285714
"47125",19317,0
"47127",4631,0
"47129",18561,0.25582750746202
"47131",19729,0
"47133",15458,0.0112034648822834
"47135",15042,0
"47137",6196,0.00553857773568536
"47139",15708,1.53382449042401
"47141",14299,0.000122890069527044
"47143",11957,0.437504376461352
"47145",14023,0.0164276875968191
"47147",16932,0
"47149",22181,0
"47151",18941,0.234593630980613
"47153",9458,24.6202098220585
"47155",21243,2.36401885343546
"47157",27725,0
"47159",11564,0
"47161",17530,0
"47163",15264,0.000283508420300871
"47165",19285,0
"47167",16649,0
"47169",4152,0
"47171",6622,0.0811836602534278
"47173",8774,0.100212566142007
"47175",9758,3.8796739737747
"47177",15423,1.80890647518921
"47179",11728,0.00257418912773617
"47181",26142,0
"47183",20674,0
"47185",13479,0.00451218706950747
"47187",20739,0
"47189",20717,0
"48001",38311,1.01092651240938
"48003",53339,0.178427508490626
"48005",30733,0.151676997693906
"48007",10333,0.0283412704542114
"48009",32892,0.65823013345864
"48011",32466,0.253631669713762
"48013",43399,0.000105937025636759
"48015",23321,0.000925424526681404
"48017",29405,0.0204354274849997
"48019",28345,1.03347799902083
"48021",31815,0.0872741753909807
"48023",32011,0.447243629068172
"48025",31271,0
"48027",38734,0.426077874176529
"48029",44619,0.0739955976689246
"48031",25347,4.17577009088475
"48033",32187,6.47425149760212
"48035",35622,0.960813657879676
"48037",32796,2.25715237684176
"48039",51838,0.361672912181251
"48041",20988,0
"48043",219954,0.0832331941446875
"48045",32036,0.514684726342874
"48047",33537,0
"48049",33999,1.82042823770377
"48051",24061,0
"48053",36300,2.12339193279487
"48055",19406,0.0105385033025497
"48057",26535,0.0592755910512779
"48059",32016,1.83354545910034
"48061",35791,0.119781166721163
"48063",7220,9.45246684194519
"48065",32831,0.266531450986869
"48067",34134,17.2620565073745
"48069",31950,0.00530474958071988
"48071",22630,2.17021131452526
"48073",37748,2.86285771036297
"48075",25359,0.200517342577159
"48077",39681,0.721831917636528
"48079",27540,0.042426182434795
"48081",32968,4.88520664947778
"48083",45526,1.64132447919678
"48085",31503,0.00349705497852874
"48087",32662,0.36807351220181
"48089",34605,0.000133053505180252
"48091",20417,1.48525597987158
"48093",33671,0.521538563770202
"48095",35301,0.49831271728261
"48097",31922,0.945142625070189
"48099",37541,0.645460082810627
"48101",32035,0.608843065648867
"48103",27927,0.0245252657284957
"48105",99750,0.735491866678127
"48107",32037,0.968073029704574
"48109",135445,0.00371189370376288
"48111",53472,0.00625689201652456
"48113",32277,0.000275168262924705
"48115",32053,0.773701786107565
"48117",53236,0.0103104719624367
"48119",9886,0.000863894856127574
"48121",33810,0.190454092056054
"48123",32344,0.000247005944880349
"48125",32157,0.938054172417324
"48127",47409,5.55691226201004e-05
"48129",33148,0.527492507686055
"48131",63788,0
"48133",33105,1.2418391727252
"48135",32034,0.0145030570206689
"48137",75314,1.19570359896596
"48139",33813,0.0032934381744907
"48141",36072,0
"48143",38722,2.18237923381261
"48145",27489,0.000466667534078443
"48147",31965,0.0130238898472925
"48149",34095,0
"48151",32037,0.1593202894673
"48153",35260,0.17532999622734
"48155",25147,0.571479559341878
"48157",31448,0.00973585605128271
"48159",10477,1.09132408955772
"48161",31688,0.0080178923120396
"48163",40299,0.000246807001436886
"48165",53392,0.538000672696215
"48167",14892,0.792949858797927
"48169",31846,4.25763489892481
"48171",37723,5.08707908647763
"48173",32009,0.229992882241655
"48175",30532,0
"48177",38017,0
"48179",33012,0.0407632593439534
"48181",34777,0.166974459633299
"48183",9797,12.3391090356019
"48185",28478,0.00669660195012339
"48187",25403,0.00570630510675653
"48189",35694,0.00189952968722966
"48191",32121,0.54501403142279
"48193",29720,0.618180256059535
"48195",32704,0.0077865381605689
"48197",24755,0.272097936323308
"48199",31887,2.36314893114279
"48201",62952,0.0076497371187439
"48203",32543,8.44846241962828
"48205",51980,0.00913320002153833
"48207",32340,0.0904432568236899
"48209",24119,1.67222318923812
"48211",32407,0.221493884313785
"48213",33742,0.617975060951111
"48215",56207,0.0143675283383473
"48217",35019,0.0603594943976578
"48219",32277,0.0448337504187364
"48221",15512,1.68053491448842
"48223",28139,0.0190307410674067
"48225",43932,0.123486838062179
"48227",32127,1.20433673076775
"48229",162388,3.59007395564058e-06
"48231",31354,0.00222993440710563
"48233",31799,0.308663579408723
"48235",37367,6.60166526030192
"48237",32696,3.68534157108996
"48239",30454,0.0312248945296356
"48241",34467,5.51610168923836
"48243",80453,0.234790036636679
"48245",35017,10.0868501689469
"48247",40360,0.000458290785497613
"48249",30851,0.000908110282321734
"48251",26082,0.240857613716881
"48253",33291,0.226709399421363
"48255",26770,0
"48257",28648,0.000277998089317371
"48259",23551,3.46370431231177
"48261",54853,0.000408912107828225
"48263",32076,1.64342507940692
"48265",39344,2.48738026688444
"48267",44458,1.4672358186907
"48269",32441,1.10228840430959
"48271",48505,0.0826717576824867
"48273",32263,0.000861986361733632
"48275",30394,0.747723798639638
"48277",33121,0.0964428619340248
"48279",36161,0.0670853364674766
"48281",25341,0.625410539844709
"48283",53080,0
"48285",34472,0.00119282259355907
"48287",22526,0.000741677395743511
"48289",38386,0.00461708245565796
"48291",41798,0.305167747817699
"48293",33155,0.000713227499294966
"48295",33122,0.0329322481844225
"48297",38331,0
"48299",34314,6.21283722917267
"48301",24027,0.000156142757569638
"48303",31997,0.0232994544264269
"48305",31748,0.172603601651467
"48307",38138,1.95327746719913
"48309",37669,0.0320968566492321
"48311",41095,0
"48313",16775,0.00589085746993405
"48315",14935,12.2138661254779
"48317",32531,0.280225815778817
"48319",33115,4.08901888728865
"48321",49103,0.00168831593109597
"48323",45871,0
"48325",47415,0.275883602413935
"48327",32058,1.31749083015497
"48329",32050,0.240536342656993
"48331",36273,0.00120684143992329
"48333",26637,0.72475049489277
"48335",32535,3.43253494725859
"48337",33319,2.0209289289162
"48339",38279,0.0892760216929711
"48341",32317,1.29112280560666
"48343",9179,8.29810972401643
"48345",35170,0.828726671937567
"48347",34852,0.13308610840786
"48349",38579,0.0024826896250963
"48351",33354,0.0416737865617193
"48353",32477,3.92715642769571
"48355",30979,0.0187886203289139
"48357",32620,0.039046703211509
"48359",53343,0.203392172184606
"48361",13486,1.9395476249926
"48363",35008,3.36314465426729
"48365",29183,2.55977166062488
"48367",32338,2.27186491895811
"48369",31447,0.00275270324168784
"48371",169274,0.0487787505298162
"48373",39395,0.171773200123498
"48375",32756,2.03572776310136
"48377",136958,0.0693050215467656
"48379",9175,0.002035274310806
"48381",32767,0.0701192271966894
"48383",41784,0.110112499053932
"48385",24871,1.34256067008105
"48387",37574,1.19043931295819
"48389",93871,0.00245633288432375
"48391",27911,0
"48393",32836,0.0350044587311743
"48395",30762,0
"48397",5255,0
"48399",37551,0.71654919946924
"48401",33324,7.55833896858845
"48403",20474,0.143941702658443
"48405",21054,0.0491429118363069
"48407",22311,0.667204028994832
"48409",25091,0.0775112162281313
"48411",40460,2.39264737993111
"48413",46566,3.1151934787382
"48415",32242,2.24146701800292
"48417",32523,1.90912715683178
"48419",29642,0.0177755038446848
"48421",32796,7.76048451934773e-05
"48423",33739,6.47385959856313
"48425",6817,1.26823199479821
"48427",43674,0.000243225245970502
"48429",32740,1.76326231130209
"48431",32810,6.18663992990215
"48433",32701,0.501933133590028
"48435",51673,1.7512619834491
"48437",32002,0.0505728046476081
"48439",32112,0.146509628231523
"48441",32665,2.62770984819724
"48443",83772,0.0116843300784587
"48445",31649,0.0188110540457734
"48447",32527,0.7795515130408
"48449",15125,3.17923719555015
"48451",54734,4.42740040553977
"48453",36430,0.622456630894741
"48455",25386,0.0773358997101788
"48457",33242,3.63177097095969
"48459",21061,12.5502149084384
"48461",44099,0.0110259610792052
"48463",55374,0.288062145325947
"48465",114838,1.1728572549934
"48467",30556,0.0749482784172229
"48469",31582,0.0278286259505683
"48471",28449,0.13583170390597
"48473",18403,0.00361174871822984
"48475",29689,0.00221830121573062
"48477",22095,0
"48479",119944,0
"48481",38873,0.00103922925641519
"48483",32529,0.213252742858999
"48485",22485,0.214269246914651
"48487",34745,0.190214037438146
"48489",22495,0.0717312056146105
"48491",40220,0.564967717653172
"48493",28724,0
"48495",29890,0.000690012218860865
"48497",32780,2.93975682972008
"48499",24723,5.32560415258557
"48501",28413,0.320500870502624
"48503",33066,1.39670612852845
"48505",37568,0
"48507",46246,0.000590943511611504
"49001",91837,0
"49003",239066,0.10348215882652
"49005",41683,0.0534662253472486
"49007",52766,1.5426778238398
"49009",25607,1.27626547690692
"49011",22563,2.12635250811833
"49013",115481,1.31012355580825
"49015",158897,0.482755785459613
"49017",185035,0.365711842883412
"49019",130899,0.76635740622246
"49021",117271,0.531647442823583
"49023",120995,0.467595312227748
"49025",145962,1.19678287596971
"49027",242910,0
"49029",21708,11.204518585237
"49031",27226,0.0358410452541117
"49033",38585,0.0283779820267276
"49035",28618,8.32582103790947
"49037",281841,0.379093618147807
"49039",56928,1.19855023512904
"49041",68139,0.546840363110259
"49043",66821,5.49395074677734
"49045",258862,0.0518767239890153
"49047",160015,0.728034588127786
"49049",76188,7.9562775322133
"49051",42907,5.05512353397659
"49053",86345,5.41605194995075
"49055",87657,0.127652263935157
"49057",23446,9.3103584048144
"50001",28690,0
"50003",24069,0
"50005",23364,0
"50007",22028,0
"50009",23932,0
"50011",24466,0
"50013",6908,0
"50015",16594,0
"50017",24573,0
"50019",25646,0
"50021",33558,0.000189035220576808
"50023",24679,0
"50025",28357,0
"50027",34722,0
"51001",20039,0
"51003",25795,0.0575575777444172
"51005",15980,0
"51007",12738,0
"51009",17025,0.0106472445116956
"51011",11920,0
"51013",929,0
"51015",34500,0.0606433474045214
"51017",18979,0.00490177314431908
"51019",27588,0.132944124725483
"51021",12752,4.02238136342943e-05
"51023",19391,0.0307407300686245
"51025",20238,0
"51027",17901,0.458337999866529
"51029",20722,0.000421159768713094
"51031",17995,0.000443867096444656
"51033",19070,0
"51035",16968,0
"51036",7107,0
"51037",16971,0.00108147351805022
"51041",15512,0
"51043",6321,0.0452625950279175
"51045",11692,0.00224676399863959
"51047",13599,0.011165707243966
"51049",10667,0
"51051",11842,0.983483124083179
"51053",18014,0
"51057",9495,0
"51059",14285,0
"51061",23148,0.0176799621403384
"51063",13558,0
"51065",10348,0.00459340822264066
"51067",25286,0.00422120535492524
"51069",14748,0.0860388437351898
"51071",12843,0.00199519728598232
"51073",8819,0.0304067418491018
"51075",10321,0
"51077",15830,0.064485598903979
"51079",5561,0.135463014057761
"51081",10532,0
"51083",29469,6.88411295016136e-06
"51085",16803,0
"51087",8701,0
"51089",13662,0.00330142106562292
"51091",14774,0.00712523236736027
"51093",11469,0
"51095",5546,0.0487422577649423
"51097",11596,0.0404807390302036
"51099",6615,0
"51101",10164,0.0101789014078467
"51103",5094,0
"51105",15530,1.70780836408673
"51107",18530,0.0110721149390536
"51109",18099,0.0030242148949752
"51111",15361,0
"51113",11432,0.066561100500986
"51115",3483,0
"51117",24129,0
"51119",4960,0
"51121",13826,0.00104291485839408
"51125",16837,0.0216407960545775
"51127",7950,0.00313254817863711
"51131",12294,0
"51133",7525,0
"51135",11229,0
"51137",12210,0.0138186947054858
"51139",11119,0.125061477354289
"51141",17251,0
"51143",34745,0.00145281073329759
"51145",9317,0
"51147",12563,0
"51149",10015,0
"51153",12169,1.32216167925552e-05
"51155",11710,0
"51157",9500,0.117749484192813
"51159",6998,0
"51161",8942,0.00578848991946376
"51163",21312,0.150114580405948
"51165",30342,0.102977321449331
"51167",16929,0.101700663276636
"51169",19146,0.0452265887779885
"51171",18194,0.204534236699835
"51173",16082,0.0343332871104448
"51175",21422,0
"51177",14723,0
"51179",9908,0
"51181",10074,0.00247698982860638
"51183",17505,0
"51185",18468,0.0496230921292429
"51187",7734,0.0468768680163061
"51191",20121,0.0439088342470966
"51193",8659,0
"51195",14412,1.40851606055621
"51197",16517,0
"51199",4430,0.242175486126291
"51510",544,0
"51520",456,0
"51530",236,0.145766345123258
"51540",363,0
"51550",12468,0.103400864872457
"51570",275,0
"51580",198,0
"51590",1557,0
"51595",248,0
"51600",224,0
"51610",70,0
"51620",296,0
"51630",370,0
"51640",294,0
"51650",2091,0
"51660",614,0.0251786242592085
"51670",388,0
"51678",93,0.120347896440129
"51680",1765,0
"51683",348,0
"51685",109,0
"51690",393,0
"51700",2504,0.027174237150872
"51710",2202,0
"51720",265,0.678595688132068
"51730",815,0
"51735",724,0.445276548898086
"51740",1395,0
"51750",355,0
"51760",2222,0
"51770",1515,0.000112929023398795
"51775",520,0.0131529028005092
"51790",709,0.0242363933796611
"51800",14787,0.172376024188689
"51810",10894,0.0122866230622662
"51820",532,0.036519871106337
"51830",323,0.0503653544231362
"51840",327,0.0146004852715397
"53001",68555,0.0657697908397181
"53003",22757,2.31001669637758
"53005",62522,0.135315152284251
"53007",106385,18.7724151441447
"53009",63003,0
"53011",23291,0.0370454247998249
"53013",31028,8.68432401116883
"53015",41441,0
"53017",65682,0.4126962419504
"53019",80184,2.53283803420289
"53021",44950,0.0386795028482295
"53023",25519,2.59767931200924
"53025",99172,0.0693491781116603
"53027",68776,0
"53029",7531,0
"53031",64966,0
"53033",77856,3.97391440004495
"53035",15424,0
"53037",82865,19.1730949329069
"53039",67671,5.39285513962152
"53041",86560,3.25613816926007
"53043",83132,0.152423125238944
"53045",35587,0
"53047",188761,3.0256662598224
"53049",33551,0
"53051",50646,2.73174531430629
"53053",60349,5.14088897467987
"53055",6871,0
"53057",62380,3.31523738515049
"53059",59921,9.22018866700266
"53061",75023,5.56666139686178
"53063",63280,0.257847202018247
"53065",90231,1.74854191116411
"53067",27008,0
"53069",9824,0
"53071",46135,0.84910915900318
"53073",76897,2.09176157076199
"53075",77379,0.0454409814735384
"53077",153135,14.6813238168306
"54001",12183,0
"54003",11427,0.00334725056375779
"54005",17893,0.588108701276855
"54007",18337,0
"54009",3286,0
"54011",10226,0.194907009102299
"54013",9974,0
"54015",12210,1.49372170097559e-05
"54017",11384,0
"54019",23746,0.0461427897834082
"54021",12088,0
"54023",17073,0.0588878263490863
"54025",36411,0.0079407815063186
"54027",22899,0.0859098541126895
"54029",3129,0
"54031",20762,0.0482876310576165
"54033",14799,0
"54035",16756,0
"54037",7529,0.00339247626219109
"54039",32359,0.0484312804962395
"54041",13862,0
"54043",15576,1.3523785091028
"54045",16187,1.74057247989546
"54047",19003,0.1168156131911
"54049",11076,0
"54051",11086,0
"54053",15798,0
"54055",14939,0.357038359877928
"54057",11696,0.0103484832749778
"54059",15040,2.73326689210542
"54061",12992,0
"54063",16829,0.0701919306023409
"54065",8150,0
"54067",23249,0.0108890580828869
"54069",3875,0
"54071",24813,0.0258213145727076
"54073",4778,0
"54075",33455,0.000446938229268958
"54077",23138,0
"54079",12459,0.0112534016020475
"54081",21648,0.424864321433817
"54083",36950,0
"54085",16113,0
"54087",17180,0
"54089",13066,0.166643138743954
"54091",6244,0
"54093",14960,3.89288421742781e-06
"54095",9259,0
"54097",12581,0
"54099",18199,1.93026366060687
"54101",19765,0
"54103",12835,0
"54105",8346,0
"54107",13381,0
"54109",17838,0.557508002394386
"55001",24425,0.170902994277979
"55003",34653,0
"55005",31607,0
"55007",53408,0
"55009",18992,0
"55011",25222,0
"55013",31274,0.0242380997049317
"55015",14110,0
"55017",36993,0
"55019",43297,0
"55021",28280,0.0295013555845262
"55023",21298,0
"55025",43955,0
"55027",32228,0
"55029",17283,0
"55031",47515,0
"55033",30696,0
"55035",22922,0
"55037",17673,0
"55039",27206,0
"55041",37171,0
"55043",42033,0
"55045",20774,0
"55047",13500,0.0630805033727462
"55049",27292,0
"55051",28504,0
"55053",35558,0.00198614818620677
"55055",20703,0
"55057",28604,0.032623793856597
"55059",9889,0
"55061",12215,0
"55063",17050,0
"55065",22543,0
"55067",31537,0
"55069",32220,0
"55071",21148,0
"55073",56008,0
"55075",50793,0
"55077",16510,0.284393737945852
"55078",12968,0
"55079",8593,0
"55081",32255,0.000256536803348265
"55083",36120,0
"55085",43947,0
"55087",22900,0
"55089",8345,0
"55091",8822,0
"55093",21070,0
"55095",33981,0.00269894631274847
"55097",29228,0.00508370519106992
"55099",45396,0
"55101",12086,0
"55103",20937,0
"55105",25803,0
"55107",33079,0
"55109",26098,0.00122263699591964
"55111",30177,0.00167440591353624
"55113",47975,0
"55115",32307,0
"55117",18380,0
"55119",34976,0
"55121",26353,0
"55123",29006,0
"55125",36153,0
"55127",20484,0
"55129",30322,0
"55131",15474,0
"55133",20627,0
"55135",27184,0.00022539715163799
"55137",22642,0.156232129216025
"55139",20557,0.000253804085197925
"55141",28753,0.0173109425050948
"56001",153077,0.258257430186946
"56003",112220,0.837751335369719
"56005",170765,0.024845142745722
"56007",282951,0.544174333480776
"56009",151523,0.375098547205174
"56011",101795,0.0110463845501718
"56013",329195,2.0023483954375
"56015",79301,0.000869424017296321
"56017",71280,0.256335511402322
"56019",148315,0.883005014735236
"56021",95490,0.025143568963012
"56023",145479,0.879538862757025
"56025",190988,0.226910330579107
"56027",93368,0.00655343406092287
"56029",247445,7.50689936305102
"56031",74988,0.0282766353930759
"56033",89753,3.01508422660643
"56035",175356,2.82604597513836
"56037",372728,0.00768717364512037
"56039",149841,7.76273129642339
"56041",74186,0.260319084298393
"56043",79678,0.219530683976797
"56045",85269,0.0297107338271429
